_id , bat60_name , RA , Dec , LII , BII , Flux_15-55keV , Type , Redshift , other_name
1 , "J0004.2+7018 " , 1.05 , 70.3 , "118.93" , "7.79" , "(7.6+/-1.4)x10-12" , "AGN " , 0.096 , " -- "
2 , "J0006.2+2010 " , 1.57083 , 20.168 , "108.74" , "-41.46" , "(10.6+/-1.6)x10-12" , "Sy1 " , 0.025 , " -- "
3 , "J0010.4+1056 " , 2.62167 , 10.947 , "106.95" , "-50.65" , "(18.5+/-1.7)x10-12" , "BLAZAR" , 0.089 , "BZQ (FSRQ)"
4 , "J0018.9+8135 " , 4.73167 , 81.592 , "121.68" , "18.8" , "(9.4+/-1.4)x10-12" , "BLAZAR" , 3.36 , "BZQ (FSRQ)"
5 , "J0021.2-1908 " , 5.3 , -19.15 , "80.31" , "-79.43" , "(9.2+/-1.8)x10-12" , "AGN " , 0.095 , " -- "
6 , "J0025.0+6826 " , 6.26375 , 68.436 , "120.5" , "5.69" , "(7.8+/-1.4)x10-12" , "Sy2 " , 0.012 , " -- "
7 , "J0033.4+6125 " , 8.35083 , 61.431 , "120.77" , "-1.37" , "(10.1+/-1.4)x10-12" , "AGN " , 0.105 , " -- "
8 , "J0034.6-0423 " , 8.65083 , -4.4 , "112.17" , "-66.92" , "(9.2+/-1.8)x10-12" , "AGN " , 0 , " -- "
9 , "J0035.8+5951 " , 8.965 , 59.852 , "120.97" , "-2.96" , "(20.5+/-1.4)x10-12" , "BLAZAR" , 0.086 , "BZB (BL Lac)"
10 , "J0038.5+2336 " , 9.64792 , 23.6 , "119.13" , "-39.18" , "(10.1+/-1.6)x10-12" , "AGN " , 0.024 , " -- "
11 , "J0042.8-2332 " , 10.70083 , -23.548 , "93.88" , "-85.93" , "(25.2+/-1.7)x10-12" , "Sy2 " , 0.022 , " -- "
12 , "J0048.7+3157 " , 12.19 , 31.964 , "122.27" , "-30.91" , "(83.1+/-1.6)x10-12" , "Sy2 " , 0.015 , "BZU (uncertain type)"
13 , "J0051.9+1725 " , 12.99875 , 17.427 , "123.12" , "-45.45" , "(18.5+/-1.7)x10-12" , "Sy1 " , 0.064 , " -- "
14 , "J0059.9+3150 " , 14.98292 , 31.844 , "125.03" , "-31" , "(15.7+/-1.6)x10-12" , "Sy1 " , 0.015 , " -- "
15 , "J0100.8-4747 " , 15.2 , -47.8 , "298.49" , "-69.25" , "(7.1+/-1.4)x10-12" , "AGN " , 0.048 , " -- "
16 , "J0105.5-1415 " , 16.37792 , -14.257 , "137.93" , "-76.72" , "(11.3+/-1.7)x10-12" , "Sy1 " , 0.067 , " -- "
17 , "J0108.8+1321 " , 17.20167 , 13.352 , "129.41" , "-49.3" , "(16.7+/-1.7)x10-12" , "Sy2 " , 0.06 , " -- "
18 , "J0111.5-3805 " , 17.88 , -38.094 , "283.15" , "-78.26" , "(14.7+/-1.5)x10-12" , "Sy2 " , 0.012 , " -- "
19 , "J0113.9-1450 " , 18.49167 , -14.849 , "147.18" , "-76.65" , "(12.9+/-1.7)x10-12" , "Sy1 " , 0.052 , " -- "
20 , "J0114.4-3235 " , 18.6 , -32.6 , "262.02" , "-82.61" , "(8.3+/-1.6)x10-12" , "Sy2 " , 0.012 , " -- "
21 , "J0114.4-5522 " , 18.6 , -55.378 , "296.1" , "-61.45" , "(8.4+/-1.3)x10-12" , "Sy2 " , 0.012 , " -- "
22 , "J0123.0+3421 " , 20.75083 , 34.351 , "130.31" , "-28.07" , "(10.4+/-1.7)x10-12" , "BLAZAR" , 0.272 , "BZB (BL Lac)"
23 , "J0124.4+3346 " , 21.10292 , 33.777 , "130.73" , "-28.6" , "(11+/-1.6)x10-12" , "Sy2 " , 0.02 , " -- "
24 , "J0123.8-3503 " , 20.96875 , -35.06 , "263.75" , "-79.47" , "(30+/-1.5)x10-12" , "Sy1.5 " , 0.019 , " -- "
25 , "J0123.8-5847 " , 20.95375 , -58.798 , "295.05" , "-57.84" , "(26.9+/-1.3)x10-12" , "Sy1 " , 0.047 , " -- "
26 , "J0127.9-1850 " , 21.98167 , -18.838 , "170.17" , "-78.21" , "(12.6+/-1.6)x10-12" , "Sy1 " , 0.043 , " -- "
27 , "J0128.4+1630 " , 22.1 , 16.5 , "135.61" , "-45.46" , "(9.2+/-1.7)x10-12" , "GiP " , 0.039 , " -- "
28 , "J0134.0-3628 " , 23.50792 , -36.482 , "261.58" , "-77.01" , "(23.2+/-1.5)x10-12" , "RG " , 0.03 , " -- "
29 , "J0134.8-0430 " , 23.7 , -4.5 , "149.39" , "-65.12" , "(9.4+/-1.7)x10-12" , "Sy1 " , 0.079 , " -- "
30 , "J0138.6-3959 " , 24.66167 , -39.996 , "268.67" , "-73.84" , "(30+/-1.4)x10-12" , "Sy2 " , 0.025 , " -- "
31 , "J0140.4-5317 " , 25.1 , -53.3 , "287.11" , "-62.31" , "(7+/-1.3)x10-12" , "AGN " , 0.072 , " -- "
32 , "J0142.7+0118 " , 25.7 , 1.3 , "148.48" , "-59" , "(9.1+/-1.7)x10-12" , "Sy1 " , 0.05 , " -- "
33 , "J0151.8-3607 " , 27.96792 , -36.133 , "251.72" , "-74.34" , "(7.9+/-1.5)x10-12" , "Sy1 " , 0.033 , " -- "
34 , "J0153.1-0327 " , 28.29667 , -3.451 , "157.52" , "-62.1" , "(13.3+/-1.7)x10-12" , "Sy2 " , 0.017 , " -- "
35 , "J0155.1-2705 " , 28.79875 , -27.099 , "216.45" , "-75.83" , "(9.9+/-1.5)x10-12" , "QSO " , 0.151 , " -- "
36 , "J0201.4-0649 " , 30.35583 , -6.825 , "165.4" , "-63.77" , "(38.6+/-1.7)x10-12" , "Sy2 " , 0.014 , " -- "
37 , "J0203.4-2400 " , 30.85167 , -24 , "206.01" , "-73.49" , "(8.7+/-1.5)x10-12" , "Sy1 " , 0.178 , " -- "
38 , "J0206.6-0017 " , 31.66667 , -0.296 , "159.98" , "-57.66" , "(15.2+/-1.7)x10-12" , "Sy1.5 " , 0.042 , " -- "
39 , "J0207.3+2930 " , 31.82875 , 29.504 , "142.1" , "-30.53" , "(12.9+/-1.7)x10-12" , "BLAZAR" , 0.11 , " -- "
40 , "J0209.9+5227 " , 32.49167 , 52.455 , "134.88" , "-8.59" , "(30.3+/-1.6)x10-12" , "Sy1 " , 0.049 , " -- "
41 , "J0215.2-0044 " , 33.8 , -0.749 , "163.71" , "-56.84" , "(10.1+/-1.7)x10-12" , "Sy1.2 " , 0.026 , " -- "
42 , "J0216.4+5125 " , 34.10167 , 51.424 , "136.16" , "-9.25" , "(9+/-1.6)x10-12" , "Sy2 " , 0.029 , " -- "
43 , "J0217.8+7348 " , 34.47083 , 73.816 , "128.95" , "11.96" , "(15.3+/-1.5)x10-12" , "BLAZAR" , 2.36 , "BZQ (FSRQ)"
44 , "J0215.2-6430 " , 33.8 , -64.5 , "288.99" , "-50.31" , "(7+/-1.3)x10-12" , "Sy1 " , 0.074 , " -- "
45 , "J0225.3+1848 " , 36.33167 , 18.802 , "151.84" , "-38.75" , "(14.6+/-1.7)x10-12" , "BLAZAR" , 2.6 , "BZQ (FSRQ)"
46 , "J0225.8-6314 " , 36.47167 , -63.242 , "286.37" , "-50.75" , "(8.2+/-1.3)x10-12" , "Sy1 " , 0.058 , " -- "
47 , "J0227.0-2820 " , 36.75083 , -28.348 , "221.8" , "-68.86" , "(8.3+/-1.5)x10-12" , "Sy1 " , 0.06 , " -- "
48 , "J0228.5+3119 " , 37.14292 , 31.32 , "146.18" , "-27.13" , "(38.5+/-1.8)x10-12" , "Sy1.5 " , 0.017 , " -- "
49 , "J0232.3-3639 " , 38.07792 , -36.659 , "243.31" , "-66.66" , "(9.2+/-1.4)x10-12" , "Sy2 " , 0.017 , " -- "
50 , "J0233.1+2017 " , 38.27875 , 20.3 , "153.01" , "-36.57" , "(16.6+/-1.8)x10-12" , "BLAZAR" , 0.14 , "BZB (BL Lac)"
51 , "J0233.4+2754 " , 38.35292 , 27.9 , "148.92" , "-29.78" , "(10.3+/-1.8)x10-12" , "Sy1 " , 0.038 , " -- "
52 , "J0234.6+3229 " , 38.66583 , 32.492 , "146.94" , "-25.53" , "(16.4+/-1.8)x10-12" , "Sy2 " , 0.017 , " -- "
53 , "J0235.0-0845 " , 38.76 , -8.764 , "180.92" , "-59.4" , "(20.7+/-1.6)x10-12" , "Sy1 " , 0.043 , " -- "
54 , "J0235.6-2938 " , 38.9 , -29.648 , "225.37" , "-67.01" , "(7.8+/-1.4)x10-12" , "Sy1.9 " , 0.059 , "BZB (BL Lac)"
55 , "J0238.4-5214 " , 39.62375 , -52.237 , "271.66" , "-57.91" , "(14.4+/-1.3)x10-12" , "Sy1 " , 0.045 , " -- "
56 , "J0239.2-4042 " , 39.80292 , -40.701 , "251.32" , "-64.01" , "(9.5+/-1.4)x10-12" , "Sy1 " , 0.061 , " -- "
57 , "J0241.5-0814 " , 40.39667 , -8.249 , "182.15" , "-57.83" , "(13.6+/-1.6)x10-12" , "Sy2 " , 0.005 , " -- "
58 , "J0243.0-0000 " , 40.75792 , -0.01 , "172.2" , "-51.88" , "(20.4+/-1.7)x10-12" , "Sy2 " , 0.004 , " -- "
59 , "J0245.2+6228 " , 41.32375 , 62.477 , "135.66" , "2.45" , "(48+/-1.5)x10-12" , "Sy1 " , 0.044 , " -- "
60 , "J0249.2+2628 " , 42.32 , 26.483 , "153.26" , "-29.36" , "(13.5+/-1.8)x10-12" , "AGN " , 0.058 , " -- "
61 , "J0250.5+4650 " , 42.64875 , 46.847 , "143.2" , "-11.28" , "(10.6+/-1.7)x10-12" , "AGN " , 0 , " -- "
62 , "J0250.9+5442 " , 42.74875 , 54.703 , "139.71" , "-4.23" , "(12.1+/-1.6)x10-12" , "Sy2 " , 0.015 , " -- "
63 , "J0252.0-1642 " , 43 , -16.7 , "198.7" , "-60.26" , "(8.1+/-1.5)x10-12" , "Sy2 " , 0.011 , " -- "
64 , "J0252.7-0831 " , 43.18375 , -8.518 , "185.65" , "-55.83" , "(12.9+/-1.6)x10-12" , "Sy2 " , 0.017 , " -- "
65 , "J0255.5-0010 " , 43.89875 , -0.175 , "175.97" , "-49.82" , "(42.1+/-1.7)x10-12" , "Sy2 " , 0.029 , " -- "
66 , "J0256.6-3214 " , 44.15375 , -32.239 , "231.21" , "-62.44" , "(13.1+/-1.4)x10-12" , "Sy2 " , 0.016 , " -- "
67 , "J0259.0-5717 " , 44.75083 , -57.3 , "275.06" , "-52.37" , "(7+/-1.3)x10-12" , "AGN " , 0.043 , " -- "
68 , "J0300.5+1634 " , 45.13375 , 16.567 , "162.32" , "-36.25" , "(9.4+/-1.8)x10-12" , "Sy1 " , 0.035 , " -- "
69 , "J0300.4-1048 " , 45.10083 , -10.801 , "190.89" , "-55.58" , "(11.5+/-1.6)x10-12" , "Sy1 " , 0.032 , " -- "
70 , "J0304.1-0107 " , 46.04167 , -1.122 , "179.28" , "-48.91" , "(12.6+/-1.7)x10-12" , "Sy1 " , 0.013 , " -- "
71 , "J0308.3-7247 " , 47.1 , -72.8 , "290.23" , "-40.79" , "(6.9+/-1.4)x10-12" , "Sy1 " , 0.028 , " -- "
72 , "J0311.6-2046 " , 47.91875 , -20.78 , "209.38" , "-57.45" , "(11.7+/-1.4)x10-12" , "Sy1 " , 0.066 , " -- "
73 , "J0312.4-7651 " , 48.12167 , -76.853 , "293.39" , "-37.55" , "(9.2+/-1.4)x10-12" , "BLAZAR" , 0.223 , "BZQ (FSRQ)"
74 , "J0318.9+6830 " , 49.75 , 68.5 , "135.81" , "9.4" , "(8.4+/-1.5)x10-12" , "Sy1 " , 0.09 , " -- "
75 , "J0320.0+4130 " , 50.01375 , 41.507 , "150.61" , "-13.24" , "(71.6+/-1.8)x10-12" , "Sy2 " , 0.018 , "BZU (uncertain type)"
76 , "J0325.1+3410 " , 51.27583 , 34.174 , "155.8" , "-18.71" , "(15.5+/-1.9)x10-12" , "Sy1 " , 0.063 , " -- "
77 , "J0325.3+4042 " , 51.35 , 40.7 , "151.94" , "-13.35" , "(10.5+/-1.9)x10-12" , "Sy2 " , 0.048 , " -- "
78 , "J0331.2+0538 " , 52.8 , 5.649 , "178.64" , "-39.36" , "(10.4+/-1.8)x10-12" , "Sy1 " , 0.043 , " -- "
79 , "J0333.6+3716 " , 53.40083 , 37.274 , "155.34" , "-15.19" , "(15.6+/-1.9)x10-12" , "Sy1 " , 0.057 , " -- "
80 , "J0333.7-3607 " , 53.44375 , -36.129 , "237.93" , "-54.57" , "(35+/-1.3)x10-12" , "Sy1.8 " , 0.005 , " -- "
81 , "J0336.7+3218 " , 54.18375 , 32.301 , "159.04" , "-18.74" , "(19.7+/-2)x10-12" , "BLAZAR" , 1.258 , "BZQ (FSRQ)"
82 , "J0342.3-2114 " , 55.59583 , -21.245 , "213.86" , "-50.76" , "(21.7+/-1.4)x10-12" , "Sy1 " , 0.014 , " -- "
83 , "J0347.4-3030 " , 56.85083 , -30.5 , "228.7" , "-51.55" , "(7.4+/-1.4)x10-12" , "Sy1 " , 0.095 , " -- "
84 , "J0349.7-1200 " , 57.45 , -12 , "202" , "-45.63" , "(8.7+/-1.6)x10-12" , "BLAZAR" , 0.188 , " -- "
85 , "J0350.9-5021 " , 57.72875 , -50.351 , "259.71" , "-48.91" , "(10.9+/-1.3)x10-12" , "AGN " , 0.036 , " -- "
86 , "J0354.4+0254 " , 58.6 , 2.9 , "186.03" , "-36.68" , "(9.7+/-1.9)x10-12" , "Sy1 " , 0.036 , " -- "
87 , "J0353.2-6831 " , 58.31083 , -68.532 , "282.79" , "-40.76" , "(9.8+/-1.3)x10-12" , "BLAZAR" , 0.087 , " -- "
88 , "J0357.0-4041 " , 59.25292 , -40.7 , "244.84" , "-49.71" , "(7.6+/-1.3)x10-12" , "Sy " , 0.075 , " -- "
89 , "J0357.0-6253 " , 59.25083 , -62.9 , "275.99" , "-43.29" , "(6.9+/-1.3)x10-12" , "AGN " , 0 , " -- "
90 , "J0359.4-3014 " , 59.85292 , -30.248 , "228.8" , "-48.95" , "(8.3+/-1.4)x10-12" , "AGN " , 0 , " -- "
91 , "J0402.6-1805 " , 60.66875 , -18.085 , "211.72" , "-45.22" , "(13.9+/-1.5)x10-12" , "Sy2 " , 0.026 , " -- "
92 , "J0406.0-1305 " , 61.5 , -13.1 , "205.77" , "-42.55" , "(8.2+/-1.6)x10-12" , "BLAZAR" , 0.571 , " -- "
93 , "J0407.5+0341 " , 61.885 , 3.692 , "187.65" , "-33.58" , "(16.6+/-1.9)x10-12" , "Sy2 " , 0.089 , " -- "
94 , "J0415.1-0757 " , 63.79875 , -7.951 , "201.07" , "-38.21" , "(14.3+/-1.7)x10-12" , "Sy1 " , 0.038 , " -- "
95 , "J0418.5+3801 " , 64.64292 , 38.019 , "161.71" , "-8.8" , "(70.7+/-2)x10-12" , "Sy1 " , 0.049 , " -- "
96 , "J0420.0-5456 " , 65.00583 , -54.948 , "264.32" , "-43.39" , "(9.4+/-1.3)x10-12" , "Sy1 " , 0.005 , " -- "
97 , "J0423.8+0409 " , 65.95292 , 4.151 , "189.99" , "-30.01" , "(12+/-2)x10-12" , "Sy2 " , 0.046 , " -- "
98 , "J0422.7-5613 " , 65.69792 , -56.218 , "265.86" , "-42.69" , "(10+/-1.3)x10-12" , "Sy2 " , 0.043 , " -- "
99 , "J0426.4-5711 " , 66.62292 , -57.199 , "266.96" , "-41.94" , "(14.5+/-1.3)x10-12" , "Sy1 " , 0.104 , " -- "
100 , "J0433.4+0522 " , 68.37167 , 5.368 , "190.4" , "-27.33" , "(51.5+/-2)x10-12" , "Sy1 " , 0.033 , "BZU (uncertain type)"
101 , "J0436.4-1023 " , 69.1 , -10.4 , "206.74" , "-34.67" , "(8.8+/-1.8)x10-12" , "Sy1 " , 0.036 , " -- "
102 , "J0438.5-1048 " , 69.62667 , -10.802 , "207.46" , "-34.38" , "(14+/-1.8)x10-12" , "Sy1 " , 0.036 , " -- "
103 , "J0440.8-5942 " , 70.2 , -59.7 , "269.53" , "-39.5" , "(6.5+/-1.3)x10-12" , "Sy2 " , 0.058 , " -- "
104 , "J0444.0+2859 " , 71.01875 , 28.987 , "172.11" , "-10.94" , "(24.9+/-2.1)x10-12" , "Sy1 " , 0.022 , " -- "
105 , "J0444.3+2812 " , 71.085 , 28.207 , "172.76" , "-11.39" , "(24.9+/-2.1)x10-12" , "Sy2 " , 0.01 , " -- "
106 , "J0444.8-2812 " , 71.21667 , -28.215 , "228.56" , "-38.84" , "(9.8+/-1.4)x10-12" , "Sy2 " , 0.147 , " -- "
107 , "J0452.3+4932 " , 73.07875 , 49.546 , "157.27" , "3.45" , "(30.6+/-1.8)x10-12" , "Sy1 " , 0.029 , " -- "
108 , "J0451.9-0349 " , 72.98167 , -3.821 , "201.98" , "-28.22" , "(14.1+/-1.9)x10-12" , "Sy1 " , 0.013 , " -- "
109 , "J0451.8-5809 " , 72.95292 , -58.152 , "267.2" , "-38.43" , "(9+/-1.3)x10-12" , "Sy1 " , 0.09 , " -- "
110 , "J0453.6+0404 " , 73.40083 , 4.071 , "194.65" , "-23.85" , "(17.6+/-2)x10-12" , "Sy2 " , 0.03 , " -- "
111 , "J0500.1+3503 " , 75.03167 , 35.067 , "169.48" , "-4.48" , "(11.9+/-2.1)x10-12" , "BLAZAR" , 1.479 , " -- "
112 , "J0500.2+2702 " , 75.05 , 27.05 , "175.9" , "-9.35" , "(13.8+/-2.2)x10-12" , "RG " , 0 , " -- "
113 , "J0455.8-7531 " , 73.975 , -75.523 , "287.74" , "-33.3" , "(11.8+/-1.4)x10-12" , "Sy2 " , 0.018 , " -- "
114 , "J0503.0+2259 " , 75.775 , 22.999 , "179.6" , "-11.24" , "(14.5+/-2.2)x10-12" , "Sy1 " , 0.058 , " -- "
115 , "J0506.0-2351 " , 76.50792 , -23.851 , "224.96" , "-33.08" , "(26.4+/-1.6)x10-12" , "Sy2 " , 0.035 , " -- "
116 , "J0508.5+1722 " , 77.13292 , 17.37 , "185.06" , "-13.45" , "(13.8+/-2.2)x10-12" , "Sy2 " , 0.018 , " -- "
117 , "J0510.9+1630 " , 77.75 , 16.501 , "186.14" , "-13.45" , "(51.3+/-2.2)x10-12" , "Sy1.5 " , 0.018 , " -- "
118 , "J0516.4+1930 " , 79.1 , 19.5 , "184.33" , "-10.71" , "(12.1+/-2.2)x10-12" , "AGN? " , 0.021 , " -- "
119 , "J0516.4-0009 " , 79.10167 , -0.163 , "201.73" , "-21.1" , "(36.3+/-2)x10-12" , "Sy1 " , 0.033 , " -- "
120 , "J0519.8-3240 " , 79.95083 , -32.681 , "236.06" , "-32.54" , "(25.7+/-1.5)x10-12" , "Sy2 " , 0.035 , " -- "
121 , "J0519.9-4546 " , 79.99 , -45.773 , "251.59" , "-34.62" , "(21.4+/-1.3)x10-12" , "Sy1 " , 0.035 , " -- "
122 , "J0521.2-2523 " , 80.3 , -25.4 , "227.94" , "-30.27" , "(9.6+/-1.6)x10-12" , "Sy2 " , 0.043 , " -- "
123 , "J0523.2-3626 " , 80.8 , -36.447 , "240.6" , "-32.67" , "(16.1+/-1.4)x10-12" , "BLAZAR" , 0.055 , "BZU (uncertain type)"
124 , "J0524.2-1213 " , 81.06792 , -12.23 , "214.38" , "-24.81" , "(11.7+/-1.8)x10-12" , "Sy1 " , 0.049 , " -- "
125 , "J0525.6-4557 " , 81.4 , -45.951 , "251.91" , "-33.66" , "(9.6+/-1.3)x10-12" , "BLAZAR" , 1.479 , "BZQ (FSRQ)"
126 , "J0540.1-2839 " , 85.04792 , -28.65 , "232.94" , "-27.23" , "(10.1+/-1.6)x10-12" , "BLAZAR" , 3.104 , "BZQ (FSRQ)"
127 , "J0544.4+5908 " , 86.10083 , 59.15 , "153.49" , "15.06" , "(11.6+/-1.7)x10-12" , "AGN " , 0 , " -- "
128 , "J0543.7-2739 " , 85.94667 , -27.651 , "232.15" , "-26.17" , "(10.2+/-1.6)x10-12" , "Sy1 " , 0.009 , " -- "
129 , "J0552.5+5928 " , 88.14667 , 59.47 , "153.69" , "16.13" , "(10.9+/-1.7)x10-12" , "Sy1 " , 0.058 , " -- "
130 , "J0550.8-3218 " , 87.71667 , -32.307 , "237.61" , "-26.12" , "(22.1+/-1.5)x10-12" , "BLAZAR" , 0.069 , "BZB (BL Lac)"
131 , "J0552.4-0727 " , 88.10292 , -7.458 , "212.95" , "-16.5" , "(154.2+/-2)x10-12" , "Sy2 " , 0.008 , " -- "
132 , "J0555.1+4625 " , 88.78292 , 46.431 , "165.75" , "10.44" , "(75+/-1.9)x10-12" , "Sy1.5 " , 0.021 , " -- "
133 , "J0558.2-3820 " , 89.56167 , -38.345 , "244.54" , "-26.33" , "(20.7+/-1.5)x10-12" , "Sy1 " , 0.034 , " -- "
134 , "J0603.0+6523 " , 90.75792 , 65.391 , "148.55" , "19.68" , "(12.1+/-1.6)x10-12" , "AGN " , 0.015 , " -- "
135 , "J0600.8+0006 " , 90.2 , 0.1 , "206.99" , "-11.21" , "(11+/-2.2)x10-12" , "QSO " , 0.115 , " -- "
136 , "J0600.1-5025 " , 90.02667 , -50.418 , "257.93" , "-28.52" , "(10.1+/-1.3)x10-12" , "RG " , 0.137 , " -- "
137 , "J0602.3+2827 " , 90.59083 , 28.461 , "182.26" , "2.92" , "(40.7+/-2.2)x10-12" , "Sy1 " , 0.033 , " -- "
138 , "J0606.0-2753 " , 91.5 , -27.9 , "234.18" , "-21.62" , "(8.7+/-1.7)x10-12" , "Sy1.5 " , 0.09 , " -- "
139 , "J0615.8+7101 " , 93.97167 , 71.031 , "143.31" , "22.74" , "(62.2+/-1.5)x10-12" , "Sy2 " , 0.014 , " -- "
140 , "J0604.7-8637 " , 91.19667 , -86.625 , "299.19" , "-27.77" , "(14+/-1.6)x10-12" , "Sy2 " , 0.006 , " -- "
141 , "J0623.9-3213 " , 95.99667 , -32.23 , "239.96" , "-19.47" , "(13.5+/-1.6)x10-12" , "AGN " , 0.022 , " -- "
142 , "J0624.0-6059 " , 96.00792 , -60.996 , "270.3" , "-26.77" , "(15+/-1.3)x10-12" , "Sy2 " , 0.041 , " -- "
143 , "J0636.1-7516 " , 99.03875 , -75.275 , "286.37" , "-27.14" , "(10.8+/-1.4)x10-12" , "BLAZAR" , 0.635 , "BZQ (FSRQ)"
144 , "J0641.5+3252 " , 100.385 , 32.869 , "182.16" , "12.42" , "(15.8+/-2.2)x10-12" , "Sy2 " , 0.047 , " -- "
145 , "J0640.4-2555 " , 100.11083 , -25.918 , "235.27" , "-13.76" , "(23.1+/-1.8)x10-12" , "Sy1.2 " , 0.026 , " -- "
146 , "J0640.7-4321 " , 100.19875 , -43.35 , "252.27" , "-20.07" , "(8+/-1.4)x10-12" , "AGN " , 0.061 , " -- "
147 , "J0652.3+7425 " , 103.09667 , 74.431 , "140.32" , "26.12" , "(31.1+/-1.5)x10-12" , "Sy1.5 " , 0.019 , " -- "
148 , "J0655.9+3957 " , 103.98292 , 39.966 , "176.53" , "17.83" , "(15.7+/-2)x10-12" , "Sy1 " , 0.017 , " -- "
149 , "J0710.5+5909 " , 107.63667 , 59.15 , "157.39" , "25.43" , "(14.4+/-1.6)x10-12" , "BLAZAR" , 0.125 , "BZB (BL Lac)"
150 , "J0709.6-3600 " , 107.415 , -36.015 , "247.35" , "-12.18" , "(11.1+/-1.6)x10-12" , "RG " , 0.218 , " -- "
151 , "J0718.2+4405 " , 109.56292 , 44.089 , "173.77" , "23.07" , "(15.7+/-1.8)x10-12" , "Sy1 " , 0.061 , " -- "
152 , "J0726.6+3700 " , 111.65083 , 37 , "181.62" , "22.52" , "(10.2+/-1.9)x10-12" , "QSO " , 0.19 , " -- "
153 , "J0726.9-3553 " , 111.74792 , -35.9 , "248.81" , "-8.98" , "(9.8+/-1.6)x10-12" , "Sy2 " , 0.03 , " -- "
154 , "J0727.5-2406 " , 111.88583 , -24.116 , "238.37" , "-3.38" , "(13.8+/-1.8)x10-12" , "Sy1.9 " , 0.123 , " -- "
155 , "J0737.2+5848 " , 114.3 , 58.8 , "158.33" , "28.78" , "(7.6+/-1.5)x10-12" , "Sy1 " , 0.006 , " -- "
156 , "J0739.6-3143 " , 114.90292 , -31.727 , "246.35" , "-4.7" , "(15+/-1.7)x10-12" , "Sy2 " , 0.026 , " -- "
157 , "J0742.5+4948 " , 115.645 , 49.802 , "168.61" , "28.38" , "(29.2+/-1.6)x10-12" , "Sy1.2 " , 0.022 , " -- "
158 , "J0743.2-2545 " , 115.825 , -25.761 , "241.55" , "-1.06" , "(13.2+/-1.8)x10-12" , "Sy2 " , 0.026 , " -- "
159 , "J0747.8+6056 " , 116.97083 , 60.943 , "155.98" , "30.26" , "(9.9+/-1.5)x10-12" , "Sy1 " , 0.029 , " -- "
160 , "J0746.5+2548 " , 116.65 , 25.802 , "194.61" , "22.92" , "(13.9+/-1.9)x10-12" , "BLAZAR" , 2.979 , "BZQ (FSRQ)"
161 , "J0752.7+1933 " , 118.19667 , 19.55 , "201.47" , "21.98" , "(11.6+/-1.9)x10-12" , "Sy1 " , 0.117 , " -- "
162 , "J0800.1+2323 " , 120.03 , 23.398 , "198.24" , "24.97" , "(16.5+/-1.9)x10-12" , "AGN " , 0.029 , " -- "
163 , "J0800.4+2636 " , 120.10292 , 26.605 , "194.91" , "26.11" , "(15.9+/-1.8)x10-12" , "Sy1 " , 0.027 , " -- "
164 , "J0759.8-3844 " , 119.96792 , -38.744 , "254.52" , "-4.66" , "(29.7+/-1.6)x10-12" , "Sy1.2 " , 0.04 , " -- "
165 , "J0802.1-4948 " , 120.53667 , -49.808 , "264.29" , "-10.02" , "(12.7+/-1.4)x10-12" , "Sy1 " , 0.04 , " -- "
166 , "J0805.5+6145 " , 121.38 , 61.757 , "155.02" , "32.37" , "(9.1+/-1.4)x10-12" , "BLAZAR" , 3.033 , "BZQ (FSRQ)"
167 , "J0804.2+0507 " , 121.05875 , 5.122 , "216.7" , "18.51" , "(33.4+/-2)x10-12" , "Sy2 " , 0.014 , " -- "
168 , "J0811.2+7602 " , 122.82 , 76.037 , "138.28" , "31.05" , "(12.2+/-1.4)x10-12" , "Sy1 " , 0.1 , " -- "
169 , "J0814.5+0421 " , 123.64875 , 4.351 , "218.68" , "20.46" , "(10.9+/-1.9)x10-12" , "Sy1 " , 0.033 , " -- "
170 , "J0818.4+0118 " , 124.6 , 1.3 , "222.02" , "19.87" , "(9.5+/-1.9)x10-12" , "Sy1 " , 0.08 , " -- "
171 , "J0823.2-0455 " , 125.80167 , -4.93 , "228.38" , "17.84" , "(18.2+/-1.9)x10-12" , "Sy2 " , 0.022 , " -- "
172 , "J0832.7+3706 " , 128.18375 , 37.116 , "185.04" , "35.36" , "(10.8+/-1.5)x10-12" , "Sy1.2 " , 0.092 , " -- "
173 , "J0841.5+7053 " , 130.37875 , 70.887 , "143.54" , "34.43" , "(27.3+/-1.4)x10-12" , "BLAZAR" , 2.172 , "BZQ (FSRQ)"
174 , "J0838.5-3559 " , 129.62667 , -35.988 , "256.58" , "3.23" , "(21.6+/-1.7)x10-12" , "Sy1 " , 0.032 , " -- "
175 , "J0840.1+2948 " , 130.05 , 29.8 , "194.21" , "35.41" , "(9.8+/-1.6)x10-12" , "Sy2 " , 0.065 , " -- "
176 , "J0839.9-1215 " , 129.97583 , -12.258 , "237.19" , "17.43" , "(12.2+/-1.7)x10-12" , "Sy1 " , 0.198 , " -- "
177 , "J0855.2+6424 " , 133.81 , 64.41 , "150.77" , "37.51" , "(8.8+/-1.3)x10-12" , "Sy2 " , 0.037 , " -- "
178 , "J0905.0+5537 " , 136.25083 , 55.633 , "161.41" , "40.76" , "(8.1+/-1.3)x10-12" , "Sy1 " , 0.037 , " -- "
179 , "J0903.1-6812 " , 135.78083 , -68.209 , "284.18" , "-14.12" , "(9.1+/-1.4)x10-12" , "AGN " , 0.014 , " -- "
180 , "J0909.2+0354 " , 137.3 , 3.9 , "226.38" , "32.22" , "(9.1+/-1.8)x10-12" , "BLAZAR" , 3.2 , " -- "
181 , "J0911.5+4529 " , 137.89792 , 45.498 , "174.75" , "43.1" , "(9.5+/-1.4)x10-12" , "Sy2 " , 0.027 , " -- "
182 , "J0916.2-6219 " , 139.05792 , -62.32 , "280.61" , "-9.19" , "(17.5+/-1.4)x10-12" , "Sy1 " , 0.057 , " -- "
183 , "J0918.5+1619 " , 139.64583 , 16.32 , "213.82" , "39.76" , "(16.8+/-1.6)x10-12" , "Sy1.5 " , 0.029 , " -- "
184 , "J0920.0+3711 " , 140.01875 , 37.184 , "186.29" , "44.73" , "(10.1+/-1.4)x10-12" , "AGN " , 0.008 , " -- "
185 , "J0920.9-0804 " , 140.24375 , -8.074 , "239.83" , "28.09" , "(25.9+/-1.7)x10-12" , "Sy2 " , 0.02 , " -- "
186 , "J0923.8+2256 " , 140.96292 , 22.934 , "206.03" , "43.11" , "(17.5+/-1.5)x10-12" , "Sy1.2 " , 0.033 , " -- "
187 , "J0923.6-2135 " , 140.9 , -21.6 , "251.73" , "20" , "(9.4+/-1.7)x10-12" , "BLAZAR" , 0.053 , "BZU (uncertain type)"
188 , "J0923.9-3142 " , 140.98583 , -31.714 , "259.51" , "13.16" , "(13.8+/-1.8)x10-12" , "AGN " , 0.042 , " -- "
189 , "J0925.3+5216 " , 141.33667 , 52.278 , "165.01" , "44.38" , "(29.9+/-1.3)x10-12" , "Sy1 " , 0.035 , " -- "
190 , "J0926.1+1244 " , 141.54875 , 12.75 , "219.05" , "40.03" , "(8.9+/-1.7)x10-12" , "Sy1 " , 0.028 , " -- "
191 , "J0945.8-1420 " , 146.45083 , -14.347 , "249.74" , "28.78" , "(11.7+/-1.8)x10-12" , "Sy2 " , 0.008 , " -- "
192 , "J0947.8+0726 " , 146.95167 , 7.449 , "228.56" , "42.31" , "(11.2+/-1.7)x10-12" , "RG " , 0.086 , " -- "
193 , "J0950.0+7312 " , 147.5 , 73.2 , "138.08" , "38.11" , "(6.9+/-1.3)x10-12" , "RG " , 0.059 , " -- "
194 , "J0947.7-3056 " , 146.94083 , -30.949 , "262.76" , "17.24" , "(116.3+/-1.9)x10-12" , "Sy2 " , 0.009 , " -- "
195 , "J0952.0-0647 " , 148 , -6.8 , "244.26" , "34.91" , "(9.5+/-1.8)x10-12" , "Sy1 " , 0.015 , " -- "
196 , "J0952.6-6234 " , 148.15 , -62.568 , "283.89" , "-6.51" , "(8.5+/-1.5)x10-12" , "Sy1.9 " , 0.252 , " -- "
197 , "J0955.9+6905 " , 148.99375 , 69.086 , "142.04" , "40.92" , "(9.7+/-1.3)x10-12" , "LINER " , 0 , " -- "
198 , "J0959.6-2250 " , 149.90875 , -22.838 , "259.05" , "25.04" , "(39.5+/-1.9)x10-12" , "Sy2 " , 0.008 , " -- "
199 , "J1001.8+5541 " , 150.47 , 55.698 , "157.79" , "48.34" , "(14.3+/-1.2)x10-12" , "Sy2 " , 0.004 , " -- "
200 , "J1006.0-2305 " , 151.5 , -23.1 , "260.46" , "25.81" , "(9.8+/-1.9)x10-12" , "Sy1 " , 0.013 , " -- "
201 , "J1010.0-4248 " , 152.515 , -42.816 , "274.01" , "10.81" , "(18.2+/-1.9)x10-12" , "Sy2 " , 0.033 , " -- "
202 , "J1021.8-0326 " , 155.45083 , -3.45 , "247.32" , "42.7" , "(12.1+/-1.8)x10-12" , "Sy1 " , 0.041 , " -- "
203 , "J1023.5+1951 " , 155.89375 , 19.861 , "217" , "55.45" , "(66.6+/-1.6)x10-12" , "Sy1.5 " , 0.004 , " -- "
204 , "J1031.6-4202 " , 157.9 , -42.05 , "276.96" , "13.66" , "(10.2+/-2)x10-12" , "AGN " , 0.02 , " -- "
205 , "J1032.0-1417 " , 158.01 , -14.286 , "259.36" , "36.53" , "(22.6+/-1.9)x10-12" , "Sy1 " , 0.086 , " -- "
206 , "J1031.8-3451 " , 157.97375 , -34.857 , "273.01" , "19.78" , "(50+/-2.1)x10-12" , "Sy2 " , 0.011 , " -- "
207 , "J1038.9-4945 " , 159.74375 , -49.751 , "282.06" , "7.67" , "(14.3+/-1.8)x10-12" , "Sy1 " , 0.06 , " -- "
208 , "J1040.2-4624 " , 160.07292 , -46.412 , "280.6" , "10.69" , "(15.8+/-1.9)x10-12" , "Sy2 " , 0.024 , " -- "
209 , "J1044.0+7024 " , 161 , 70.4 , "136.96" , "43.09" , "(7.3+/-1.3)x10-12" , "Sy2 " , 0.033 , " -- "
210 , "J1046.6+2556 " , 161.66875 , 25.943 , "208.19" , "62.14" , "(11+/-1.5)x10-12" , "LINER " , 0.02 , " -- "
211 , "J1048.4-2509 " , 162.1 , -25.154 , "270.65" , "29.89" , "(13.2+/-2.2)x10-12" , "Sy2 " , 0.013 , " -- "
212 , "J1049.5+2257 " , 162.39167 , 22.959 , "214.74" , "62.15" , "(15.5+/-1.5)x10-12" , "Sy2 " , 0.033 , " -- "
213 , "J1052.7+1040 " , 163.19792 , 10.671 , "237.72" , "57.6" , "(11.5+/-1.7)x10-12" , "Sy1 " , 0.088 , " -- "
214 , "J1104.5+3812 " , 166.13292 , 38.209 , "179.82" , "65.04" , "(107.8+/-1.3)x10-12" , "BLAZAR" , 0.03 , "BZB (BL Lac)"
215 , "J1106.0+5854 " , 166.5 , 58.9 , "145.53" , "53.35" , "(6+/-1.2)x10-12" , "QSO " , 0.193 , " -- "
216 , "J1106.6+7234 " , 166.66792 , 72.569 , "133.24" , "42.39" , "(60.3+/-1.3)x10-12" , "Sy1.5 " , 0.009 , "BZQ (FSRQ)"
217 , "J1125.4+5422 " , 171.36667 , 54.379 , "147.06" , "58.53" , "(11+/-1.2)x10-12" , "Sy1 " , 0.021 , " -- "
218 , "J1127.5+1906 " , 171.88375 , 19.114 , "231.08" , "69.14" , "(11.6+/-1.5)x10-12" , "Sy1 " , 0.105 , " -- "
219 , "J1130.0-1449 " , 172.51792 , -14.817 , "275.26" , "43.63" , "(18.8+/-2.1)x10-12" , "BLAZAR" , 1.187 , "BZQ (FSRQ)"
220 , "J1132.6+5259 " , 173.15 , 52.997 , "147.09" , "60.27" , "(8.1+/-1.2)x10-12" , "Sy1 " , 0.028 , " -- "
221 , "J1132.9+1016 " , 173.23375 , 10.27 , "251.54" , "64.97" , "(9.6+/-1.6)x10-12" , "BLAZAR" , 0.54 , " -- "
222 , "J1136.4+2132 " , 174.12375 , 21.542 , "227" , "72.06" , "(9.8+/-1.5)x10-12" , "Sy1 " , 0.03 , " -- "
223 , "J1136.8+6737 " , 174.21583 , 67.633 , "133.39" , "47.95" , "(6.6+/-1.2)x10-12" , "BLAZAR" , 0.135 , "BZB (BL Lac)"
224 , "J1139.2+5912 " , 174.80792 , 59.207 , "139.23" , "55.57" , "(11.6+/-1.2)x10-12" , "Sy1.5 " , 0.06 , " -- "
225 , "J1139.0-3744 " , 174.765 , -37.74 , "287.46" , "22.94" , "(101+/-2.1)x10-12" , "Sy1 " , 0.01 , " -- "
226 , "J1139.2+0336 " , 174.8 , 3.6 , "263.54" , "60.82" , "(8.8+/-1.7)x10-12" , "AGN " , 0.019 , " -- "
227 , "J1139.6+3157 " , 174.90292 , 31.951 , "191.46" , "73.67" , "(8.7+/-1.3)x10-12" , "Sy1.8 " , 0.009 , " -- "
228 , "J1141.4+2156 " , 175.35083 , 21.949 , "227.15" , "73.26" , "(9.3+/-1.5)x10-12" , "Sy1 " , 0.063 , " -- "
229 , "J1144.9+7939 " , 176.24792 , 79.662 , "126.61" , "36.98" , "(18+/-1.4)x10-12" , "Sy1.2 " , 0.015 , " -- "
230 , "J1145.4+5900 " , 176.35083 , 59 , "138.15" , "56.13" , "(7.1+/-1.2)x10-12" , "AGN " , 0.008 , " -- "
231 , "J1145.7-1826 " , 176.43375 , -18.44 , "281.86" , "41.72" , "(31.3+/-2.2)x10-12" , "Sy1 " , 0.033 , " -- "
232 , "J1145.7-6954 " , 176.45 , -69.9 , "297.3" , "-7.75" , "(8.5+/-1.6)x10-12" , "QSO " , 0.244 , " -- "
233 , "J1148.8+2938 " , 177.20375 , 29.649 , "198.89" , "76.01" , "(10.8+/-1.3)x10-12" , "LINER " , 0.023 , " -- "
234 , "J1153.8+4928 " , 178.465 , 49.468 , "145.46" , "65.06" , "(6.4+/-1.2)x10-12" , "BLAZAR" , 0.334 , " -- "
235 , "J1158.1+5526 " , 179.54583 , 55.449 , "138.11" , "60.08" , "(8.3+/-1.2)x10-12" , "Sy1 " , 0.004 , " -- "
236 , "J1158.8+4235 " , 179.70167 , 42.6 , "154.23" , "71.18" , "(6.7+/-1.2)x10-12" , "Sy2 " , 0.031 , " -- "
237 , "J1200.9+0649 " , 180.24 , 6.819 , "270.09" , "66.41" , "(11.3+/-1.6)x10-12" , "Sy2 " , 0.036 , " -- "
238 , "J1202.7-5350 " , 180.67583 , -53.843 , "295.7" , "8.34" , "(27.6+/-1.8)x10-12" , "Sy2 " , 0.028 , " -- "
239 , "J1203.0+4431 " , 180.77 , 44.531 , "148.92" , "70.07" , "(25.3+/-1.2)x10-12" , "Sy1.5 " , 0.002 , " -- "
240 , "J1204.4+2018 " , 181.11583 , 20.312 , "242.83" , "77.28" , "(12.8+/-1.4)x10-12" , "Sy2 " , 0.023 , " -- "
241 , "J1206.3+5242 " , 181.595 , 52.703 , "138.08" , "63.08" , "(11.6+/-1.1)x10-12" , "LINER " , 0.003 , " -- "
242 , "J1209.1+4703 " , 182.27583 , 47.055 , "142.81" , "68.4" , "(9+/-1.2)x10-12" , "Sy2 " , 0.025 , " -- "
243 , "J1209.4+4341 " , 182.35375 , 43.688 , "147.34" , "71.39" , "(11.7+/-1.2)x10-12" , "Sy1.9 " , 0.003 , " -- "
244 , "J1210.5+3924 " , 182.63375 , 39.406 , "155.08" , "75.06" , "(257.5+/-1.2)x10-12" , "Sy1.5 " , 0.003 , "BZB (BL Lac)"
245 , "J1210.8+3820 " , 182.71667 , 38.338 , "157.56" , "75.93" , "(8.3+/-1.2)x10-12" , "Sy1 " , 0.023 , " -- "
246 , "J1213.0+3239 " , 183.26583 , 32.667 , "176.95" , "80.01" , "(6.5+/-1.3)x10-12" , "BLAZAR" , 2.5 , " -- "
247 , "J1214.0+2932 " , 183.5 , 29.549 , "194.37" , "81.41" , "(6.7+/-1.3)x10-12" , "Sy1 " , 0.064 , " -- "
248 , "J1217.2+0710 " , 184.30375 , 7.172 , "279.23" , "68.45" , "(14.1+/-1.6)x10-12" , "Sy1 " , 0.008 , " -- "
249 , "J1218.3+2950 " , 184.59792 , 29.848 , "190.47" , "82.24" , "(15.8+/-1.3)x10-12" , "Sy1.5 " , 0.013 , " -- "
250 , "J1218.9+4717 " , 184.75 , 47.296 , "138.31" , "68.85" , "(11.4+/-1.2)x10-12" , "LINER " , 0.002 , " -- "
251 , "J1222.2+0409 " , 185.55292 , 4.154 , "284.76" , "65.98" , "(10.9+/-1.6)x10-12" , "BLAZAR" , 0.965 , "BZQ (FSRQ)"
252 , "J1222.1+7518 " , 185.53292 , 75.304 , "125.41" , "41.68" , "(11.2+/-1.3)x10-12" , "Sy1 " , 0.07 , " -- "
253 , "J1223.4+0239 " , 185.85083 , 2.652 , "286.41" , "64.61" , "(10.4+/-1.6)x10-12" , "Sy1 " , 0.023 , " -- "
254 , "J1224.8+2119 " , 186.205 , 21.332 , "255.21" , "81.61" , "(10.5+/-1.4)x10-12" , "BLAZAR" , 0.435 , "BZQ (FSRQ)"
255 , "J1225.7+1239 " , 186.44667 , 12.661 , "279.13" , "74.33" , "(119.4+/-1.5)x10-12" , "Sy2 " , 0.008 , " -- "
256 , "J1225.7+3331 " , 186.44875 , 33.52 , "162.24" , "81.55" , "(11.9+/-1.2)x10-12" , "Sy1 " , 0.001 , " -- "
257 , "J1229.1+0202 " , 187.28292 , 2.046 , "289.96" , "64.35" , "(185.7+/-1.6)x10-12" , "BLAZAR" , 0.158 , "BZQ (FSRQ)"
258 , "J1235.5-3954 " , 188.9 , -39.913 , "299.63" , "22.85" , "(102.6+/-2)x10-12" , "Sy2 " , 0.012 , " -- "
259 , "J1238.9-2718 " , 189.72583 , -27.305 , "299.51" , "35.48" , "(42.7+/-2.2)x10-12" , "Sy2 " , 0.024 , " -- "
260 , "J1239.0-1609 " , 189.75083 , -16.154 , "298.58" , "46.61" , "(15.2+/-2.1)x10-12" , "Sy2 " , 0.036 , " -- "
261 , "J1239.6-0521 " , 189.90292 , -5.35 , "297.46" , "57.39" , "(43.2+/-1.8)x10-12" , "Sy1 " , 0.009 , " -- "
262 , "J1241.4-5750 " , 190.37167 , -57.837 , "301.6" , "5" , "(20.2+/-1.7)x10-12" , "Sy2 " , 0.024 , " -- "
263 , "J1246.8+5432 " , 191.70375 , 54.541 , "124.38" , "62.57" , "(10.6+/-1.1)x10-12" , "AGN " , 0.017 , " -- "
264 , "J1256.1-0547 " , 194.025 , -5.8 , "305.06" , "57.05" , "(12.3+/-1.8)x10-12" , "BLAZAR" , 0.536 , "BZQ (FSRQ)"
265 , "J1302.8+1624 " , 195.7 , 16.4 , "317.29" , "78.95" , "(7.8+/-1.4)x10-12" , "Sy1.2 " , 0.067 , " -- "
266 , "J1304.4-1017 " , 196.1 , -10.3 , "308.16" , "52.43" , "(11.2+/-2)x10-12" , "Sy1 " , 0.01 , " -- "
267 , "J1304.4-0532 " , 196.1 , -5.549 , "308.88" , "57.17" , "(10.4+/-1.8)x10-12" , "Sy2 " , 0.004 , " -- "
268 , "J1303.9+5346 " , 195.99583 , 53.778 , "118.81" , "63.25" , "(17.2+/-1.1)x10-12" , "Sy1 " , 0.03 , " -- "
269 , "J1305.4-4928 " , 196.37292 , -49.474 , "305.27" , "13.33" , "(105.3+/-1.9)x10-12" , "Sy2 " , 0.002 , " -- "
270 , "J1306.7-4025 " , 196.69667 , -40.42 , "306.08" , "22.35" , "(27.7+/-2.1)x10-12" , "Sy1.2 " , 0.015 , " -- "
271 , "J1309.1+1138 " , 197.285 , 11.642 , "318.8" , "73.96" , "(21.3+/-1.4)x10-12" , "AGN " , 0.025 , " -- "
272 , "J1310.6-5552 " , 197.66792 , -55.877 , "305.64" , "6.89" , "(12.2+/-1.8)x10-12" , "Sy1 " , 0.104 , " -- "
273 , "J1316.8-7200 " , 199.2 , -72 , "304.91" , "-9.23" , "(9.5+/-1.8)x10-12" , "Sy1.5 " , 0.07 , " -- "
274 , "J1315.3+4424 " , 198.84792 , 44.401 , "108.91" , "72.07" , "(11.9+/-1.2)x10-12" , "AGN " , 0.037 , " -- "
275 , "J1322.4-1642 " , 200.60167 , -16.707 , "313.54" , "45.52" , "(22.1+/-2.1)x10-12" , "Sy1.8 " , 0.016 , " -- "
276 , "J1325.4-4301 " , 201.36583 , -43.018 , "309.51" , "19.41" , "(568.7+/-2)x10-12" , "Sy2 " , 0.002 , "BZU (uncertain type)"
277 , "J1333.4-3400 " , 203.35083 , -34 , "312.78" , "28.06" , "(11.8+/-2.3)x10-12" , "Sy2 " , 0.013 , " -- "
278 , "J1334.8-2326 " , 203.7 , -23.449 , "315.64" , "38.34" , "(12.9+/-2.3)x10-12" , "Sy2 " , 0.026 , " -- "
279 , "J1335.8-3417 " , 203.95583 , -34.293 , "313.27" , "27.68" , "(47.4+/-2.3)x10-12" , "Sy1.2 " , 0.008 , " -- "
280 , "J1338.2+0432 " , 204.56583 , 4.544 , "331.29" , "64.8" , "(52.1+/-1.6)x10-12" , "Sy2 " , 0.023 , " -- "
281 , "J1339.8+5548 " , 204.95292 , 55.8 , "109.29" , "60.03" , "(6.8+/-1.2)x10-12" , "BLAZAR" , 1.426 , " -- "
282 , "J1341.0-1439 " , 205.27083 , -14.664 , "320.51" , "46.5" , "(13+/-2.1)x10-12" , "Sy1 " , 0.042 , " -- "
283 , "J1341.3+3021 " , 205.34167 , 30.364 , "52.34" , "78.59" , "(11.4+/-1.2)x10-12" , "Sy2 " , 0.04 , " -- "
284 , "J1345.6+4142 " , 206.4 , 41.7 , "89.12" , "71.69" , "(6.4+/-1.2)x10-12" , "AGN " , 0.009 , " -- "
285 , "J1347.8-6035 " , 206.955 , -60.584 , "309.8" , "1.53" , "(54+/-1.8)x10-12" , "Sy1 " , 0.013 , " -- "
286 , "J1349.6-3018 " , 207.41292 , -30.306 , "317.57" , "30.9" , "(181.9+/-2.3)x10-12" , "Sy1 " , 0.016 , " -- "
287 , "J1352.0-1817 " , 208.00083 , -18.3 , "322.5" , "42.25" , "(14.5+/-2.2)x10-12" , "Sy1 " , 0.012 , " -- "
288 , "J1354.4-3746 " , 208.605 , -37.778 , "316.45" , "23.43" , "(14.9+/-2.2)x10-12" , "Sy2 " , 0.052 , " -- "
289 , "J1353.3+6918 " , 208.34375 , 69.305 , "115" , "46.85" , "(20.9+/-1.3)x10-12" , "Sy1.5 " , 0.031 , " -- "
290 , "J1356.1+3833 " , 209.04667 , 38.563 , "77.18" , "72.28" , "(10.7+/-1.2)x10-12" , "Sy1 " , 0.051 , " -- "
291 , "J1408.5-3023 " , 212.14583 , -30.4 , "322.05" , "29.58" , "(14.7+/-2.4)x10-12" , "Sy1 " , 0.023 , " -- "
292 , "J1413.5-6520 " , 213.38292 , -65.339 , "311.36" , "-3.83" , "(154.6+/-1.8)x10-12" , "Sy2 " , 0.001 , " -- "
293 , "J1413.5-0312 " , 213.39792 , -3.206 , "339.27" , "53.76" , "(149.9+/-1.9)x10-12" , "Sy1.9 " , 0.006 , " -- "
294 , "J1418.3+2508 " , 214.58167 , 25.14 , "32" , "70.42" , "(36.9+/-1.4)x10-12" , "Sy1.5 " , 0.017 , " -- "
295 , "J1419.7-2639 " , 214.94083 , -26.655 , "326.31" , "32.17" , "(27.3+/-2.5)x10-12" , "Sy1 " , 0.022 , " -- "
296 , "J1421.7+4748 " , 215.44583 , 47.801 , "88.51" , "62.84" , "(10.9+/-1.2)x10-12" , "Sy1 " , 0.072 , " -- "
297 , "J1424.6+2435 " , 216.15083 , 24.599 , "31.27" , "68.92" , "(10.5+/-1.4)x10-12" , "AGN " , 0.017 , " -- "
298 , "J1427.6+1951 " , 216.9 , 19.852 , "19.78" , "66.82" , "(8.4+/-1.4)x10-12" , "Sy1 " , 0.131 , " -- "
299 , "J1428.8+4239 " , 217.20875 , 42.652 , "77.37" , "64.86" , "(14.1+/-1.2)x10-12" , "BLAZAR" , 0.129 , "BZB (BL Lac)"
300 , "J1429.4+0119 " , 217.36792 , 1.329 , "349.38" , "55.09" , "(12.8+/-1.9)x10-12" , "Sy1 " , 0.086 , " -- "
301 , "J1436.6+5846 " , 219.16583 , 58.773 , "100.22" , "53.47" , "(15.7+/-1.2)x10-12" , "Sy1 " , 0.031 , " -- "
302 , "J1441.0+5327 " , 220.25792 , 53.466 , "92.91" , "56.8" , "(9+/-1.3)x10-12" , "Sy2 " , 0.038 , " -- "
303 , "J1442.7-1713 " , 220.69167 , -17.233 , "337.43" , "38.06" , "(45.6+/-2.5)x10-12" , "Sy2 " , 0.009 , " -- "
304 , "J1451.9-5534 " , 222.99167 , -55.583 , "319.44" , "3.37" , "(19.2+/-1.9)x10-12" , "Sy2 " , 0.018 , " -- "
305 , "J1453.2+2555 " , 223.32083 , 25.919 , "37.38" , "62.78" , "(11.9+/-1.5)x10-12" , "Sy1 " , 0.047 , " -- "
306 , "J1455.4-5131 " , 223.86583 , -51.533 , "321.75" , "6.74" , "(10.6+/-2)x10-12" , "Sy1 " , 0.016 , " -- "
307 , "J1458.2-4308 " , 224.55292 , -43.139 , "326.19" , "13.93" , "(20+/-2.2)x10-12" , "Sy2 " , 0.016 , " -- "
308 , "J1504.4+1026 " , 226.11083 , 10.437 , "11.3" , "54.54" , "(19.3+/-1.8)x10-12" , "Sy1 " , 0.036 , "BZQ (FSRQ)"
309 , "J1509.0-0013 " , 227.26792 , -0.23 , "359.02" , "47.08" , "(15.3+/-2.3)x10-12" , "Sy1 " , 0.054 , " -- "
310 , "J1514.5-8123 " , 228.64292 , -81.397 , "308.27" , "-20.06" , "(17.6+/-1.9)x10-12" , "Sy1 " , 0.068 , " -- "
311 , "J1512.3-2119 " , 228.1 , -21.325 , "341.64" , "30.74" , "(16.2+/-2.7)x10-12" , "Sy1 " , 0.044 , " -- "
312 , "J1513.2-0905 " , 228.31375 , -9.085 , "351.39" , "40.07" , "(26.6+/-2.6)x10-12" , "BLAZAR" , 0.36 , " -- "
313 , "J1515.4+4202 " , 228.85 , 42.049 , "69.36" , "57.15" , "(8.5+/-1.3)x10-12" , "Sy2 " , 0.009 , " -- "
314 , "J1533.7-0843 " , 233.43292 , -8.73 , "356.33" , "36.79" , "(17.2+/-2.7)x10-12" , "Sy2 " , 0.023 , " -- "
315 , "J1536.2+5753 " , 234.05167 , 57.885 , "91.43" , "47.92" , "(13.7+/-1.3)x10-12" , "Sy1 " , 0.03 , " -- "
316 , "J1548.7-1344 " , 237.19083 , -13.736 , "355.04" , "30.67" , "(24.9+/-2.8)x10-12" , "Sy2 " , 0.025 , " -- "
317 , "J1546.5+6930 " , 236.64875 , 69.5 , "104.28" , "40.7" , "(7.1+/-1.4)x10-12" , "AGN " , 0 , " -- "
318 , "J1558.9-7912 " , 239.74667 , -79.215 , "311.26" , "-19.53" , "(11.7+/-2)x10-12" , "BLAZAR" , 0.149 , " -- "
319 , "J1613.0-6043 " , 243.26792 , -60.721 , "325.24" , "-6.92" , "(16.8+/-1.8)x10-12" , "Sy1 " , 0.016 , " -- "
320 , "J1614.4+6544 " , 243.62 , 65.744 , "98.26" , "40.31" , "(8.3+/-1.4)x10-12" , "Sy1 " , 0.12 , " -- "
321 , "J1618.2+3221 " , 244.57167 , 32.36 , "52.65" , "45.22" , "(11.8+/-1.6)x10-12" , "RG " , 0.15 , " -- "
322 , "J1620.5+8101 " , 245.12792 , 81.02 , "114.52" , "32.37" , "(13.3+/-1.4)x10-12" , "AGN " , 0.024 , " -- "
323 , "J1628.3+5145 " , 247.09875 , 51.766 , "79.69" , "42.84" , "(26.1+/-1.5)x10-12" , "Sy1.9 " , 0.055 , " -- "
324 , "J1630.5+3922 " , 247.63583 , 39.37 , "62.69" , "43.32" , "(9.5+/-1.5)x10-12" , "Sy2 " , 0.03 , " -- "
325 , "J1635.3-5805 " , 248.84875 , -58.1 , "329.12" , "-7.13" , "(10.3+/-1.9)x10-12" , "Sy2 " , 0.009 , " -- "
326 , "J1648.6-3035 " , 252.15167 , -30.588 , "351.49" , "9.15" , "(22.9+/-2.1)x10-12" , "Sy1 " , 0.031 , " -- "
327 , "J1649.6-1739 " , 252.4 , -17.65 , "2.1" , "16.95" , "(13.2+/-2.4)x10-12" , "AGN " , 0.023 , " -- "
328 , "J1652.0-5914 " , 253.00875 , -59.239 , "329.66" , "-9.52" , "(18.6+/-1.9)x10-12" , "Sy2 " , 0.009 , " -- "
329 , "J1653.3+0223 " , 253.34792 , 2.4 , "20.78" , "27.2" , "(42.2+/-2.6)x10-12" , "Sy2 " , 0.024 , " -- "
330 , "J1652.5+5556 " , 253.12792 , 55.941 , "84.39" , "38.68" , "(8.9+/-1.5)x10-12" , "Sy2 " , 0.029 , " -- "
331 , "J1654.1+3946 " , 253.54083 , 39.775 , "63.62" , "38.8" , "(31.6+/-1.6)x10-12" , "BLAZAR" , 0.034 , "BZB (BL Lac)"
332 , "J1656.4-5203 " , 254.11792 , -52.055 , "335.72" , "-5.54" , "(23+/-1.9)x10-12" , "AGN " , 0.054 , " -- "
333 , "J1656.5-3302 " , 254.13083 , -33.035 , "350.63" , "6.31" , "(26.1+/-2)x10-12" , "BLAZAR" , 2.4 , " -- "
334 , "J1717.2-6249 " , 259.30375 , -62.818 , "328.5" , "-14.08" , "(58.8+/-2)x10-12" , "Sy2 " , 0.004 , " -- "
335 , "J1719.7+4900 " , 259.94792 , 49 , "75.5" , "34.85" , "(8.8+/-1.5)x10-12" , "BLAZAR" , 0.025 , " -- "
336 , "J1722.0+4318 " , 260.5 , 43.3 , "68.65" , "33.99" , "(8.2+/-1.6)x10-12" , "Sy1 " , 0.139 , " -- "
337 , "J1722.4+4312 " , 260.6 , 43.2 , "68.54" , "33.91" , "(8.1+/-1.6)x10-12" , "Sy1 " , 0.139 , " -- "
338 , "J1723.4+3418 " , 260.85167 , 34.3 , "58.12" , "32.17" , "(10.1+/-1.7)x10-12" , "Sy1 " , 0.206 , " -- "
339 , "J1723.7+3630 " , 260.95 , 36.5 , "60.69" , "32.56" , "(9.1+/-1.7)x10-12" , "Sy1 " , 0.04 , " -- "
340 , "J1738.1-5957 " , 264.52583 , -59.957 , "332.36" , "-14.75" , "(12.5+/-2)x10-12" , "Sy2 " , 0.018 , " -- "
341 , "J1737.7-2908 " , 264.42667 , -29.138 , "358.91" , "1.36" , "(58.2+/-2)x10-12" , "Sy1 " , 0.021 , " -- "
342 , "J1742.1-1211 " , 265.54667 , -12.196 , "13.96" , "9.35" , "(17.4+/-2.1)x10-12" , "Sy1 " , 0.037 , " -- "
343 , "J1745.8+2907 " , 266.46792 , 29.133 , "53.88" , "26.19" , "(11.4+/-1.8)x10-12" , "Sy1 " , 0.111 , " -- "
344 , "J1749.0-3256 " , 267.26292 , -32.939 , "356.95" , "-2.71" , "(19+/-1.9)x10-12" , "Sy1 " , 0.02 , " -- "
345 , "J1802.9-1451 " , 270.73875 , -14.86 , "14.18" , "3.65" , "(16.2+/-2)x10-12" , "Sy1 " , 0.035 , " -- "
346 , "J1800.3+6636 " , 270.09792 , 66.6 , "96.42" , "29.77" , "(8.6+/-1.5)x10-12" , "Sy2 " , 0.027 , " -- "
347 , "J1816.3+4237 " , 274.09875 , 42.626 , "70.11" , "24.11" , "(10.3+/-1.6)x10-12" , "Sy2 " , 0.041 , " -- "
348 , "J1824.2-5621 " , 276.05792 , -56.352 , "338.45" , "-18.74" , "(21.6+/-2)x10-12" , "Sy2 " , 0.017 , " -- "
349 , "J1822.2+6420 " , 275.56875 , 64.346 , "94" , "27.38" , "(13.1+/-1.5)x10-12" , "Sy1 " , 0.297 , " -- "
350 , "J1830.0+4846 " , 277.50167 , 48.777 , "77.27" , "23.43" , "(9.5+/-1.6)x10-12" , "BLAZAR" , 0.692 , " -- "
351 , "J1833.8-2103 " , 278.465 , -21.062 , "12.18" , "-5.76" , "(23.4+/-2)x10-12" , "BLAZAR" , 2.5 , "BZQ (FSRQ)"
352 , "J1837.0-5922 " , 279.25083 , -59.37 , "336.01" , "-21.34" , "(14+/-2)x10-12" , "Sy2 " , 0.02 , " -- "
353 , "J1835.2+3241 " , 278.82167 , 32.692 , "61.31" , "17.4" , "(50.8+/-1.7)x10-12" , "Sy1 " , 0.058 , " -- "
354 , "J1838.7-6525 " , 279.67792 , -65.425 , "329.79" , "-23.22" , "(71.2+/-2)x10-12" , "Sy2 " , 0.013 , " -- "
355 , "J1848.4-7830 " , 282.10083 , -78.5 , "315.79" , "-26.4" , "(10.5+/-1.9)x10-12" , "Sy1 " , 0.074 , " -- "
356 , "J1845.3-6223 " , 281.32667 , -62.39 , "333.18" , "-23.15" , "(24.2+/-2)x10-12" , "Sy1 " , 0.014 , " -- "
357 , "J1842.3+7946 " , 280.585 , 79.773 , "111.44" , "27.06" , "(57.8+/-1.5)x10-12" , "Sy1 " , 0.056 , " -- "
358 , "J1845.7+7212 " , 281.45 , 72.2 , "103.02" , "26.15" , "(7.5+/-1.5)x10-12" , "Sy2 " , 0.046 , " -- "
359 , "J1857.9-7830 " , 284.48083 , -78.505 , "315.83" , "-26.87" , "(17.5+/-1.9)x10-12" , "Sy1 " , 0.042 , " -- "
360 , "J1856.2+1537 " , 284.05167 , 15.629 , "47.42" , "6.02" , "(17.1+/-1.8)x10-12" , "Sy1 " , 0.084 , " -- "
361 , "J1904.0+3348 " , 286 , 33.8 , "64.8" , "12.3" , "(9+/-1.7)x10-12" , "AGN " , 0.015 , " -- "
362 , "J1913.6-5011 " , 288.4 , -50.2 , "347.11" , "-23.92" , "(10.7+/-2.1)x10-12" , "AGN " , 0.062 , " -- "
363 , "J1921.4-5841 " , 290.355 , -58.69 , "338.16" , "-26.74" , "(35.1+/-2)x10-12" , "Sy1 " , 0.037 , " -- "
364 , "J1930.4+3411 " , 292.60167 , 34.186 , "67.6" , "7.56" , "(18.3+/-1.6)x10-12" , "Sy1 " , 0.063 , " -- "
365 , "J1928.2+7357 " , 292.05292 , 73.961 , "105.62" , "23.51" , "(8.6+/-1.5)x10-12" , "Sy1 " , 0.36 , "BZQ (FSRQ)"
366 , "J1933.9+3253 " , 293.47583 , 32.899 , "66.8" , "6.31" , "(10.3+/-1.6)x10-12" , "Sy1 " , 0.058 , " -- "
367 , "J1937.6-0612 " , 294.42083 , -6.213 , "32.61" , "-13.11" , "(21.1+/-2.3)x10-12" , "Sy1 " , 0.011 , " -- "
368 , "J1942.8-1018 " , 295.70083 , -10.315 , "29.37" , "-16.04" , "(44.5+/-2.4)x10-12" , "Sy1 " , 0.005 , " -- "
369 , "J1947.4+4448 " , 296.86667 , 44.802 , "78.63" , "9.69" , "(15+/-1.6)x10-12" , "Sy2 " , 0.053 , " -- "
370 , "J1952.4+0229 " , 298.10083 , 2.5 , "42.27" , "-12.35" , "(14.8+/-2.1)x10-12" , "Sy2 " , 0.059 , " -- "
371 , "J1959.6+4044 " , 299.90792 , 40.743 , "76.21" , "5.73" , "(64.7+/-1.6)x10-12" , "Sy2 " , 0.056 , " -- "
372 , "J2001.2-1808 " , 300.3 , -18.149 , "23.7" , "-23.3" , "(14.1+/-2.6)x10-12" , "Sy1 " , 0.038 , " -- "
373 , "J2000.0+6509 " , 300.00083 , 65.154 , "98" , "17.67" , "(21.4+/-1.5)x10-12" , "BLAZAR" , 0.048 , "BZB (BL Lac)"
374 , "J2009.0-6105 " , 302.26667 , -61.086 , "335.79" , "-32.83" , "(33.1+/-1.9)x10-12" , "Sy1 " , 0.015 , " -- "
375 , "J2018.3-5539 " , 304.58875 , -55.65 , "342.27" , "-34.23" , "(17.2+/-2)x10-12" , "RG " , 0.06 , " -- "
376 , "J2021.8+4400 " , 305.45083 , 44 , "81.18" , "4.06" , "(9.3+/-1.6)x10-12" , "Sy2 " , 0.017 , " -- "
377 , "J2028.6+2543 " , 307.17375 , 25.729 , "67.01" , "-7.6" , "(34.4+/-1.6)x10-12" , "Sy2 " , 0.014 , " -- "
378 , "J2033.7+2147 " , 308.44375 , 21.793 , "64.43" , "-10.82" , "(16.7+/-1.7)x10-12" , "QSO " , 0.173 , " -- "
379 , "J2044.2-1043 " , 311.06 , -10.726 , "35.97" , "-29.88" , "(60.7+/-2.3)x10-12" , "Sy1.2 " , 0.034 , " -- "
380 , "J2044.1+2836 " , 311.04875 , 28.6 , "71.41" , "-8.68" , "(9+/-1.6)x10-12" , "Sy1 " , 0.05 , " -- "
381 , "J2042.9+7507 " , 310.72875 , 75.126 , "109" , "19.5" , "(31.3+/-1.4)x10-12" , "RG " , 0.104 , " -- "
382 , "J2052.1-5704 " , 313.04292 , -57.075 , "339.98" , "-38.76" , "(40.3+/-1.8)x10-12" , "Sy2 " , 0.011 , " -- "
383 , "J2056.0-4711 " , 314 , -47.2 , "352.65" , "-40.34" , "(10.2+/-2)x10-12" , "BLAZAR" , 1.489 , "BZQ (FSRQ)"
384 , "J2109.2-0942 " , 317.31375 , -9.707 , "40.24" , "-34.98" , "(18+/-2.2)x10-12" , "Sy1 " , 0.026 , " -- "
385 , "J2114.5+8203 " , 318.62667 , 82.064 , "115.97" , "22.32" , "(19.8+/-1.4)x10-12" , "BLAZAR" , 0.084 , " -- "
386 , "J2123.8+2506 " , 320.95375 , 25.1 , "74.51" , "-17.69" , "(10+/-1.7)x10-12" , "Sy2 " , 0.102 , " -- "
387 , "J2124.7+5058 " , 321.18667 , 50.97 , "93.32" , "0.38" , "(108.5+/-1.5)x10-12" , "Sy1 " , 0.02 , " -- "
388 , "J2127.7+5656 " , 321.94292 , 56.945 , "97.8" , "4.36" , "(27+/-1.5)x10-12" , "Sy1 " , 0.015 , " -- "
389 , "J2129.3-1537 " , 322.33375 , -15.631 , "35.96" , "-41.9" , "(12.7+/-2.2)x10-12" , "BLAZAR" , 3.28 , "BZQ (FSRQ)"
390 , "J2132.1-3342 " , 323.03667 , -33.714 , "11.51" , "-46.95" , "(22.6+/-2.1)x10-12" , "Sy1 " , 0.03 , " -- "
391 , "J2136.0-6223 " , 324.01292 , -62.399 , "331.16" , "-42.5" , "(19.1+/-1.7)x10-12" , "Sy1 " , 0.059 , " -- "
392 , "J2136.1+4729 " , 324.03292 , 47.491 , "92.29" , "-3.43" , "(15.4+/-1.6)x10-12" , "Sy1 " , 0.025 , " -- "
393 , "J2139.1+3205 " , 324.78792 , 32.089 , "82.15" , "-15.17" , "(11.7+/-1.6)x10-12" , "Sy1 " , 0.025 , " -- "
394 , "J2148.2+0655 " , 327.06667 , 6.931 , "63.66" , "-34.13" , "(10.5+/-1.8)x10-12" , "BLAZAR" , 0.99 , "BZQ (FSRQ)"
395 , "J2152.0-3028 " , 328.01083 , -30.474 , "17.06" , "-50.82" , "(35.3+/-2)x10-12" , "BLAZAR" , 2.345 , "BZQ (FSRQ)"
396 , "J2200.7+1033 " , 330.19375 , 10.563 , "69.42" , "-34.04" , "(17.9+/-1.8)x10-12" , "Sy1.9 " , 0.027 , " -- "
397 , "J2202.1-3152 " , 330.54 , -31.872 , "15.13" , "-53.1" , "(82.5+/-2)x10-12" , "Sy2 " , 0.009 , " -- "
398 , "J2203.0+3144 " , 330.75083 , 31.749 , "85.9" , "-18.76" , "(9.5+/-1.6)x10-12" , "BLAZAR" , 0.298 , "BZQ (FSRQ)"
399 , "J2203.0+4217 " , 330.76292 , 42.288 , "92.64" , "-10.47" , "(13.9+/-1.6)x10-12" , "BLAZAR" , 0.069 , "BZB (BL Lac)"
400 , "J2204.5+0335 " , 331.12875 , 3.584 , "63.68" , "-39.38" , "(14+/-1.8)x10-12" , "Sy2 " , 0.061 , " -- "
401 , "J2209.5-4709 " , 332.4 , -47.161 , "349.57" , "-52.64" , "(24.6+/-1.7)x10-12" , "Sy1.5 " , 0.028 , "BZU (uncertain type)"
402 , "J2212.0+1842 " , 333 , 18.7 , "78.39" , "-30.06" , "(9.1+/-1.7)x10-12" , "BLAZAR" , 0.07 , "BZQ (FSRQ)"
403 , "J2223.9-0206 " , 335.98792 , -2.103 , "61.89" , "-46.74" , "(21.1+/-1.8)x10-12" , "Sy1 " , 0.056 , " -- "
404 , "J2229.6-0830 " , 337.4 , -8.5 , "55.27" , "-51.67" , "(9.9+/-1.9)x10-12" , "BLAZAR" , 1.561 , "BZQ (FSRQ)"
405 , "J2235.9-2603 " , 338.97583 , -26.06 , "27.12" , "-59.78" , "(30+/-1.9)x10-12" , "Sy1.9 " , 0.005 , " -- "
406 , "J2236.1+3357 " , 339.04 , 33.961 , "93.29" , "-21.01" , "(17.2+/-1.6)x10-12" , "Sy2 " , 0.023 , " -- "
407 , "J2236.8-1235 " , 339.21375 , -12.587 , "51.01" , "-55.34" , "(15.2+/-1.9)x10-12" , "Sy1 " , 0.024 , " -- "
408 , "J2240.4+0802 " , 340.1 , 8.049 , "76.19" , "-42.63" , "(9.4+/-1.7)x10-12" , "Sy1 " , 0.025 , " -- "
409 , "J2246.6-5206 " , 341.65292 , -52.1 , "337.45" , "-55.84" , "(8.9+/-1.5)x10-12" , "BLAZAR" , 0.194 , " -- "
410 , "J2245.8+3941 " , 341.465 , 39.697 , "98.14" , "-17.06" , "(18.1+/-1.5)x10-12" , "Sy2 " , 0.081 , " -- "
411 , "J2254.0-1734 " , 343.52375 , -17.583 , "46.19" , "-61.33" , "(59.5+/-1.9)x10-12" , "Sy1 " , 0.064 , " -- "
412 , "J2253.9+1608 " , 343.49792 , 16.137 , "86.11" , "-38.2" , "(50+/-1.6)x10-12" , "BLAZAR" , 0.859 , "BZQ (FSRQ)"
413 , "J2254.4+1145 " , 343.6 , 11.751 , "82.95" , "-41.86" , "(9+/-1.7)x10-12" , "Sy2 " , 0.029 , " -- "
414 , "J2258.8+4054 " , 344.70167 , 40.9 , "101.01" , "-17.13" , "(9.4+/-1.5)x10-12" , "Sy1 " , 0.017 , " -- "
415 , "J2259.6+2454 " , 344.90875 , 24.914 , "93.06" , "-31.4" , "(13.9+/-1.6)x10-12" , "Sy1 " , 0.034 , " -- "
416 , "J2303.3+0852 " , 345.82792 , 8.883 , "83.12" , "-45.47" , "(35.8+/-1.7)x10-12" , "Sy1.2 " , 0.016 , " -- "
417 , "J2304.8-0841 " , 346.20083 , -8.687 , "64.11" , "-58.78" , "(65.5+/-1.9)x10-12" , "Sy1.5 " , 0.047 , " -- "
418 , "J2304.9+1219 " , 346.23 , 12.333 , "86.27" , "-42.83" , "(10.1+/-1.7)x10-12" , "Sy2 " , 0.008 , " -- "
419 , "J2308.0+4012 " , 347 , 40.2 , "102.36" , "-18.51" , "(7.9+/-1.5)x10-12" , "AGN " , 0 , " -- "
420 , "J2318.4-4221 " , 349.61083 , -42.351 , "348.1" , "-65.72" , "(40.5+/-1.6)x10-12" , "Sy2 " , 0.005 , " -- "
421 , "J2319.0+0014 " , 349.75667 , 0.249 , "80.1" , "-54.75" , "(28.6+/-1.8)x10-12" , "Sy1 " , 0.029 , " -- "
422 , "J2320.8+6433 " , 350.225 , 64.557 , "113.39" , "3.37" , "(8.6+/-1.4)x10-12" , "Sy1 " , 0.072 , " -- "
423 , "J2325.6-3830 " , 351.4 , -38.5 , "355.15" , "-68.77" , "(8.2+/-1.6)x10-12" , "Sy1 " , 0.036 , " -- "
424 , "J2326.1+2154 " , 351.54792 , 21.9 , "98.02" , "-36.82" , "(8.8+/-1.6)x10-12" , "Sy1 " , 0.12 , " -- "
425 , "J2327.6+0937 " , 351.9 , 9.63 , "91.12" , "-48" , "(11.5+/-1.7)x10-12" , "BLAZAR" , 1.843 , "BZQ (FSRQ)"
426 , "J2329.2+0330 " , 352.3 , 3.5 , "86.82" , "-53.51" , "(9.4+/-1.7)x10-12" , "Sy2 " , 0.017 , " -- "
427 , "J2341.8+3034 " , 355.46875 , 30.568 , "105.65" , "-29.96" , "(9.8+/-1.5)x10-12" , "AGN " , 0.017 , " -- "
428 , "J2358.5-6052 " , 359.62667 , -60.878 , "314.15" , "-55.09" , "(9.5+/-1.4)x10-12" , "RG " , 0.096 , " -- "
