_id ,egcat3_name , RA, Dec, Sp.index , Err.Sp.index , other_name , other_name1 , other_name2, LII, BII
1 , "3EG J0010+7309 " , 2.56 , 73.17 , 1.85 , 0.1 , "2EG J0008+7307" , "GEV J0008+7304" , "SNR CTA 1? " , "119.91" , "10.54"
2 , "3EG J0038-0949 " , 9.74 , -9.82 , 2.7 , 0.44 , " -------- " , " -------- " , " -------- " , "112.69" , "-72.45"
3 , "3EG J0118+0248 " , 19.6 , 2.81 , 2.63 , 0.66 , "2EG J0119+0312" , "0119+041? " , " -------- " , "136.23" , "-59.37"
4 , "3EG J0130-1758 " , 22.7 , -17.97 , 2.5 , 0.29 , "2EG J0129-1748" , "0130-171? " , " -------- " , "169.7" , "-77.11"
5 , "3EG J0159-3603 " , 29.84 , -36.06 , 2.89 , 0.51 , "2EG J0159-3557" , " -------- " , " -------- " , "248.89" , "-73.05"
6 , "3EG J0204+1458 " , 31.11 , 14.97 , 2.23 , 0.28 , "2EG J0204+1512" , "0202+149 " , "4C+15.05 " , "147.95" , "-44.33"
7 , "3EG J0210-5055 " , 32.58 , -50.93 , 1.99 , 0.05 , "2EG J0210-5051" , "GEV J0210-5053" , "0208-512 " , "276.09" , "-61.9"
8 , "3EG J0215+1123 " , 34 , 11.38 , 2.03 , 0.62 , "2EG J0216+1107" , " -------- " , " -------- " , "153.75" , "-46.37"
9 , "3EG J0222+4253 " , 35.7 , 42.9 , 2.01 , 0.14 , "2EG J0220+4228" , "GEV J0223+4254" , "0219+428 " , "140.21" , "-16.89"
10 , "3EG J0229+6151 " , 37.32 , 61.86 , 2.29 , 0.18 , " -------- " , " -------- " , " -------- " , "134.19" , "1.14"
11 , "3EG J0237+1635 " , 39.36 , 16.59 , 1.85 , 0.12 , "2EG J0238+1657" , "GEV J0237+1648" , "0235+164 " , "156.46" , "-39.28"
12 , "3EG J0239+2815 " , 39.99 , 28.26 , 2.53 , 0.22 , "2EG J0239+2818" , "0234+285? " , "(4C+28.07) " , "150.21" , "-28.8"
13 , "3EG J0241+6103 " , 40.41 , 61.07 , 2.21 , 0.07 , "2EG J0241+6118" , "GEV J0241+6102" , "LSI +61 303? " , "135.86" , "0.99"
14 , "3EG J0245+1758 " , 41.36 , 17.97 , 2.61 , 0.44 , " -------- " , " -------- " , " -------- " , "157.62" , "-37.11"
15 , "3EG J0253-0345 " , 43.49 , -3.76 , 0 , 0 , " -------- " , " -------- " , " -------- " , "179.69" , "-52.57"
16 , "3EG J0323+5122 " , 50.9 , 51.37 , 2.38 , 0.41 , "2EG J0323+5126" , " -------- " , " -------- " , "145.63" , "-4.67"
17 , "3EG J0329+2149 " , 52.41 , 21.82 , 2.61 , 0.33 , " -------- " , " -------- " , " -------- " , "164.9" , "-27.88"
18 , "3EG J0340-0201 " , 55.04 , -2.02 , 1.84 , 0.25 , "0336-019 " , "CTA 026 " , " -------- " , "188.39" , "-42.47"
19 , "3EG J0348+3510 " , 57.03 , 35.18 , 2.16 , 0.27 , " -------- " , " -------- " , " -------- " , "159.06" , "-15.02"
20 , "3EG J0348-5708 " , 57.12 , -57.14 , 0 , 0 , " -------- " , " -------- " , " -------- " , "269.35" , "-46.8"
21 , "3EG J0404+0700 " , 61.15 , 7 , 2.65 , 0.26 , " -------- " , " -------- " , " -------- " , "183.99" , "-32.16"
22 , "3EG J0407+1710 " , 61.82 , 17.18 , 2.93 , 0.37 , "2EG J0406+1704" , " -------- " , " -------- " , "175.63" , "-25.07"
23 , "3EG J0412-1853 " , 63.14 , -18.88 , 3.25 , 0.68 , "0414-189 " , " -------- " , " -------- " , "213.89" , "-43.29"
24 , "3EG J0416+3650 " , 64.04 , 36.84 , 2.59 , 0.32 , "0415+379? " , "(3C 111) " , " -------- " , "162.21" , "-9.97"
25 , "3EG J0422-0102 " , 65.65 , -1.04 , 2.44 , 0.19 , "2EG J0423-0058" , "0420-014 " , " -------- " , "194.87" , "-33.12"
26 , "3EG J0423+1707 " , 65.92 , 17.13 , 2.43 , 0.21 , "2EGS J0426+163" , " -------- " , " -------- " , "178.47" , "-22.14"
27 , "3EG J0426+1333 " , 66.67 , 13.56 , 2.17 , 0.25 , "2EG J0422+1414" , " -------- " , " -------- " , "181.98" , "-23.83"
28 , "3EG J0429+0337 " , 67.42 , 3.63 , 3.02 , 0.27 , " -------- " , " -------- " , " -------- " , "191.43" , "-29.09"
29 , "3EG J0433+2908 " , 68.4 , 29.14 , 1.9 , 0.1 , "2EG J0432+2910" , "GEV J0433+2907" , "0430+2859 " , "170.48" , "-12.58"
30 , "3EG J0435+6137 " , 68.92 , 61.62 , 2.46 , 0.35 , " -------- " , " -------- " , " -------- " , "146.49" , "9.49"
31 , "3EG J0439+1555 " , 69.81 , 15.93 , 2.27 , 0.44 , "2EG J0437+1524" , " -------- " , " -------- " , "181.97" , "-19.98"
32 , "3EG J0439+1105 " , 69.81 , 11.09 , 2.44 , 0.29 , " -------- " , " -------- " , " -------- " , "186.14" , "-22.87"
33 , "3EG J0442-0033 " , 70.55 , -0.55 , 2.37 , 0.18 , "2EGS J0442-003" , "GEV J0441-0044" , "0440-003 " , "197.38" , "-28.69"
34 , "3EG J0450+1105 " , 72.61 , 11.09 , 2.27 , 0.16 , "0446+112 " , "2EG J0450+1122" , " -------- " , "187.85" , "-20.63"
35 , "3EG J0456-2338 " , 74.24 , -23.64 , 3.14 , 0.47 , "0454-234 " , " -------- " , " -------- " , "223.96" , "-34.99"
36 , "3EG J0459+3352 " , 74.78 , 33.87 , 2.54 , 0.24 , "2EG J0506+3424" , " -------- " , " -------- " , "170.3" , "-5.38"
37 , "3EG J0458-4635 " , 74.57 , -46.6 , 2.75 , 0.35 , "0454-463 " , " -------- " , " -------- " , "252.39" , "-38.4"
38 , "3EG J0459+0544 " , 74.93 , 5.75 , 2.36 , 0.4 , "0459+060 " , " -------- " , " -------- " , "193.99" , "-21.66"
39 , "3EG J0500+2529 " , 75.07 , 25.49 , 2.52 , 0.32 , " -------- " , " -------- " , " -------- " , "177.18" , "-10.28"
40 , "3EG J0500-0159 " , 75.1 , -1.99 , 2.45 , 0.27 , "2EG J0458-0122" , "0458-020 " , " -------- " , "201.34" , "-25.48"
41 , "3EG J0510+5545 " , 77.63 , 55.77 , 2.19 , 0.2 , "2EG J0511+5523" , " -------- " , " -------- " , "153.98" , "9.41"
42 , "3EG J0512-6150 " , 78.15 , -61.84 , 2.4 , 0.26 , "0506-612? " , " -------- " , " -------- " , "271.25" , "-35.29"
43 , "3EG J0516+2320 " , 79.11 , 23.35 , 2.67 , 0.33 , "91/6/11 SOL.FL" , " -------- " , " -------- " , "181.11" , "-8.54"
44 , "3EG J0520+2556 " , 80.14 , 25.75 , 2.83 , 0.24 , "2EG J0520+2626" , " -------- " , " -------- " , "179.65" , "-6.41"
45 , "3EG J0521+2147 " , 80.38 , 21.8 , 2.48 , 0.15 , "2EG J0521+2206" , " -------- " , " -------- " , "183.07" , "-8.43"
46 , "3EG J0530+1323 " , 82.74 , 13.38 , 2.46 , 0.04 , "2EG J0531+1324" , "GEV J0530+1340" , "0528+134 " , "191.5" , "-11.09"
47 , "3EG J0530-3626 " , 82.54 , -36.44 , 2.63 , 0.42 , "2EG J0524-3630" , "0521-365? " , " -------- " , "240.93" , "-31.3"
48 , "3EG J0533+4751 " , 83.32 , 47.85 , 2.55 , 0.23 , " -------- " , " -------- " , " -------- " , "162.61" , "7.95"
49 , "3EG J0531-2940 " , 82.91 , -29.68 , 2.47 , 0.6 , "0537-286? " , " -------- " , " -------- " , "233.44" , "-29.32"
50 , "3EG J0534+2200 " , 83.57 , 22.01 , 2.19 , 0.02 , "2EG J0534+2158" , "GEV J0534+2159" , "PSR B0531+21 " , "184.52" , "-5.84"
51 , "3EG J0533-6916 " , 83.42 , -69.27 , 2.2 , 0.2 , "2EG J0532-6914" , "LMC " , " -------- " , "279.72" , "-32.1"
52 , "3EG J0540-4402 " , 85.02 , -44.05 , 2.41 , 0.12 , "2EG J0536-4348" , "GEV J0540-4359" , "0537-441 " , "250.08" , "-30.87"
53 , "3EG J0542+2610 " , 85.69 , 26.17 , 2.67 , 0.22 , "GRO J0542+26 " , "S147 SNR? " , " -------- " , "182.02" , "-1.99"
54 , "3EG J0542-0655 " , 85.57 , -6.93 , 0 , 0 , "0539-057? " , " -------- " , " -------- " , "211.29" , "-18.52"
55 , "3EG J0546+3948 " , 86.55 , 39.81 , 2.85 , 0.21 , "2EG J0545+3943" , " -------- " , " -------- " , "170.74" , "5.73"
56 , "3EG J0556+0409 " , 89.06 , 4.15 , 2.45 , 0.16 , "2EGS J0555+040" , " -------- " , " -------- " , "202.81" , "-10.3"
57 , "3EG J0613+4201 " , 93.49 , 42.02 , 1.92 , 0.26 , "GEV J0615+4200" , " -------- " , " -------- " , "171.32" , "11.39"
58 , "3EG J0617+2238 " , 94.3 , 22.63 , 2.01 , 0.06 , "2EG J0618+2234" , "GEV J0617+2237" , "IC 443 SNR? " , "188.99" , "3.04"
59 , "3EG J0616-0720 " , 94.16 , -7.35 , 2.43 , 0.3 , "2EG J0617-0652" , " -------- " , " -------- " , "215.58" , "-11.07"
60 , "3EG J0616-3310 " , 94.15 , -33.17 , 2.11 , 0.24 , " -------- " , " -------- " , " -------- " , "240.34" , "-21.25"
61 , "3EG J0622-1139 " , 95.58 , -11.66 , 2.67 , 0.43 , "0616-116 " , " -------- " , " -------- " , "220.16" , "-11.69"
62 , "3EG J0628+1847 " , 97.18 , 18.79 , 2.3 , 0.1 , " -------- " , " -------- " , " -------- " , "193.66" , "3.64"
63 , "3EG J0631+0642 " , 97.92 , 6.72 , 2.06 , 0.15 , "GEV J0633+0645" , " -------- " , " -------- " , "204.7" , "-1.31"
64 , "3EG J0633+1751 " , 98.49 , 17.86 , 1.66 , 0.01 , "2EG J0633+1745" , "GEV J0634+1746" , "PSR J0633+1746" , "195.06" , "4.31"
65 , "3EG J0634+0521 " , 98.51 , 5.36 , 2.03 , 0.26 , "2EG J0635+0521" , " -------- " , " -------- " , "206.17" , "-1.41"
66 , "3EG J0702-6212 " , 105.58 , -62.21 , 2.4 , 0.33 , " -------- " , " -------- " , " -------- " , "272.64" , "-22.57"
67 , "3EG J0706-3837 " , 106.72 , -38.63 , 2.3 , 0.43 , " -------- " , " -------- " , " -------- " , "249.56" , "-13.77"
68 , "3EG J0721+7120 " , 110.43 , 71.35 , 2.19 , 0.11 , "2EG J0720+7126" , "GEV J0719+7133" , "0716+714 " , "143.97" , "28"
69 , "3EG J0724-4713 " , 111.09 , -47.23 , 2.6 , 0.36 , "2EG J0720-4746" , " -------- " , " -------- " , "259" , "-14.38"
70 , "3EG J0725-5140 " , 111.38 , -51.68 , 2.51 , 0.36 , "2EG J0724-5157" , " -------- " , " -------- " , "263.28" , "-16.03"
71 , "3EG J0737+1721 " , 114.47 , 17.35 , 2.6 , 0.28 , "2EG J0737+1725" , "0735+178 " , " -------- " , "202.16" , "17.87"
72 , "3EG J0743+5447 " , 115.83 , 54.8 , 2.03 , 0.2 , "2EG J0744+5438" , "0738+5451 " , " -------- " , "162.98" , "29.19"
73 , "3EG J0747-3412 " , 116.88 , -34.22 , 2.22 , 0.3 , " -------- " , " -------- " , " -------- " , "249.34" , "-4.49"
74 , "3EG J0808+5114 " , 122.15 , 51.24 , 2.76 , 0.34 , "2EG J0809+5117" , "0803+5126? " , " -------- " , "167.51" , "32.66"
75 , "3EG J0808+4844 " , 122.18 , 48.75 , 2.15 , 0.45 , "2EG J0807+4849" , "0804+499? " , "0809+483? " , "170.45" , "32.47"
76 , "3EG J0808-5344 " , 122.11 , -53.75 , 2.46 , 0.28 , "GRO J0807-53 " , " -------- " , " -------- " , "268.24" , "-11.21"
77 , "3EG J0812-0646 " , 123.14 , -6.78 , 2.34 , 0.29 , "2EG J0812-0648" , "0805-077? " , " -------- " , "228.64" , "14.62"
78 , "3EG J0821-5814 " , 125.32 , -58.24 , 3.22 , 0.79 , " -------- " , " -------- " , " -------- " , "273.1" , "-12.05"
79 , "3EG J0824-4610 " , 126.17 , -46.18 , 2.36 , 0.07 , "LIKELY ARTIFAC" , " -------- " , " -------- " , "263.27" , "-4.89"
80 , "3EG J0828+0508 " , 127.04 , 5.14 , 2.47 , 0.4 , "2EG J0828+0510" , "0829+046 " , " -------- " , "219.6" , "23.82"
81 , "3EG J0827-4247 " , 126.98 , -42.79 , 2.1 , 0.12 , "LIKELY ARTIFAC" , " -------- " , " -------- " , "260.83" , "-2.46"
82 , "3EG J0829+2413 " , 127.49 , 24.22 , 2.42 , 0.21 , "2EG J0831+2403" , "0827+243 " , " -------- " , "199.9" , "31.69"
83 , "3EG J0828-4954 " , 127.24 , -49.91 , 2.59 , 0.25 , "LIKELY ARTIFAC" , " -------- " , " -------- " , "266.75" , "-6.45"
84 , "3EG J0834-4511 " , 128.73 , -45.2 , 1.69 , 0.01 , "2EG J0835-4513" , "GEV J0835-4512" , "PSR B0833-45 " , "263.52" , "-2.87"
85 , "3EG J0841-4356 " , 130.49 , -43.95 , 2.15 , 0.09 , "LIKELY ARTIFAC" , " -------- " , " -------- " , "263.29" , "-1.11"
86 , "3EG J0845+7049 " , 131.46 , 70.83 , 2.62 , 0.16 , "2EG J0831+7044" , "0836+710 " , " -------- " , "143.48" , "34.79"
87 , "3EG J0848-4429 " , 132.25 , -44.5 , 2.05 , 0.16 , "POSS. ARTIFACT" , " -------- " , " -------- " , "264.5" , "-0.47"
88 , "3EG J0852-1216 " , 133.16 , -12.27 , 1.58 , 0.58 , "2EG J0852-1237" , "PMN J0850-1213" , " -------- " , "239.06" , "19.98"
89 , "3EG J0853+1941 " , 133.42 , 19.68 , 2.03 , 0.35 , "0851+202 " , "OJ +287 " , " -------- " , "207.19" , "35.42"
90 , "3EG J0859-4257 " , 134.92 , -42.95 , 2.32 , 0.2 , "LIKELY ARTIFAC" , " -------- " , " -------- " , "264.56" , "2"
91 , "3EG J0903-3531 " , 135.79 , -35.53 , 2.66 , 0.24 , "GRO J0902-35 " , " -------- " , " -------- " , "259.39" , "7.39"
92 , "3EG J0910+6556 " , 137.64 , 65.93 , 2.2 , 0.26 , "2EGS J0909+655" , " -------- " , " -------- " , "148.3" , "38.56"
93 , "3EG J0917+4427 " , 139.33 , 44.45 , 2.19 , 0.14 , "2EG J0917+4420" , "0917+449? " , " -------- " , "176.11" , "44.18"
94 , "3EG J0952+5501 " , 148.01 , 55.02 , 2.12 , 0.18 , "2EG J0957+5515" , "GEV J0956+5508" , "0954+556 " , "159.55" , "47.33"
95 , "3EG J0958+6533 " , 149.62 , 65.56 , 2.08 , 0.24 , "2EG J0958+6537" , "0954+658 " , " -------- " , "145.77" , "43.1"
96 , "3EG J1009+4855 " , 152.29 , 48.93 , 1.9 , 0.37 , "1011+496? " , " -------- " , " -------- " , "166.87" , "51.99"
97 , "3EG J1013-5915 " , 153.34 , -59.25 , 2.32 , 0.13 , "2EG J1021-5835" , "(PARTIAL) " , " -------- " , "283.92" , "-2.35"
98 , "3EG J1014-5705 " , 153.54 , -57.1 , 2.23 , 0.2 , "2EG J1021-5835" , "(PARTIAL) " , " -------- " , "282.79" , "-0.51"
99 , "3EG J1027-5817 " , 156.9 , -58.27 , 1.94 , 0.09 , "2EG J1021-5835" , "(PARTIAL) " , "GEV J1025-5809" , "284.94" , "-0.52"
100 , "3EG J1045-7630 " , 161.34 , -76.51 , 2.52 , 0.29 , "2EGS J1050-765" , " -------- " , " -------- " , "295.66" , "-15.46"
101 , "3EG J1048-5840 " , 162.14 , -58.68 , 1.97 , 0.09 , "2EG J1049-5847" , "GEV J1046-5840" , " -------- " , "287.53" , "0.46"
102 , "3EG J1052+5718 " , 163.21 , 57.31 , 2.51 , 0.46 , "2EG J1054+5736" , "1055+567? " , " -------- " , "149.47" , "53.27"
103 , "3EG J1058-5234 " , 164.68 , -52.57 , 1.94 , 0.1 , "2EG J1059-5237" , "GEV J1059-5218" , "PSR B1055-52 " , "286.13" , "6.58"
104 , "3EG J1102-6103 " , 165.6 , -61.05 , 2.47 , 0.21 , "2EG J1103-6106" , "MSH 11-62 SNR?" , " -------- " , "290.12" , "-0.93"
105 , "3EG J1104+3809 " , 166.1 , 38.15 , 1.57 , 0.15 , "2EG J1104+3812" , "GEV J1104+3809" , "1101+384 " , "179.97" , "65.04"
106 , "3EG J1133+0033 " , 173.35 , 0.55 , 2.73 , 0.63 , "2EGS J1133+003" , " -------- " , " -------- " , "264.52" , "57.48"
107 , "3EG J1134-1530 " , 173.66 , -15.5 , 2.7 , 0.31 , "2EG J1134-1515" , "1127-145? " , " -------- " , "277.03" , "43.47"
108 , "3EG J1200+2847 " , 180.12 , 28.8 , 1.98 , 0.22 , "2EG J1158+2906" , "GEV J1201+2906" , "1156+295 " , "201.52" , "78.63"
109 , "3EG J1212+2304 " , 183.15 , 23.08 , 2.76 , 0.6 , " -------- " , " -------- " , " -------- " , "235.54" , "80.32"
110 , "3EG J1219-1520 " , 184.82 , -15.34 , 2.52 , 0.54 , "2EGS J1220-151" , " -------- " , " -------- " , "291.56" , "46.81"
111 , "3EG J1222+2315 " , 185.61 , 23.26 , 0 , 0 , " -------- " , " -------- " , " -------- " , "241.88" , "82.38"
112 , "3EG J1222+2841 " , 185.75 , 28.7 , 1.73 , 0.18 , "2EGS J1222+282" , "GEV J1222+2837" , "1219+285 " , "197.25" , "83.52"
113 , "3EG J1224+2118 " , 186.11 , 21.31 , 2.28 , 0.13 , "2EG J1224+2155" , "1222+216 " , " -------- " , "254.89" , "81.53"
114 , "3EG J1227+4302 " , 186.76 , 43.04 , 0 , 0 , " -------- " , " -------- " , " -------- " , "138.64" , "73.33"
115 , "3EG J1229+0210 " , 187.25 , 2.17 , 2.58 , 0.09 , "2EG J1229+0206" , "1226+023 " , "3C 273 " , "289.83" , "64.46"
116 , "3EG J1230-0247 " , 187.65 , -2.79 , 2.85 , 0.3 , "2EG J1230-0254" , "1229-021 " , " -------- " , "292.58" , "59.66"
117 , "3EG J1234-1318 " , 188.51 , -13.31 , 2.09 , 0.24 , "2EG J1233-1407" , " -------- " , " -------- " , "296.42" , "49.34"
118 , "3EG J1235+0233 " , 188.81 , 2.56 , 2.39 , 0.35 , " -------- " , " -------- " , " -------- " , "293.27" , "65.12"
119 , "3EG J1236+0457 " , 188.91 , 4.97 , 2.48 , 0.46 , "2EG J1239+0441" , "1237+0459? " , " -------- " , "292.59" , "67.52"
120 , "3EG J1246-0651 " , 191.75 , -6.86 , 2.73 , 0.17 , "1243-072 " , " -------- " , " -------- " , "300.96" , "55.99"
121 , "3EG J1249-8330 " , 192.26 , -83.5 , 2.14 , 0.27 , "2EG J1248-8308" , " -------- " , " -------- " , "302.85" , "-20.64"
122 , "3EG J1255-0549 " , 193.98 , -5.82 , 1.96 , 0.04 , "2EG J1256-0546" , "GEV J1256-0546" , "1253-055 " , "304.98" , "57.03"
123 , "3EG J1300-4406 " , 195.06 , -44.1 , 3.07 , 0.4 , " -------- " , " -------- " , " -------- " , "304.6" , "18.74"
124 , "3EG J1308-6112 " , 197.18 , -61.22 , 3.14 , 0.59 , "GRO J1308-61 " , " -------- " , " -------- " , "305.01" , "1.58"
125 , "3EG J1310-0517 " , 197.6 , -5.3 , 2.34 , 0.22 , " -------- " , " -------- " , " -------- " , "311.68" , "57.24"
126 , "3EG J1314-3431 " , 198.51 , -34.52 , 2.28 , 0.19 , "2EG J1314-3430" , "1313-333? " , " -------- " , "308.2" , "28.11"
127 , "3EG J1316-5244 " , 199.24 , -52.75 , 2.54 , 0.18 , " -------- " , " -------- " , " -------- " , "306.84" , "9.92"
128 , "3EG J1308+8744 " , 197.08958 , 87.74 , 3.17 , 0.66 , "2EG J1332+8821" , " -------- " , " -------- " , "122.74" , "29.38"
129 , "3EG J1323+2200 " , 200.8 , 22.01 , 1.86 , 0.35 , "2EGS J1324+221" , "1324+224? " , " -------- " , "359.3" , "81.15"
130 , "3EG J1324-4314 " , 201.15 , -43.25 , 2.58 , 0.26 , "2EG J1324-4317" , "CEN A " , "(NGC 5128) " , "309.31" , "19.2"
131 , "3EG J1329-4602 " , 202.41 , -46.04 , 2.67 , 0.27 , " -------- " , " -------- " , " -------- " , "309.82" , "16.31"
132 , "3EG J1329+1708 " , 202.39 , 17.14 , 2.41 , 0.47 , "2EG J1330+1652" , "1331+170 " , " -------- " , "346.3" , "76.68"
133 , "3EG J1337+5029 " , 204.38 , 50.48 , 1.83 , 0.29 , " -------- " , " -------- " , " -------- " , "105.39" , "65.05"
134 , "3EG J1339-1419 " , 204.84 , -14.32 , 2.62 , 0.42 , "1334-127 " , " -------- " , " -------- " , "320.06" , "46.94"
135 , "3EG J1347+2932 " , 206.8 , 29.54 , 2.51 , 0.61 , "2EG J1346+2942" , " -------- " , " -------- " , "47.31" , "77.5"
136 , "3EG J1409-0745 " , 212.42 , -7.75 , 2.29 , 0.11 , "2EG J1409-0742" , "GEV J1409-0741" , "1406-076 " , "334.22" , "50.3"
137 , "3EG J1410-6147 " , 212.73 , -61.73 , 2.12 , 0.14 , "2EG J1412-6211" , "G312.4-0.4 SNR" , " -------- " , "312.19" , "-0.3"
138 , "3EG J1420-6038 " , 215.11 , -60.64 , 2.02 , 0.14 , "2EGS J1418-604" , "GEV J1417-6100" , " -------- " , "313.63" , "0.36"
139 , "3EG J1424+3734 " , 216.22 , 37.58 , 3.25 , 0.46 , " -------- " , " -------- " , " -------- " , "66.81" , "67.75"
140 , "3EG J1429-4217 " , 217.39 , -42.3 , 2.13 , 0.21 , "2EGS J1429-422" , "1424-418 " , " -------- " , "321.65" , "16.97"
141 , "3EG J1447-3936 " , 221.95 , -39.61 , 2.45 , 0.34 , " -------- " , " -------- " , " -------- " , "326.12" , "17.96"
142 , "3EG J1457-1903 " , 224.42 , -19.06 , 2.67 , 0.43 , "2EG J1457-1916" , " -------- " , " -------- " , "339.87" , "34.6"
143 , "3EG J1500-3509 " , 225.43 , -35.25 , 2.99 , 0.37 , " -------- " , " -------- " , " -------- " , "330.91" , "20.44"
144 , "3EG J1504-1537 " , 226.2 , -15.63 , 0 , 0 , "2EGS J1504-153" , "1504-166? " , " -------- " , "344.03" , "36.38"
145 , "3EG J1512-0849 " , 228.17 , -8.83 , 2.47 , 0.21 , "2EG J1513-0857" , "1510-089 " , " -------- " , "351.48" , "40.36"
146 , "3EG J1517-2538 " , 229.34 , -25.65 , 2.66 , 0.43 , "1514-241? " , " -------- " , " -------- " , "339.75" , "26.59"
147 , "3EG J1527-2358 " , 231.91 , -23.97 , 2.67 , 0.99 , "2EG J1528-2352" , " -------- " , " -------- " , "342.96" , "26.5"
148 , "3EG J1600-0351 " , 240.22 , -3.86 , 2.65 , 0.59 , " -------- " , " -------- " , " -------- " , "6.29" , "34.8"
149 , "3EG J1605+1553 " , 241.3 , 15.89 , 2.06 , 0.41 , "2EG J1605+1558" , "1604+159 " , "4C +15.54 " , "29.17" , "43.84"
150 , "3EG J1607-1101 " , 241.89 , -11.02 , 0 , 0 , " -------- " , " -------- " , " -------- " , "0.9" , "29.05"
151 , "3EG J1608+1055 " , 242.12 , 10.93 , 2.63 , 0.24 , "2EG J1608+1046" , "1606+106 " , "4C +10.45 " , "23.5" , "41.05"
152 , "3EG J1612-2618 " , 243.18 , -26.31 , 2.71 , 0.23 , " -------- " , " -------- " , " -------- " , "349.39" , "17.89"
153 , "3EG J1614+3424 " , 243.54 , 34.4 , 2.42 , 0.15 , "2EG J1614+3431" , "GEV J1613+3432" , "1611+343 " , "55.43" , "46.29"
154 , "3EG J1616-2221 " , 244.03 , -22.37 , 2.42 , 0.24 , " -------- " , " -------- " , " -------- " , "352.99" , "20.02"
155 , "3EG J1625-2955 " , 246.36 , -29.92 , 2.07 , 0.07 , "1622-297 " , "GEV J1626-2955" , " -------- " , "348.67" , "13.37"
156 , "3EG J1626-2519 " , 246.5 , -25.32 , 2.21 , 0.13 , "2EG J1626-2452" , "GEV J1626-2502" , "1622-253 " , "352.28" , "16.37"
157 , "3EG J1627-2419 " , 246.98 , -24.33 , 2.21 , 0.27 , "RHO OPH RESID " , " -------- " , " -------- " , "353.35" , "16.7"
158 , "3EG J1621+8203 " , 245.32 , 82.06 , 2.29 , 0.49 , " -------- " , " -------- " , " -------- " , "115.52" , "31.77"
159 , "3EG J1631-4033 " , 247.85 , -40.56 , 2.25 , 0.27 , " -------- " , " -------- " , " -------- " , "341.6" , "5.24"
160 , "3EG J1631-1018 " , 247.78 , -10.3 , 2.2 , 0.27 , " -------- " , " -------- " , " -------- " , "5.55" , "24.94"
161 , "3EG J1633-3216 " , 248.43 , -32.28 , 2.58 , 0.24 , " -------- " , " -------- " , " -------- " , "348.09" , "10.47"
162 , "3EG J1634-1434 " , 248.53 , -14.57 , 2.15 , 0.23 , "2EG J1635-1427" , " -------- " , " -------- " , "2.32" , "21.78"
163 , "3EG J1635-1751 " , 248.79 , -17.86 , 0 , 0 , " -------- " , " -------- " , " -------- " , "359.72" , "19.55"
164 , "3EG J1635+3813 " , 248.92 , 38.22 , 2.15 , 0.09 , "2EG J1635+3813" , "GEV J1636+3812" , "1633+382 " , "61.2" , "42.26"
165 , "3EG J1638-5155 " , 249.64 , -51.92 , 2.56 , 0.21 , "2EG J1648-5042" , " -------- " , " -------- " , "334.05" , "-3.34"
166 , "3EG J1639-4702 " , 249.78 , -47.04 , 2.5 , 0.18 , " -------- " , " -------- " , " -------- " , "337.75" , "-0.16"
167 , "3EG J1638-2749 " , 249.67 , -27.83 , 2.47 , 0.15 , "2EGS J1642-265" , " -------- " , " -------- " , "352.24" , "12.58"
168 , "3EG J1646-0704 " , 251.62 , -7.08 , 2.39 , 0.36 , " -------- " , " -------- " , " -------- " , "10.84" , "23.69"
169 , "3EG J1649-1611 " , 252.42 , -16.2 , 2.31 , 0.27 , " -------- " , " -------- " , " -------- " , "3.34" , "17.8"
170 , "3EG J1652-0223 " , 253.02 , -2.4 , 2.53 , 0.24 , " -------- " , " -------- " , " -------- " , "15.99" , "25.04"
171 , "3EG J1653-2133 " , 253.46 , -21.56 , 2.66 , 0.31 , " -------- " , " -------- " , " -------- " , "359.48" , "13.81"
172 , "3EG J1655-4554 " , 253.95 , -45.9 , 2.19 , 0.24 , "2EGS J1653-460" , " -------- " , " -------- " , "340.48" , "-1.61"
173 , "3EG J1659-6251 " , 254.97 , -62.86 , 2.54 , 0.37 , "2EGS J1703-630" , " -------- " , " -------- " , "327.32" , "-12.47"
174 , "3EG J1704-4732 " , 256.12 , -47.54 , 1.86 , 0.33 , " -------- " , " -------- " , " -------- " , "340.1" , "-3.8"
175 , "3EG J1709-0828 " , 257.26 , -8.47 , 3 , 0.35 , "2EGS J1708-092" , " -------- " , " -------- " , "12.85" , "18.25"
176 , "3EG J1710-4439 " , 257.55 , -44.67 , 1.86 , 0.04 , "2EG J1710-4432" , "GEV J1709-4430" , "PSR B1706-44 " , "343" , "-2.87"
177 , "3EG J1714-3857 " , 258.52 , -38.96 , 2.3 , 0.2 , " -------- " , " -------- " , " -------- " , "348.04" , "-0.09"
178 , "3EG J1720-7820 " , 260.22 , -78.34 , 2.74 , 0.38 , "1716-771? " , " -------- " , " -------- " , "314.55" , "-22.18"
179 , "3EG J1717-2737 " , 259.3 , -27.63 , 2.23 , 0.15 , " -------- " , " -------- " , " -------- " , "357.66" , "5.95"
180 , "3EG J1718-3313 " , 259.56 , -33.22 , 2.59 , 0.21 , "2EG J1718-3310" , " -------- " , " -------- " , "353.2" , "2.55"
181 , "3EG J1719-0430 " , 259.79 , -4.51 , 2.2 , 0.24 , "(PLN) J1719-04" , " -------- " , " -------- " , "17.79" , "18.16"
182 , "3EG J1726-0807 " , 261.61 , -8.12 , 2.34 , 0.19 , " -------- " , " -------- " , " -------- " , "15.52" , "14.76"
183 , "3EG J1727+0429 " , 261.97 , 4.5 , 2.67 , 0.26 , "1725+044 " , " -------- " , " -------- " , "27.27" , "20.61"
184 , "3EG J1734-3232 " , 263.56 , -32.55 , 0 , 0 , "GEV J1732-3130" , " -------- " , " -------- " , "355.63" , "0.14"
185 , "3EG J1733-1313 " , 263.46 , -13.23 , 2.23 , 0.1 , "2EG J1735-1312" , "GEV J1732-1344" , "1730-130 " , "12" , "10.56"
186 , "3EG J1733+6017 " , 263.29 , 60.28 , 3 , 0.38 , "2EG J1731+6007" , " -------- " , " -------- " , "89.1" , "32.94"
187 , "3EG J1735-1500 " , 263.97 , -15 , 3.24 , 0.47 , " -------- " , " -------- " , " -------- " , "10.73" , "9.22"
188 , "3EG J1736-2908 " , 264.16 , -29.14 , 2.18 , 0.12 , "2EGS J1736-290" , " -------- " , " -------- " , "358.78" , "1.55"
189 , "3EG J1738+5203 " , 264.64 , 52.05 , 2.42 , 0.23 , "2EG J1739+5152" , "1739+522 " , " -------- " , "79.36" , "32.05"
190 , "3EG J1741-2312 " , 265.42 , -23.21 , 2.49 , 0.14 , "2EG J1742-2250" , " -------- " , " -------- " , "4.41" , "3.75"
191 , "3EG J1741-2050 " , 265.41 , -20.84 , 2.25 , 0.12 , " -------- " , " -------- " , " -------- " , "6.43" , "5"
192 , "3EG J1744-3934 " , 266.2 , -39.57 , 2.42 , 0.17 , " -------- " , " -------- " , " -------- " , "350.81" , "-5.39"
193 , "3EG J1744-0310 " , 266.02 , -3.18 , 2.42 , 0.42 , "1741-038 " , " -------- " , " -------- " , "22.19" , "13.42"
194 , "3EG J1744-3011 " , 266.23 , -30.19 , 2.17 , 0.08 , "2EG J1747-3039" , " -------- " , " -------- " , "358.85" , "-0.53"
195 , "3EG J1746-2851 " , 266.51 , -28.86 , 1.7 , 0.07 , "2EG J1746-2852" , "GEV J1746-2854" , " -------- " , "0.11" , "-0.04"
196 , "3EG J1746-1001 " , 266.5 , -10.03 , 2.55 , 0.18 , "2EG J1746-0935" , " -------- " , " -------- " , "16.34" , "9.63"
197 , "3EG J1757-0711 " , 269.48 , -7.2 , 2.51 , 0.2 , " -------- " , " -------- " , " -------- " , "20.3" , "8.46"
198 , "3EG J1800-3955 " , 270.22 , -39.93 , 3.1 , 0.35 , "2EGS J1800-400" , "1759-396 " , " -------- " , "352.04" , "-8.25"
199 , "3EG J1800-2338 " , 270.12 , -23.65 , 2.1 , 0.1 , "2EG J1801-2312" , "GEV J1800-2328" , "W28 SNR? " , "6.24" , "-0.19"
200 , "3EG J1800-0146 " , 270.22 , -1.78 , 2.79 , 0.22 , " -------- " , " -------- " , " -------- " , "25.49" , "10.39"
201 , "3EG J1806-5005 " , 271.54 , -50.1 , 2.93 , 0.43 , "PMN J1808-5011" , " -------- " , " -------- " , "343.28" , "-13.76"
202 , "3EG J1809-2328 " , 272.49 , -23.47 , 2.06 , 0.08 , "2EG J1811-2339" , "GEV J1809-2327" , " -------- " , "7.46" , "-1.99"
203 , "3EG J1810-1032 " , 272.52 , -10.54 , 2.29 , 0.16 , " -------- " , " -------- " , " -------- " , "18.81" , "4.22"
204 , "3EG J1813-6419 " , 273.34 , -64.33 , 2.85 , 0.44 , " -------- " , " -------- " , " -------- " , "330.03" , "-20.32"
205 , "3EG J1812-1316 " , 273.14 , -13.27 , 2.29 , 0.11 , "2EG J1813-1229" , "GEV J1814-1228" , " -------- " , "16.7" , "2.38"
206 , "3EG J1825-7926 " , 276.26 , -79.44 , 2.47 , 0.31 , "2EG J1821-7915" , " -------- " , " -------- " , "314.56" , "-25.44"
207 , "3EG J1822+1641 " , 275.57 , 16.7 , 3.06 , 0.68 , " -------- " , " -------- " , " -------- " , "44.83" , "13.83"
208 , "3EG J1823-1314 " , 275.77 , -13.24 , 2.69 , 0.19 , "2EG J1825-1307" , "GEV J1825-1310" , "KES 67 SNR? " , "17.94" , "0.14"
209 , "3EG J1824-1514 " , 276.2 , -15.24 , 2.19 , 0.18 , " -------- " , " -------- " , " -------- " , "16.37" , "-1.17"
210 , "3EG J1824+3441 " , 276.21 , 34.69 , 2.03 , 0.5 , " -------- " , " -------- " , " -------- " , "62.48" , "20.13"
211 , "3EG J1825+2854 " , 276.29 , 28.91 , 4.47 , 1.15 , " -------- " , " -------- " , " -------- " , "56.78" , "18.03"
212 , "3EG J1826-1302 " , 276.55 , -13.04 , 2 , 0.11 , "2EG J1825-1307" , " -------- " , " -------- " , "18.47" , "-0.44"
213 , "3EG J1828+0142 " , 277.25 , 1.72 , 2.76 , 0.39 , "2EG J1828+0145" , " -------- " , " -------- " , "31.9" , "5.77"
214 , "3EG J1832-2110 " , 278.1 , -21.18 , 2.59 , 0.13 , "2EG J1834-2138" , "GEV J1832-2128" , "1830-210 " , "11.92" , "-5.51"
215 , "3EG J1834-2803 " , 278.59 , -28.06 , 2.62 , 0.2 , "2EGS J1833-275" , " -------- " , " -------- " , "5.92" , "-8.98"
216 , "3EG J1836-4933 " , 279.52 , -49.56 , 2.14 , 0.35 , " -------- " , " -------- " , " -------- " , "345.92" , "-18.27"
217 , "3EG J1837-0606 " , 279.26 , -6.1 , 1.82 , 0.14 , "GRO J1835-06 " , "GEV J1837-0610" , " -------- " , "25.86" , "0.4"
218 , "3EG J1835+5918 " , 278.87 , 59.32 , 1.69 , 0.07 , "2EG J1835+5919" , "GEV J1835+5921" , " -------- " , "88.74" , "25.07"
219 , "3EG J1837-0423 " , 279.41 , -4.4 , 2.71 , 0.44 , " -------- " , " -------- " , " -------- " , "27.44" , "1.05"
220 , "3EG J1847-3219 " , 281.9 , -32.32 , 2.67 , 0.42 , "2EG J1847-3220" , " -------- " , " -------- " , "3.21" , "-13.37"
221 , "3EG J1850-2652 " , 282.67 , -26.88 , 2.29 , 0.45 , "2EG J1850-2638" , " -------- " , " -------- " , "8.57" , "-11.75"
222 , "3EG J1850+5903 " , 282.54 , 59.05 , 2.58 , 0.41 , " -------- " , " -------- " , " -------- " , "88.91" , "23.18"
223 , "3EG J1856+0114 " , 284.1 , 1.24 , 1.93 , 0.1 , "2EG J1857+0118" , "GEV J1856+0115" , "W44 SNR? " , "34.6" , "-0.54"
224 , "3EG J1858-2137 " , 284.61 , -21.62 , 3.45 , 0.38 , " -------- " , " -------- " , " -------- " , "14.2" , "-11.15"
225 , "3EG J1903+0550 " , 285.91 , 5.84 , 2.38 , 0.17 , "2EGS J1903+052" , "GEV J1907+0557" , "G40.5-0.5 SNR?" , "39.51" , "-0.05"
226 , "3EG J1904-1124 " , 286.21 , -11.41 , 2.6 , 0.21 , "2EGS J1905-112" , " -------- " , " -------- " , "24.22" , "-8.12"
227 , "3EG J1911-2000 " , 287.93 , -20 , 2.39 , 0.18 , "2EG J1911-1945" , "1908-201 " , " -------- " , "17.03" , "-13.29"
228 , "3EG J1921-2015 " , 290.5 , -20.26 , 0 , 0 , "1920-211? " , " -------- " , " -------- " , "17.8" , "-15.6"
229 , "3EG J1928+1733 " , 292.1 , 17.56 , 2.23 , 0.32 , " -------- " , " -------- " , " -------- " , "52.7" , "0.07"
230 , "3EG J1935-4022 " , 293.98 , -40.38 , 2.86 , 0.4 , "2EG J1934-4014" , "1933-400 " , " -------- " , "358.64" , "-25.23"
231 , "3EG J1937-1529 " , 294.47 , -15.49 , 3.45 , 1.27 , "1936-155 " , " -------- " , " -------- " , "23.94" , "-17.13"
232 , "3EG J1940-0121 " , 295.23 , -1.36 , 3.15 , 0.39 , " -------- " , " -------- " , " -------- " , "37.41" , "-11.63"
233 , "3EG J1949-3456 " , 297.29 , -34.94 , 0 , 0 , "2EG J1950-3503" , " -------- " , " -------- " , "5.24" , "-26.3"
234 , "3EG J1955-1414 " , 298.94 , -14.25 , 2.53 , 0.28 , "2EGS J1954-141" , " -------- " , " -------- " , "27" , "-20.56"
235 , "3EG J1958-4443 " , 299.5 , -44.72 , 0 , 0 , " -------- " , " -------- " , " -------- " , "354.85" , "-30.13"
236 , "3EG J1958+2909 " , 299.69 , 29.16 , 1.85 , 0.2 , "GEV J1957+2859" , " -------- " , " -------- " , "66.22" , "-0.17"
237 , "3EG J1959+6342 " , 299.78 , 63.71 , 2.45 , 0.25 , " -------- " , " -------- " , " -------- " , "96.61" , "17.1"
238 , "3EG J2006-2321 " , 301.54 , -23.35 , 2.33 , 0.36 , "2EG J2006-2253" , " -------- " , " -------- " , "18.82" , "-26.26"
239 , "3EG J2016+3657 " , 304.05 , 36.94 , 2.09 , 0.11 , "2EG J2019+3719" , "(PARTIAL) " , "GEV J2020+3658" , "74.74" , "0.97"
240 , "3EG J2020-1545 " , 305.1 , -15.75 , 3.4 , 0.55 , " -------- " , " -------- " , " -------- " , "28.09" , "-26.62"
241 , "3EG J2020+4017 " , 305.25 , 40.3 , 2.08 , 0.04 , "2EG J2020+4026" , "GEV J2020+4023" , "GAMMA CYG SNR?" , "78.05" , "2.08"
242 , "3EG J2021+3716 " , 305.3 , 37.27 , 1.86 , 0.1 , "2EG J2019+3719" , "(PARTIAL) " , " -------- " , "75.57" , "0.33"
243 , "3EG J2022+4317 " , 305.52 , 43.29 , 2.31 , 0.19 , " -------- " , " -------- " , " -------- " , "80.62" , "3.61"
244 , "3EG J2025-0744 " , 306.36 , -7.75 , 2.38 , 0.17 , "2EG J2023-0836" , "GEV J2024-0812" , "2022-077 " , "36.71" , "-24.41"
245 , "3EG J2027+3429 " , 306.95 , 34.5 , 2.28 , 0.15 , "2EG J2026+3610" , " -------- " , " -------- " , "74.08" , "-2.36"
246 , "3EG J2034-3110 " , 308.73 , -31.18 , 3.43 , 0.78 , " -------- " , " -------- " , " -------- " , "12.25" , "-34.64"
247 , "3EG J2033+4118 " , 308.41 , 41.32 , 1.96 , 0.1 , "2EG J2033+4112" , " -------- " , " -------- " , "80.27" , "0.73"
248 , "3EG J2035+4441 " , 308.85 , 44.69 , 2.08 , 0.26 , " -------- " , " -------- " , " -------- " , "83.16" , "2.48"
249 , "3EG J2036+1132 " , 309.18 , 11.54 , 2.83 , 0.26 , "2EG J2039+1131" , "2032+107 " , " -------- " , "56.11" , "-17.19"
250 , "3EG J2046+0933 " , 311.58 , 9.57 , 2.22 , 0.51 , " -------- " , " -------- " , " -------- " , "55.76" , "-20.24"
251 , "3EG J2055-4716 " , 313.8 , -47.28 , 2.04 , 0.35 , "2EG J2058-4657" , "2052-474 " , " -------- " , "352.55" , "-40.2"
252 , "3EG J2100+6012 " , 315.18 , 60.21 , 2.21 , 0.25 , "2105+598? " , " -------- " , " -------- " , "97.76" , "9.16"
253 , "3EG J2158-3023 " , 329.68 , -30.4 , 2.35 , 0.26 , "2155-304 " , " -------- " , " -------- " , "17.44" , "-52.24"
254 , "3EG J2202+4217 " , 330.6 , 42.29 , 2.6 , 0.28 , "2200+420 " , "BL LACERTAE " , " -------- " , "92.54" , "-10.4"
255 , "3EG J2206+6602 " , 331.6 , 66.05 , 2.29 , 0.26 , "2206+650? " , " -------- " , " -------- " , "107.23" , "8.34"
256 , "3EG J2209+2401 " , 332.41 , 24.03 , 2.48 , 0.5 , "2EG J2210+2358" , "2209+236 " , " -------- " , "81.83" , "-25.65"
257 , "3EG J2219-7941 " , 335 , -79.69 , 2.5 , 0.29 , " -------- " , " -------- " , " -------- " , "310.64" , "-35.06"
258 , "3EG J2227+6122 " , 336.81 , 61.37 , 2.24 , 0.14 , "2EG J2227+6122" , "GEV J2227+6101" , " -------- " , "106.52" , "3.18"
259 , "3EG J2232+1147 " , 338.11 , 11.8 , 2.45 , 0.14 , "2EG J2233+1140" , "2230+114 " , "CTA 102 " , "77.45" , "-38.51"
260 , "3EG J2241-6736 " , 340.26 , -67.6 , 2.39 , 0.36 , " -------- " , " -------- " , " -------- " , "319.81" , "-45.02"
261 , "3EG J2243+1509 " , 340.78 , 15.17 , 0 , 0 , "2EG J2243+1545" , " -------- " , " -------- " , "82.69" , "-37.48"
262 , "3EG J2248+1745 " , 342.24 , 17.77 , 2.11 , 0.39 , " -------- " , " -------- " , " -------- " , "86" , "-36.17"
263 , "3EG J2251-1341 " , 342.8 , -13.69 , 2.43 , 0.46 , " -------- " , " -------- " , " -------- " , "52.48" , "-58.91"
264 , "3EG J2254+1601 " , 343.51 , 16.02 , 2.21 , 0.06 , "2EG J2253+1615" , "GEV J2253+1622" , "2251+158 " , "86.04" , "-38.3"
265 , "3EG J2255-5012 " , 343.99 , -50.21 , 2.79 , 0.53 , " -------- " , " -------- " , " -------- " , "338.74" , "-58.13"
266 , "3EG J2255+1943 " , 343.99 , 19.73 , 2.36 , 0.61 , "2250+1926? " , " -------- " , " -------- " , "89.03" , "-35.43"
267 , "3EG J2314+4426 " , 348.7 , 44.44 , 2.34 , 0.32 , " -------- " , " -------- " , " -------- " , "105.31" , "-15.1"
268 , "3EG J2321-0328 " , 350.41 , -3.48 , 0 , 0 , "2EGS J2322-032" , "2320-035 " , " -------- " , "76.82" , "-58.07"
269 , "3EG J2352+3752 " , 358.1 , 37.88 , 2.47 , 0.68 , "2EGS J2354+381" , "2346+385? " , " -------- " , "110.26" , "-23.54"
270 , "3EG J2358+4604 " , 359.57 , 46.07 , 2.38 , 0.38 , "2351+456 " , " -------- " , " -------- " , "113.39" , "-15.82"
271 , "3EG J2359+2041 " , 359.99 , 20.7 , 2.09 , 0.35 , "2356+196 " , "2EG J0000+2041" , " -------- " , "107.01" , "-40.58"
