_id , fermibsl_name , other_name , RA , Dec , LII , BII , Sqrt(TS) , Variability Flag , Gamma flux ph/cm2/s , Source classification , 95% conf. radius 
1 , 0FGL J0007.4+7303 , LAT PSR J0007+7303 , 1.85167 , 73.065 , 119.68 , 10.47 , 64.6 , F , (32.4+/-1.3)10^-8 , Pulsar , 3.2
2 , 0FGL J0017.4-0503 , CGRaBS J0017-0512 , 4.35792 , -5.054 , 101.27 , -66.49 , 14.7 , T , (11.8+/-1.4)10^-8 , FSRQ , 15.1
3 , 0FGL J0025.1-7202 , NGC 104 , 6.295 , -72.042 , 305.78 , -44.95 , 12.7 , F , (5.1+/-2)10^-8 , Globular cluster , 9.8
4 , 0FGL J0030.3+0450 , PSR J0030+0451 , 7.6 , 4.848 , 113.11 , -57.63 , 18.7 , F , < 8.910^-8 , Pulsar , 8.3
5 , 0FGL J0033.6-1921 , BZB J0033-1921 , 8.40083 , -19.36 , 94.21 , -81.22 , 10.7 , F , < 1.410^-8 , BL Lac , 8.8
6 , 0FGL J0036.7+5951 , BZB J0035+5950 , 9.17667 , 59.854 , 121.08 , -2.97 , 10.3 , F , (6.7+/-3.1)10^-8 , BL Lac , 8.6
7 , 0FGL J0050.5-0928 , CGRaBS J0050-0929 , 12.63667 , -9.47 , 122.2 , -72.34 , 20.5 , T , (8.1+/-1.3)10^-8 , BL Lac , 7.8
8 , 0FGL J0051.1-0647 , CGRaBS J0051-0650 , 12.79583 , -6.795 , 122.75 , -69.67 , 15.7 , T , (6.6+/-1.4)10^-8 , FSRQ , 7.6
9 , 0FGL J0100.2+0750 , CRATES J0100+0745 , 15.05083 , 7.844 , 126.71 , -54.97 , 11.1 , F , < 2.510^-8 , Blazar uncertain type , 6.6
10 , 0FGL J0112.1+2247 , CGRaBS J0112+2244 , 18.03375 , 22.79 , 129.14 , -39.84 , 17.6 , F , (54+/-7)10^-9 , BL Lac , 8
11 , 0FGL J0118.7-2139 , CGRaBS J0118-2141 , 19.67583 , -21.656 , 172.98 , -81.73 , 17.8 , T , (7+/-1.1)10^-8 , FSRQ , 9.8
12 , 0FGL J0120.5-2703 , CGRaBS J0120-2701 , 20.12792 , -27.056 , 213.93 , -83.53 , 11.8 , F , (23+/-8)10^-9 , BL Lac , 8.4
13 , 0FGL J0136.6+3903 , BZB J0136+3905 , 24.16292 , 39.066 , 132.44 , -22.97 , 12.5 , F , < 610^-8 , BL Lac , 5.2
14 , 0FGL J0137.1+4751 , CGRaBS J0136+4751 , 24.28583 , 47.854 , 130.81 , -14.32 , 18.8 , T , (10+/-1.6)10^-8 , FSRQ , 7.2
15 , 0FGL J0144.5+2709 , CRATES J0144+2705 , 26.14167 , 27.159 , 137.24 , -34.23 , 10.4 , F , (17+/-5)10^-9 , BL Lac , 12.5
16 , 0FGL J0145.1-2728 , CGRaBS J0145-2733 , 26.28875 , -27.478 , 217.68 , -78.07 , 13.4 , T , (9.2+/-1.3)10^-8 , FSRQ , 14.6
17 , 0FGL J0204.8-1704 , CGRaBS J0204-1701 , 31.21875 , -17.068 , 186.06 , -70.28 , 16.6 , F , (10.2+/-1.3)10^-8 , FSRQ , 9.8
18 , 0FGL J0210.8-5100 , CGRaBS J0210-5101 , 32.70583 , -51.013 , 276.08 , -61.78 , 34.1 , T , (21.4+/-1.2)10^-8 , FSRQ , 4.2
19 , 0FGL J0217.8+0146 , CGRaBS J0217+0144 , 34.46667 , 1.768 , 162.13 , -54.39 , 21.7 , T , (8.9+/-1.2)10^-8 , FSRQ , 6.4
20 , 0FGL J0220.9+3607 , CGRaBS J0221+3556 , 35.24292 , 36.121 , 142.5 , -23.33 , 12.3 , F , (10.7+/-1.3)10^-8 , Blazar uncertain type , 13.5
21 , 0FGL J0222.6+4302 , BZB J0222+4302 , 35.65292 , 43.043 , 140.13 , -16.77 , 47.4 , T , (24+/-1.4)10^-8 , BL Lac , 3.2
22 , 0FGL J0229.5-3640 , BZQ J0229-3643 , 37.375 , -36.681 , 243.79 , -67.19 , 19.2 , T , (13.7+/-1.5)10^-8 , FSRQ , 8.3
23 , 0FGL J0238.4+2855 , CGRaBS J0237+2848 , 39.60083 , 28.923 , 149.52 , -28.37 , 10.9 , F , (8.3+/-1.6)10^-8 , FSRQ , 11.6
24 , 0FGL J0238.6+1636 , CGRaBS J0238+1636 , 39.66292 , 16.613 , 156.77 , -39.12 , 85.7 , T , (60.7+/-2.1)10^-8 , BL Lac , 3.1
25 , 0FGL J0240.3+6113 , LS I+61 303 , 40.09375 , 61.22497 , 135.66 , 1.07 , 42.3 , T , (70.3+/-2.5)10^-8 , Unidentified , 4.1
26 , 0FGL J0245.6-4656 , CRATES J0246-4651 , 41.42292 , -46.93397 , 262.01 , -60.1 , 11.4 , F , (53+/-8)10^-9 , Blazar uncertain type , 11.5
27 , 0FGL J0303.7-2410 , CRATES J0303-2407 , 45.94 , -24.176 , 214.76 , -60.12 , 12.3 , F , (25+/-9)10^-9 , BL Lac , 10.4
28 , 0FGL J0320.0+4131 , CGRaBS J0319+4130 , 50 , 41.52397 , 150.6 , -13.23 , 29.7 , T , (16.6+/-1.4)10^-8 , MDB (Radio galaxy) , 5.2
29 , 0FGL J0334.1-4006 , CGRaBS J0334-4008 , 53.54583 , -40.107 , 244.7 , -54.09 , 13.2 , F , (4.5+/-1.4)10^-8 , BL Lac , 9.1
30 , 0FGL J0349.8-2102 , CGRaBS J0349-2102 , 57.465 , -21.046 , 214.38 , -49.04 , 21.2 , F , (16.7+/-1.6)10^-8 , FSRQ , 9.4
31 , 0FGL J0357.5+3205 , LAT PSR J0357+32 , 59.38792 , 32.084 , 162.71 , -16.06 , 14.9 , F , (10.4+/-1.8)10^-8 , Pulsar , 8.8
32 , 0FGL J0407.6-3829 , CRATES J0406-3826 , 61.92292 , -38.491 , 241.35 , -47.76 , 13.5 , T , (6.5+/-1.3)10^-8 , Blazar uncertain type , 8.5
33 , 0FGL J0412.9-5341 , CRATES J0413-5332 , 63.23 , -53.686 , 262.99 , -44.72 , 10.7 , F , (5.7+/-1.3)10^-8 , Blazar uncertain type , 12.4
34 , 0FGL J0423.1-0112 , CGRaBS J0423-0120 , 65.785 , -1.204 , 195.12 , -33.1 , 11.5 , F , (10.1+/-3.1)10^-8 , FSRQ , 8.6
35 , 0FGL J0428.7-3755 , CGRaBS J0428-3756 , 67.19292 , -37.923 , 240.68 , -43.6 , 39.6 , F , (21.1+/-1.6)10^-8 , BL Lac , 4.8
36 , 0FGL J0449.7-4348 , CRATES J0449-4350 , 72.43458 , -43.81497 , 248.77 , -39.87 , 28.4 , F , (10.9+/-1.4)10^-8 , BL Lac , 4.9
37 , 0FGL J0457.1-2325 , CGRaBS J0457-2324 , 74.28792 , -23.432 , 223.73 , -34.89 , 52.3 , T , (34+/-1.8)10^-8 , FSRQ , 3.9
38 , 0FGL J0507.9+6739 , BZB J0507+6737 , 76.985 , 67.65 , 143.77 , 15.9 , 13.2 , F , < 5.410^-8 , BL Lac , 3.5
39 , 0FGL J0516.2-6200 , CGRaBS J0516-6207 , 79.06292 , -62 , 271.37 , -34.84 , 11.2 , F , < 110^-7 , Blazar uncertain type , 10.9
40 , 0FGL J0531.0+1331 , CGRaBS J0530+1331 , 82.76083 , 13.528 , 191.38 , -11 , 17.3 , T , (22.9+/-2.1)10^-8 , FSRQ , 8
41 , 0FGL J0534.6+2201 , PSR J0534+2200 , 83.65292 , 22.022 , 184.56 , -5.77 , 139.2 , F , (204+/-9.2)10^-8 , Pulsar , 2.8
42 , 0FGL J0538.8-4403 , CRATES J0538-4405 , 84.72458 , -44.062 , 250.05 , -31.08 , 48.6 , T , (31.7+/-1.8)10^-8 , BL Lac , 4.4
43 , 0FGL J0538.4-6856 , LMC , 84.61167 , -68.94 , 279.27 , -31.72 , 17.8 , F , (19.1+/-2.6)10^-8 , Unidentified , 19.5
44 , 0FGL J0613.9-0202 , PSR J0613-0200 , 93.485 , -2.047 , 210.46 , -9.28 , 10 , F , (6.8+/-2.3)10^-8 , Pulsar , 10.5
45 , 0FGL J0614.3-3330 , UNDEFINED , 93.57667 , -33.5 , 240.51 , -21.81 , 28.9 , F , (54+/-2)10^-9 , Unidentified , 5
46 , 0FGL J0617.4+2234 , UNDEFINED , 94.35583 , 22.568 , 189.07 , 3.06 , 50.7 , F , (43.1+/-2.5)10^-8 , SNR/PWN see paper , 3.8
47 , 0FGL J0631.8+1034 , PSR J0631+1036 , 97.955 , 10.57 , 201.3 , 0.5 , 10.4 , F , (6.9+/-3)10^-8 , Pulsar , 9.1
48 , 0FGL J0633.5+0634 , LAT PSR J0633+06 , 98.38667 , 6.578 , 205.04 , -0.96 , 23.4 , F , (18.9+/-2.5)10^-8 , Pulsar , 6.4
49 , 0FGL J0634.0+1745 , PSR J0633+1746 , 98.50292 , 17.76 , 195.15 , 4.28 , 283.2 , F , (286+/-3.8)10^-8 , Pulsar , 2.6
50 , 0FGL J0643.2+0858 , UNDEFINED , 100.82292 , 8.983 , 204 , 2.29 , 15.7 , T , (22.2+/-2.8)10^-8 , Unidentified , 7.3
51 , 0FGL J0654.3+5042 , CGRaBS J0654+5042 , 103.59167 , 50.711 , 165.67 , 21.1 , 15.6 , T , (4.3+/-1.2)10^-8 , Blazar uncertain type , 5
52 , 0FGL J0654.3+4513 , CGRaBS J0654+4514 , 103.58958 , 45.22 , 171.22 , 19.37 , 29.2 , T , (19.1+/-1.6)10^-8 , FSRQ , 4.5
53 , 0FGL J0700.0-6611 , CRATES J0700-6610 , 105.01583 , -66.19897 , 276.77 , -23.82 , 10.1 , F , < 3.510^-8 , Blazar uncertain type , 10.9
54 , 0FGL J0712.9+5034 , CGRaBS J0712+5033 , 108.23083 , 50.575 , 166.68 , 23.9 , 11.2 , T , (30+/-7)10^-9 , BL Lac , 8.8
55 , 0FGL J0714.2+1934 , CLASS J0713+1935 , 108.55167 , 19.574 , 197.68 , 13.64 , 15 , T , (9.5+/-1.6)10^-8 , FSRQ , 7.7
56 , 0FGL J0719.4+3302 , CRATES J0719+3307 , 109.86875 , 33.037 , 185.13 , 19.85 , 12.3 , T , (7.1+/-1.5)10^-8 , FSRQ , 8.5
57 , 0FGL J0722.0+7120 , CGRaBS J0721+7120 , 110.50792 , 71.34797 , 143.97 , 28.03 , 34.4 , T , (15.5+/-1.6)10^-8 , BL Lac , 4.8
58 , 0FGL J0730.4-1142 , BZQ J0730-1141 , 112.60667 , -11.707 , 227.79 , 3.15 , 28.9 , T , (26.2+/-2.2)10^-8 , FSRQ , 4.9
59 , 0FGL J0738.2+1738 , CGRaBS J0738+1742 , 114.57458 , 17.634 , 201.93 , 18.08 , 11.9 , F , (3.3+/-1.4)10^-8 , BL Lac , 8.2
60 , 0FGL J0818.3+4222 , CGRaBS J0818+4222 , 124.57875 , 42.367 , 178.24 , 33.41 , 20.9 , F , (6.2+/-1.1)10^-8 , BL Lac , 5
61 , 0FGL J0824.9+5551 , CGRaBS J0824+5552 , 126.23875 , 55.859 , 161.98 , 35.14 , 10.6 , T , (10.7+/-1.3)10^-8 , FSRQ , 12.8
62 , 0FGL J0826.0-2228 , BZB J0826-2230 , 126.49958 , -22.48 , 243.96 , 8.93 , 12.7 , F , (5.1+/-1.3)10^-8 , BL Lac , 8.6
63 , 0FGL J0835.4-4510 , PSR J0835-4510 , 128.865 , -45.16997 , 263.55 , -2.77 , 374.2 , F , (803+/-5.7)10^-8 , Pulsar , 2.5
64 , 0FGL J0855.4+2009 , CGRaBS J0854+2006 , 133.85667 , 20.162 , 206.81 , 35.97 , 15.1 , F , (7.4+/-1.3)10^-8 , BL Lac , 10.7
65 , 0FGL J0909.7+0145 , CGRaBS J0909+0200 , 137.44583 , 1.757 , 228.64 , 31.26 , 11.6 , F , (93+/-3)10^-9 , BL Lac , 16.4
66 , 0FGL J0910.2-5044 , UNDEFINED , 137.56792 , -50.743 , 271.56 , -1.86 , 13.2 , T , (29.4+/-3.3)10^-8 , Unidentified , 9.7
67 , 0FGL J0921.2+4437 , CGRaBS J0920+4441 , 140.32 , 44.617 , 175.81 , 44.87 , 15.2 , F , (8.8+/-1.4)10^-8 , FSRQ , 7.7
68 , 0FGL J0948.3+0019 , CGRaBS J0948+0022 , 147.07667 , 0.317 , 236.52 , 38.54 , 12.8 , T , (8.9+/-1.4)10^-8 , FSRQ , 17.2
69 , 0FGL J0957.6+5522 , CRATES J0957+5522 , 149.42375 , 55.375 , 158.6 , 47.94 , 24 , F , (8.4+/-1.3)10^-8 , FSRQ , 5.5
70 , 0FGL J1012.9+2435 , CRATES J1012+2439 , 153.24083 , 24.598 , 207.89 , 54.4 , 12.4 , T , (42+/-9)10^-9 , FSRQ , 10.5
71 , 0FGL J1015.2+4927 , CGRaBS J1015+4926 , 153.80875 , 49.463 , 165.47 , 52.72 , 23.8 , F , (7.9+/-1.5)10^-8 , BL Lac , 3.7
72 , 0FGL J1015.9+0515 , CRATES J1016+0513 , 153.99083 , 5.254 , 236.45 , 47.03 , 20.6 , T , (12.4+/-1.5)10^-8 , FSRQ , 6.2
73 , 0FGL J1018.2-5858 , UNDEFINED , 154.56375 , -58.978 , 284.29 , -1.77 , 22.4 , F , (36.7+/-4.8)10^-8 , SNR/PWN see paper , 6.8
74 , 0FGL J1024.0-5754 , UNDEFINED , 156.00083 , -57.90297 , 284.34 , -0.46 , 13.9 , F , < 4.210^-7 , Unidentified , 6.4
75 , 0FGL J1028.6-5817 , PSR J1028-5819 , 157.16583 , -58.292 , 285.07 , -0.47 , 16 , F , < 2.810^-7 , Pulsar , 4.7
76 , 0FGL J1034.0+6051 , CGRaBS J1033+6051 , 158.50375 , 60.853 , 147.76 , 49.12 , 14.8 , F , (7.1+/-1.3)10^-8 , FSRQ , 12.5
77 , 0FGL J1045.6-5937 , UNDEFINED , 161.40875 , -59.631 , 287.63 , -0.56 , 19.5 , F , (30.7+/-4.6)10^-8 , Unidentified , 7.4
78 , 0FGL J1047.6-5834 , PSR J1048-5832 , 161.92167 , -58.577 , 287.38 , 0.5 , 18.5 , F , < 4.410^-7 , Pulsar , 8.3
79 , 0FGL J1053.7+4926 , BZB J1053+4929 , 163.44167 , 49.449 , 160.31 , 58.26 , 10.1 , F , < 410^-8 , BL Lac , 7.4
80 , 0FGL J1054.5+2212 , CLASS J1054+2210 , 163.62667 , 22.215 , 216.96 , 63.04 , 11.2 , F , (4+/-1)10^-8 , BL Lac , 10.7
81 , 0FGL J1057.8+0138 , CGRaBS J1058+0133 , 164.45083 , 1.643 , 251.22 , 52.7 , 10.3 , F , (8.8+/-1.7)10^-8 , FSRQ , 11.6
82 , 0FGL J1058.9+5629 , CGRaBS J1058+5628 , 164.73083 , 56.488 , 149.52 , 54.44 , 12 , F , (4.7+/-1.8)10^-8 , BL Lac , 5
83 , 0FGL J1058.1-5225 , PSR J1057-5226 , 164.52667 , -52.432 , 285.99 , 6.67 , 43.7 , F , (25.6+/-2)10^-8 , Pulsar , 4.4
84 , 0FGL J1100.2-8000 , CGRaBS J1058-8003 , 165.05667 , -80.012 , 298.04 , -18.22 , 12.1 , T , (10.8+/-2.2)10^-8 , BL Lac , 17.1
85 , 0FGL J1104.5+3811 , CGRaBS J1104+3812 , 166.13667 , 38.187 , 179.87 , 65.05 , 47.1 , F , (13.3+/-1.3)10^-8 , BL Lac , 3.3
86 , 0FGL J1106.4-6055 , UNDEFINED , 166.605 , -60.91897 , 290.51 , -0.61 , 10.8 , F , (16.9+/-5.2)10^-8 , SNR/PWN see paper , 15.1
87 , 0FGL J1115.8-6108 , UNDEFINED , 168.96667 , -61.147 , 291.66 , -0.39 , 12.1 , F , (25.7+/-5.3)10^-8 , Unidentified , 12.8
88 , 0FGL J1123.0-6416 , UNDEFINED , 170.76167 , -64.26797 , 293.51 , -3.03 , 10.2 , T , (22.4+/-3.9)10^-8 , Unidentified , 7.5
89 , 0FGL J1129.8-1443 , CRATES J1130-1449 , 172.45375 , -14.728 , 275.13 , 43.69 , 10.5 , F , (10.6+/-1.6)10^-8 , FSRQ , 14.8
90 , 0FGL J1146.7-3808 , CGRaBS J1147-3812 , 176.68875 , -38.149 , 289.16 , 22.98 , 10.4 , F , (3.1+/-1.2)10^-8 , FSRQ , 11.1
91 , 0FGL J1159.2+2912 , CGRaBS J1159+2914 , 179.8 , 29.216 , 199.61 , 78.3 , 14.6 , F , (9.1+/-1)10^-8 , FSRQ , 11.5
92 , 0FGL J1218.0+3006 , CGRaBS J1217+3007 , 184.51667 , 30.108 , 188.83 , 82.09 , 27.4 , T , (9+/-1)10^-8 , BL Lac , 5.9
93 , 0FGL J1221.7+2814 , CGRaBS J1221+2813 , 185.43875 , 28.243 , 201.6 , 83.33 , 24 , T , (65+/-8)10^-9 , BL Lac , 6.1
94 , 0FGL J1229.1+0202 , CGRaBS J1229+0203 , 187.28667 , 2.045 , 289.97 , 64.35 , 52 , T , (63.9+/-2.6)10^-8 , FSRQ , 5
95 , 0FGL J1231.5-1410 , UNDEFINED , 187.87458 , -14.18 , 295.64 , 48.4 , 30.9 , F , (9.3+/-1.2)10^-8 , Unidentified , 5.2
96 , 0FGL J1246.6-2544 , CGRaBS J1246-2547 , 191.655 , -25.734 , 301.57 , 37.12 , 11.7 , F , (7.2+/-1.4)10^-8 , FSRQ , 10.1
97 , 0FGL J1248.7+5811 , PG 1246+586 , 192.18875 , 58.191 , 123.61 , 58.93 , 14.3 , F , (7+/-1.6)10^-8 , BL Lac , 7.3
98 , 0FGL J1253.4+5300 , CRATES J1253+5301 , 193.36875 , 53.001 , 122.22 , 64.12 , 12.1 , F , (5.2+/-1.5)10^-8 , BL Lac , 9.2
99 , 0FGL J1256.1-0547 , CGRaBS J1256-0547 , 194.03375 , -5.8 , 305.08 , 57.05 , 36.8 , T , (28.3+/-1.8)10^-8 , FSRQ , 4.7
100 , 0FGL J1310.6+3220 , CGRaBS J1310+3220 , 197.65583 , 32.339 , 85.45 , 83.33 , 27.3 , T , (15.5+/-1.1)10^-8 , FSRQ , 6.2
101 , 0FGL J1311.9-3419 , UNDEFINED , 197.99792 , -34.318 , 307.75 , 28.35 , 12.5 , F , < 1.510^-7 , Unidentified , 12.2
102 , 0FGL J1325.4-4303 , BZU J1325-4301 , 201.35292 , -43.062 , 309.5 , 19.37 , 12.4 , F , (21.9+/-2.4)10^-8 , MDB (Radio galaxy) , 18.2
103 , 0FGL J1326.6-5302 , UNDEFINED , 201.65083 , -53.047 , 308.27 , 9.45 , 13.2 , F , < 1.710^-7 , Unidentified , 11.5
104 , 0FGL J1328.8-5604 , UNDEFINED , 202.22167 , -56.079 , 308.17 , 6.4 , 10.6 , T , (16+/-4.3)10^-8 , Unidentified , 8.5
105 , 0FGL J1331.7-0506 , CGRaBS J1332-0509 , 202.93458 , -5.112 , 321.24 , 56.31 , 14.3 , T , (10.4+/-1.2)10^-8 , FSRQ , 16.7
106 , 0FGL J1333.3+5058 , CLASS J1333+5057 , 203.33083 , 50.97297 , 107.3 , 64.86 , 12.4 , F , (8.8+/-1.3)10^-8 , FSRQ , 13.1
107 , 0FGL J1355.0-1044 , CRATES J1354-1041 , 208.76375 , -10.735 , 327.21 , 49.11 , 11.5 , T , (8.4+/-1.3)10^-8 , FSRQ , 9.8
108 , 0FGL J1413.1-6203 , UNDEFINED , 213.29167 , -62.063 , 312.34 , -0.7 , 16.8 , F , (4.7+/-2.2)10^-7 , Unidentified , 5.8
109 , 0FGL J1418.8-6058 , LAT PSR J1418-60 , 214.71792 , -60.979 , 313.33 , 0.11 , 25.8 , F , (4.6+/-2.3)10^-7 , Pulsar , 4.4
110 , 0FGL J1427.1+2347 , CRATES J1427+2347 , 216.79375 , 23.785 , 29.46 , 68.16 , 24.1 , F , (4.2+/-1)10^-8 , BL Lac , 4.4
111 , 0FGL J1430.5-5918 , UNDEFINED , 217.63375 , -59.30097 , 315.28 , 1.17 , 10.4 , F , (3+/-1.2)10^-7 , Unidentified , 7.1
112 , 0FGL J1457.6-3538 , CGRaBS J1457-3539 , 224.40667 , -35.64 , 329.93 , 20.52 , 39.6 , T , (301+/-5)10^-9 , FSRQ , 4.6
113 , 0FGL J1459.4-6056 , LAT PSR J1459-60 , 224.87375 , -60.93697 , 317.86 , -1.84 , 15.9 , F , (2.5+/-1.2)10^-7 , Pulsar , 7.1
114 , 0FGL J1504.4+1030 , CGRaBS J1504+1029 , 226.115 , 10.505 , 11.4 , 54.57 , 88.2 , T , (63.4+/-2.1)10^-8 , FSRQ , 3.2
115 , 0FGL J1509.5-5848 , PSR J1509-5850 , 227.38958 , -58.812 , 320 , -0.6 , 12.8 , F , < 4.610^-7 , Pulsar , 7.3
116 , 0FGL J1511.2-0536 , PKS 1508-05 , 227.81375 , -5.613 , 354.09 , 42.94 , 10.8 , F , (8.3+/-1.7)10^-8 , FSRQ , 15.1
117 , 0FGL J1512.7-0905 , PKS 1510-08 , 228.19583 , -9.093 , 351.28 , 40.15 , 45 , T , (48.8+/-2.3)10^-8 , FSRQ , 5.2
118 , 0FGL J1514.3-4946 , UNDEFINED , 228.585 , -49.769 , 325.25 , 6.8 , 11 , F , < 1.510^-7 , Unidentified , 7.2
119 , 0FGL J1517.9-2423 , CGRaBS J1517-2422 , 229.49583 , -24.395 , 340.72 , 27.51 , 12.3 , F , (48+/-6)10^-9 , BL Lac , 6.1
120 , 0FGL J1522.2+3143 , CGRaBS J1522+3144 , 230.55167 , 31.726 , 50.14 , 57.01 , 34.3 , T , (21.2+/-1.5)10^-8 , FSRQ , 5.2
121 , 0FGL J1536.7-4947 , UNDEFINED , 234.19667 , -49.798 , 328.26 , 4.76 , 10.7 , F , < 1.910^-7 , Unidentified , 7.7
122 , 0FGL J1543.1+6130 , CRATES J1542+6129 , 235.78375 , 61.504 , 95.38 , 45.37 , 10.5 , F , (3+/-1.4)10^-8 , BL Lac , 9.6
123 , 0FGL J1553.4+1255 , CRATES J1553+1256 , 238.36792 , 12.922 , 23.74 , 45.22 , 23.7 , T , (14.5+/-2.2)10^-8 , FSRQ , 6.3
124 , 0FGL J1555.8+1110 , CGRaBS J1555+1111 , 238.95083 , 11.181 , 21.9 , 43.94 , 31.5 , F , (8.7+/-2)10^-8 , BL Lac , 3.2
125 , 0FGL J1604.0-4904 , UNDEFINED , 241.01458 , -49.08 , 332.16 , 2.53 , 11.5 , F , < 2.410^-7 , Unidentified , 4.7
126 , 0FGL J1615.6-5049 , UNDEFINED , 243.91375 , -50.831 , 332.35 , -0.02 , 15.6 , F , (46.3+/-9.6)10^-8 , SNR/PWN see paper , 14
127 , 0FGL J1622.4-4945 , UNDEFINED , 245.61083 , -49.765 , 333.87 , -0.01 , 16 , F , (52.4+/-9)10^-8 , Unidentified , 10.7
128 , 0FGL J1625.8-2527 , CGRaBS J1625-2527 , 246.47 , -25.451 , 352.16 , 16.3 , 11.4 , F , (19.1+/-1.3)10^-8 , FSRQ , 9
129 , 0FGL J1625.9-2423 , CRATES J1627-2426 , 246.49375 , -24.393 , 353 , 16.99 , 10.1 , F , (101+/-9)10^-9 , Blazar uncertain type , 15.4
130 , 0FGL J1634.9-4737 , UNDEFINED , 248.73292 , -47.632 , 336.83 , -0.03 , 28.6 , F , (106+/-6.6)10^-8 , Unidentified , 4.8
131 , 0FGL J1635.2+3809 , CGRaBS J1635+3808 , 248.82083 , 38.158 , 61.11 , 42.33 , 27.3 , T , (16.7+/-1.3)10^-8 , FSRQ , 7
132 , 0FGL J1641.4+3939 , CLASS J1641+3935 , 250.355 , 39.666 , 63.23 , 41.24 , 17.7 , T , (12.2+/-1.4)10^-8 , FSRQ , 9.5
133 , 0FGL J1648.1-4606 , UNDEFINED , 252.02875 , -46.112 , 339.46 , -0.72 , 14.4 , F , (5.2+/-1)10^-7 , SNR/PWN see paper , 10.6
134 , 0FGL J1653.4-0200 , UNDEFINED , 253.355 , -2.014 , 16.54 , 24.96 , 10.9 , F , (5.6+/-1.6)10^-8 , Unidentified , 9.5
135 , 0FGL J1653.9+3946 , CGRaBS J1653+3945 , 253.49167 , 39.76697 , 63.6 , 38.84 , 19 , F , (27+/-8)10^-9 , BL Lac , 4.1
136 , 0FGL J1709.7-4428 , PSR J1709-4429 , 257.42667 , -44.475 , 343.1 , -2.69 , 85.8 , F , (115+/-5)10^-8 , Pulsar , 2.9
137 , 0FGL J1714.7-3827 , UNDEFINED , 258.68458 , -38.459 , 348.52 , 0.1 , 16 , F , (58.8+/-6)10^-8 , SNR/PWN see paper , 8
138 , 0FGL J1719.3+1746 , CGRaBS J1719+1745 , 259.82958 , 17.769 , 39.55 , 28.08 , 23.3 , T , (5.2+/-1.2)10^-8 , BL Lac , 4.6
139 , 0FGL J1732.8-3135 , LAT PSR J1732-31 , 263.21167 , -31.588 , 356.28 , 0.91 , 18.6 , F , (47.6+/-4.7)10^-8 , Pulsar , 5.2
140 , 0FGL J1741.4-3046 , UNDEFINED , 265.35583 , -30.773 , 357.95 , -0.2 , 11.5 , F , (24.7+/-5.4)10^-8 , Unidentified , 11.8
141 , 0FGL J1742.1-2054 , LAT PSR J1742-20 , 265.53958 , -20.916 , 6.43 , 4.85 , 16.4 , F , (22.7+/-3.1)10^-8 , Pulsar , 8.4
142 , 0FGL J1746.0-2900 , UNDEFINED , 266.50583 , -29.00497 , 359.98 , -0.12 , 36 , T , (117+/-5.2)10^-8 , Unidentified , 4.1
143 , 0FGL J1751.5+0935 , CGRaBS J1751+0939 , 267.89292 , 9.591 , 34.86 , 17.61 , 23.1 , T , (16.8+/-1.9)10^-8 , BL Lac , 5.7
144 , 0FGL J1801.6-2327 , UNDEFINED , 270.40375 , -23.459 , 6.53 , -0.32 , 20.1 , F , < 7.410^-7 , SNR/PWN see paper , 6.4
145 , 0FGL J1802.6-3939 , BZU J1802-3940 , 270.66083 , -39.66 , 352.45 , -8.42 , 25.2 , T , (193+/-7)10^-9 , Blazar uncertain type , 4.1
146 , 0FGL J1805.3-2138 , UNDEFINED , 271.32875 , -21.649 , 8.53 , -0.17 , 19.2 , F , (73.7+/-7.5)10^-8 , Unidentified , 11.2
147 , 0FGL J1802.2+7827 , CGRaBS J1800+7828 , 270.56667 , 78.466 , 110.02 , 28.99 , 12.6 , F , (5.5+/-1.3)10^-8 , BL Lac , 7.9
148 , 0FGL J1809.5-2331 , LAT PSR J1809-2332 , 272.39875 , -23.52 , 7.38 , -1.94 , 39.8 , F , (41.1+/-4)10^-8 , Pulsar , 3.7
149 , 0FGL J1813.5-1248 , UNDEFINED , 273.39875 , -12.801 , 17.23 , 2.38 , 24.5 , T , (53.7+/-6.5)10^-8 , Unidentified , 5.5
150 , 0FGL J1814.3-1739 , UNDEFINED , 273.58083 , -17.665 , 13.04 , -0.1 , 13.1 , F , (50+/-6.3)10^-8 , SNR/PWN see paper , 11.5
151 , 0FGL J1821.4-1444 , UNDEFINED , 275.36458 , -14.74 , 16.43 , -0.22 , 11 , F , (5.7+/-2.2)10^-7 , Unidentified , 10.4
152 , 0FGL J1825.9-1256 , LAT PSR J1826-1256 , 276.49667 , -12.942 , 18.53 , -0.35 , 30.9 , F , (95.2+/-8.5)10^-8 , Pulsar , 4.5
153 , 0FGL J1826.3-1451 , LS 5039 , 276.595 , -14.86 , 16.88 , -1.33 , 18.1 , F , < 6.810^-7 , HMXRB , 6.5
154 , 0FGL J1830.3+0617 , UNDEFINED , 277.58292 , 6.287 , 36.15 , 7.54 , 12.8 , T , < 1.710^-7 , Unidentified , 5.8
155 , 0FGL J1833.4-2106 , BZQ J1833-2103 , 278.36958 , -21.103 , 12.1 , -5.7 , 21 , F , (39+/-3.4)10^-8 , FSRQ , 7
156 , 0FGL J1834.4-0841 , UNDEFINED , 278.61667 , -8.693 , 23.26 , -0.22 , 11.7 , F , (44.6+/-4.1)10^-8 , SNR/PWN see paper , 6
157 , 0FGL J1836.1-0727 , UNDEFINED , 279.04083 , -7.46 , 24.55 , -0.03 , 10.4 , F , (25.8+/-3.6)10^-8 , Unidentified , 13
158 , 0FGL J1836.2+5924 , LAT PSR J1836+5925 , 279.05583 , 59.40597 , 88.85 , 24.99 , 98 , F , (44.4+/-1.7)10^-8 , Pulsar , 3.2
159 , 0FGL J1839.0-0549 , UNDEFINED , 279.775 , -5.826 , 26.34 , 0.07 , 22.2 , F , (51.5+/-3.5)10^-8 , Unidentified , 7.1
160 , 0FGL J1844.1-0335 , UNDEFINED , 281.03583 , -3.589 , 28.9 , -0.02 , 10.1 , F , (2.5+/-1.2)10^-7 , Unidentified , 8.9
161 , 0FGL J1847.8+3223 , CGRaBS J1848+3219 , 281.95458 , 32.385 , 62.06 , 14.83 , 16 , T , (88+/-6)10^-9 , FSRQ , 10.7
162 , 0FGL J1848.6-0138 , UNDEFINED , 282.15667 , -1.64 , 31.15 , -0.13 , 11.9 , F , (27.2+/-3.6)10^-8 , Unidentified , 9.6
163 , 0FGL J1849.4+6706 , CGRaBS J1849+6705 , 282.365 , 67.10197 , 97.5 , 25.02 , 28 , T , (13.8+/-1.5)10^-8 , FSRQ , 5.4
164 , 0FGL J1855.9+0126 , UNDEFINED , 283.98458 , 1.435 , 34.72 , -0.35 , 39 , F , (88.9+/-3.4)10^-8 , SNR/PWN see paper , 4.7
165 , 0FGL J1900.0+0356 , UNDEFINED , 285.00875 , 3.946 , 37.42 , -0.11 , 11.6 , F , (46.6+/-3.8)10^-8 , Unidentified , 17.4
166 , 0FGL J1907.5+0602 , LAT PSR J1907+06 , 286.89375 , 6.034 , 40.13 , -0.83 , 25.9 , F , (47.1+/-3.3)10^-8 , Pulsar , 4.6
167 , 0FGL J1911.2-2011 , CGRaBS J1911-2006 , 287.81292 , -20.186 , 16.81 , -13.27 , 20 , T , (179+/-8)10^-9 , FSRQ , 7.7
168 , 0FGL J1911.0+0905 , UNDEFINED , 287.76083 , 9.087 , 43.24 , -0.18 , 17 , F , (32.6+/-4.9)10^-8 , SNR/PWN see paper , 4.1
169 , 0FGL J1923.3-2101 , CGRaBS J1923-2104 , 290.83958 , -21.031 , 17.2 , -16.2 , 16.4 , T , (106+/-6)10^-9 , FSRQ , 7.8
170 , 0FGL J1923.0+1411 , UNDEFINED , 290.76792 , 14.191 , 49.13 , -0.4 , 23 , F , (40.9+/-4.9)10^-8 , SNR/PWN see paper , 4.8
171 , 0FGL J1953.2+3249 , PSR J1952+3252 , 298.325 , 32.818 , 68.74 , 2.73 , 18 , F , (13.6+/-2.8)10^-8 , Pulsar , 5.3
172 , 0FGL J1954.4+2838 , UNDEFINED , 298.61375 , 28.649 , 65.3 , 0.37 , 11.3 , F , < 2.310^-7 , SNR/PWN see paper , 6.6
173 , 0FGL J1958.1+2848 , LAT PSR J1958+28 , 299.53083 , 28.803 , 65.84 , -0.24 , 10.5 , F , < 1.610^-7 , Pulsar , 6.8
174 , 0FGL J2001.0+4352 , UNDEFINED , 300.27167 , 43.871 , 79.04 , 7.12 , 13.3 , F , < 9.510^-8 , Unidentified , 4.1
175 , 0FGL J2000.2+6506 , CGRaBS J1959+6508 , 300.05292 , 65.105 , 97.97 , 17.63 , 15.8 , F , (2.9+/-1.3)10^-8 , BL Lac , 4.6
176 , 0FGL J2009.4-4850 , CGRaBS J2009-4849 , 302.36292 , -48.84297 , 350.36 , -32.61 , 10.9 , F , (25+/-6)10^-9 , BL Lac , 7.9
177 , 0FGL J2017.2+0602 , CLASS J2017+0603 , 304.30167 , 6.048 , 48.59 , -16 , 12.7 , F , < 4.210^-8 , Blazar uncertain type , 7.4
178 , 0FGL J2020.8+3649 , PSR J2021+3651 , 305.22292 , 36.83 , 75.18 , 0.13 , 46.6 , F , (73.9+/-3.9)10^-8 , Pulsar , 3.6
179 , 0FGL J2021.5+4026 , LAT PSR J2021+4026 , 305.39792 , 40.43897 , 78.22 , 2.07 , 69.6 , F , (124+/-5.1)10^-8 , Pulsar , 3.2
180 , 0FGL J2025.6-0736 , CRATES J2025-0735 , 306.41458 , -7.611 , 36.88 , -24.39 , 50.6 , T , (40.8+/-2)10^-8 , FSRQ , 4.6
181 , 0FGL J2027.5+3334 , UNDEFINED , 306.88167 , 33.574 , 73.29 , -2.85 , 11.2 , F , < 1.510^-7 , Unidentified , 7.1
182 , 0FGL J2032.2+4122 , LAT PSR J2032+41 , 308.05792 , 41.376 , 80.16 , 0.97 , 23.9 , F , (51.3+/-4.7)10^-8 , Pulsar , 5.1
183 , 0FGL J2056.1-4715 , CGRaBS J2056-4714 , 314.03375 , -47.252 , 352.58 , -40.36 , 12.5 , F , (10.4+/-1.7)10^-8 , FSRQ , 14.3
184 , 0FGL J2055.5+2540 , UNDEFINED , 313.89458 , 25.673 , 70.65 , -12.48 , 17.3 , F , (54+/-8)10^-9 , Unidentified , 7.8
185 , 0FGL J2110.8+4608 , UNDEFINED , 317.70167 , 46.137 , 88.26 , -1.35 , 10.7 , F , (10.5+/-3.3)10^-8 , Unidentified , 10.3
186 , 0FGL J2124.7-3358 , PSR J2124-3358 , 321.18583 , -33.98097 , 10.92 , -45.45 , 14.3 , F , (3.5+/-1.3)10^-8 , Pulsar , 8.6
187 , 0FGL J2139.4-4238 , CRATES J2139-4235 , 324.86458 , -42.642 , 358.23 , -48.34 , 20.1 , F , (6.9+/-1.3)10^-8 , BL Lac , 5.8
188 , 0FGL J2143.2+1741 , CGRaBS J2143+1743 , 325.80667 , 17.688 , 72.01 , -26.05 , 14.5 , F , (11.5+/-1.7)10^-8 , FSRQ , 12.9
189 , 0FGL J2147.1+0931 , CGRaBS J2147+0929 , 326.77667 , 9.519 , 65.8 , -32.24 , 19.9 , T , (16+/-1.6)10^-8 , FSRQ , 8.2
190 , 0FGL J2157.5+3125 , CGRaBS J2157+3127 , 329.38375 , 31.431 , 84.74 , -18.26 , 10 , F , (6.9+/-1.5)10^-8 , FSRQ , 20.6
191 , 0FGL J2158.8-3014 , CGRaBS J2158-3013 , 329.70375 , -30.237 , 17.71 , -52.24 , 43.9 , T , (16+/-1.4)10^-8 , BL Lac , 3.8
192 , 0FGL J2202.4+4217 , BZB J2202+4216 , 330.62167 , 42.299 , 92.56 , -10.4 , 12.3 , F , (7.4+/-2)10^-8 , BL Lac , 9.6
193 , 0FGL J2203.2+1731 , CGRaBS J2203+1725 , 330.81458 , 17.532 , 75.71 , -29.53 , 12.7 , T , (7.8+/-1.6)10^-8 , FSRQ , 11.2
194 , 0FGL J2207.0-5347 , CGRaBS J2207-5346 , 331.765 , -53.786 , 339.94 , -49.84 , 12.4 , T , (10.8+/-1.8)10^-8 , FSRQ , 13.4
195 , 0FGL J2214.8+3002 , UNDEFINED , 333.70458 , 30.049 , 86.91 , -21.66 , 11.9 , F , < 4.210^-8 , Unidentified , 9.1
196 , 0FGL J2229.8-0829 , CGRaBS J2229-0832 , 337.45167 , -8.495 , 55.32 , -51.71 , 16.8 , F , (117+/-4)10^-9 , FSRQ , 11.1
197 , 0FGL J2229.0+6114 , PSR J2229+6114 , 337.25667 , 61.24 , 106.64 , 2.95 , 32.8 , F , (44.9+/-5.4)10^-8 , Pulsar , 4.6
198 , 0FGL J2232.4+1141 , BZQ J2232+1143 , 338.11667 , 11.69 , 77.37 , -38.6 , 15.2 , F , (10.8+/-1.3)10^-8 , FSRQ , 11
199 , 0FGL J2241.7-5239 , UNDEFINED , 340.43 , -52.651 , 337.39 , -54.91 , 11.6 , F , (5+/-1.5)10^-8 , Unidentified , 9.1
200 , 0FGL J2254.0+1609 , CGRaBS J2253+1608 , 343.50167 , 16.151 , 86.12 , -38.19 , 149.1 , T , (212+/-4.3)10^-8 , FSRQ , 3.1
201 , 0FGL J2302.9+4443 , UNDEFINED , 345.74583 , 44.72397 , 103.43 , -14.01 , 13.6 , F , (3.5+/-1.3)10^-8 , Unidentified , 9.3
202 , 0FGL J2325.3+3959 , CRATES J2325+3957 , 351.33375 , 39.993 , 105.53 , -19.95 , 11.4 , T , (9+/-3)10^-9 , BL Lac , 7.1
203 , 0FGL J2327.3+0947 , CGRaBS J2327+0940 , 351.83292 , 9.794 , 91.15 , -47.82 , 17.1 , T , (15.5+/-1.6)10^-8 , FSRQ , 13.1
204 , 0FGL J2339.8-0530 , UNDEFINED , 354.96167 , -5.512 , 81.48 , -62.48 , 13.6 , F , < 4.910^-8 , Unidentified , 11.3
205 , 0FGL J2345.5-1559 , CGRaBS J2345-1555 , 356.38875 , -15.985 , 65.67 , -71.1 , 15.5 , T , (9.9+/-1.3)10^-8 , FSRQ , 14.3
