_id ,fermilbas_name,other_name,RA,Dec,LII,BII,Flux100 Mev,Spectral_index,Sigma,Associated_name,Association_Probability,FoM,FluxPeak,Flux_Summed,Redshift,Classification,Variability
1 , 0FGLJ0017.4-0503 , - , 4.35792 , -5.054 , 101.27 , -66.49 , (13.9+/-2.4) e-8 , 2.71 , 14.7 , CGRaBS J0017-0512 , 0.92 , 16.2 , (34.8+/-6.5) e-8 , (12.1+/-1.4) e-8 , 0.227 , FSRQ , T 
2 , 0FGLJ0033.6-1921 , KUV 00311-1938 , 8.40083 , -19.36 , 94.21 , -81.22 , (16+/-4) e-9 , 1.7 , 10.7 , BZB J0033-1921 , 0.99 , 0 , (2.9+/-1.3) e-8 , (4+/-1) e-9 , 0.61 , BL Lac , - 
3 , 0FGLJ0050.5-0928 , PKS 0048-097 , 12.63667 , -9.47 , 122.2 , -72.34 , (10.2+/-1.4) e-8 , 2.15 , 20.5 , CRATES J0050-0929 , 0.99 , 61.01 , (19+/-4) e-8 , (8.8+/-1.3) e-8 , 0 , BL Lac , T 
4 , 0FGLJ0051.1-0647 , PKS 0048-071 , 12.79583 , -6.794 , 122.75 , -69.67 , (8.5+/-1.5) e-8 , 2.22 , 15.7 , CRATES J0051-0650 , 0.99 , 42.95 , (19.7+/-4.4) e-8 , (7.2+/-1.4) e-8 , 1.975 , FSRQ , T 
5 , 0FGLJ0100.2+0750 , - , 15.05083 , 7.844 , 126.71 , -54.97 , (19+/-7) e-9 , 1.8 , 11.1 , - , 0 , 5.12 , (3.9+/-1.7) e-8 , (3+/-1) e-9 , 0 , AGN , - 
6 , 0FGLJ0112.1+2247 , S2 0109+22 , 18.03375 , 22.789 , 129.14 , -39.84 , (7.4+/-1.2) e-8 , 2.1 , 17.6 , S2 0109+22 , 1 , 48.96 , (12.6+/-2.7) e-8 , (60+/-7) e-9 , 0 , BL Lac , - 
7 , 0FGLJ0118.7-2139 , PKS 0116-219 , 19.67583 , -21.656 , 172.98 , -81.73 , (9.6+/-1.4) e-8 , 2.32 , 17.8 , CGRaBS J0118-2141 , 0.99 , 35.02 , (21.4+/-4.5) e-8 , (7.6+/-1.1) e-8 , 1.165 , FSRQ , T 
8 , 0FGLJ0120.5-2703 , PKS 0118-272 , 20.12792 , -27.056 , 213.93 , -83.53 , (32+/-8) e-9 , 1.99 , 11.8 , PKS 0118-272 , 1 , 60.25 , (6.7+/-2.3) e-8 , (26+/-8) e-9 , 0.557 , BL Lac , - 
9 , 0FGLJ0136.6+3903 , B3 0133+388 , 24.16292 , 39.066 , 132.44 , -22.97 , (18+/-5) e-9 , 1.65 , 12.5 , B3 0133+388 , 1 , 12.45 , (4.7+/-1.5) e-8 , (5+/-1) e-9 , 0 , BL Lac , - 
10 , 0FGLJ0137.1+4751 , DA 55 , 24.285 , 47.854 , 130.81 , -14.32 , (10.9+/-1.7) e-8 , 2.2 , 18.8 , CGRaBS J0136+4751 , 0.99 , 52.21 , (18.6+/-4.5) e-8 , (10.8+/-1.6) e-8 , 0.859 , FSRQ , T 
11 , 0FGLJ0144.5+2709 , TXS 0141+268 , 26.14167 , 27.159 , 137.24 , -34.23 , (5.4+/-1.3) e-8 , 2.22 , 10.4 , CRATES J0144+2705 , 0.58 , 30.93 , (12.7+/-3.8) e-8 , (20+/-5) e-9 , 0 , BL Lac , - 
12 , 0FGLJ0145.1-2728 , PKS 0142-278 , 26.28875 , -27.478 , 217.68 , -78.07 , (9.2+/-1.7) e-8 , 2.55 , 13.4 , CGRaBS J0145-2733 , 0.96 , 37.41 , (26.3+/-5.4) e-8 , (9.4+/-1.3) e-8 , 1.148 , FSRQ , T 
13 , 0FGLJ0204.8-1704 , PKS 0202-17 , 31.21875 , -17.068 , 186.06 , -70.28 , (11.1+/-1.7) e-8 , 2.48 , 16.6 , CGRaBS J0204-1701 , 0.96 , 55.22 , (18.9+/-3.9) e-8 , (10.7+/-1.3) e-8 , 1.74 , FSRQ , - 
14 , 0FGLJ0210.8-5100 , PKS 0208-512 , 32.70583 , -51.013 , 276.08 , -61.78 , (24.4+/-2) e-8 , 2.28 , 34.1 , PKS 0208-512 , 1 , 69.87 , (76.2+/-6.9) e-8 , (22.8+/-1.2) e-8 , 1.003 , FSRQ , T 
15 , 0FGLJ0217.8+0146 , PKS 0215+015 , 34.46667 , 1.768 , 162.13 , -54.39 , (10.2+/-1.3) e-8 , 2.13 , 21.7 , CGRaBS J0217+0144 , 1 , 52.67 , (16.5+/-3.8) e-8 , (9.8+/-1.2) e-8 , 1.715 , FSRQ , T 
16 , 0FGLJ0220.9+3607 , B2 0218+35 , 35.24292 , 36.121 , 142.5 , -23.33 , (11+/-2.4) e-8 , 2.61 , 12.3 , CGRaBS J0221+3556 , 0.95 , 7.66 , (22.5+/-6.1) e-8 , (10.9+/-1.3) e-8 , 0.944 , FSRQ , - 
17 , 0FGLJ0222.6+4302 , 3C 66A , 35.65292 , 43.043 , 140.13 , -16.77 , (25.9+/-1.6) e-8 , 1.97 , 47.4 , 3C 66A , 1 , 23.18 , (49.6+/-4.8) e-8 , (26.6+/-1.4) e-8 , 0.444 , BL Lac , T 
18 , 0FGLJ0229.5-3640 , PKS 0227-369 , 37.375 , -36.681 , 243.79 , -67.19 , (15.8+/-2.1) e-8 , 2.57 , 19.2 , BZQJ0229-3643 , 0.94 , 29.2 , (34.1+/-6.2) e-8 , (14.1+/-1.5) e-8 , 2.115 , FSRQ , T 
19 , 0FGLJ0238.4+2855 , B2 0234+28 , 39.6 , 28.923 , 149.52 , -28.37 , (9+/-2) e-8 , 2.49 , 10.9 , CGRaBS J0237+2848 , 0.88 , 7.67 , (24.7+/-5.9) e-8 , (8.6+/-1.6) e-8 , 1.213 , FSRQ , - 
20 , 0FGLJ0238.6+1636 , AO 0235+164 , 39.66292 , 16.613 , 156.77 , -39.12 , (72.6+/-2.5) e-8 , 2.05 , 85.7 , CGRaBS J0238+1636 , 1 , 60.54 , (105+/-7.1) e-8 , (67.6+/-2.2) e-8 , 0.94 , BL Lac , T 
21 , 0FGLJ0245.6-4656 , PKS 0244-470 , 41.42292 , -46.93397 , 262.01 , -60.1 , (6.2+/-1.5) e-8 , 2.34 , 11.4 , CRATES J0246-4651 , 0.54 , 23.23 , (12.4+/-4) e-8 , (56+/-8) e-9 , 0 , AGN , - 
22 , 0FGLJ0303.7-2410 , PKS 0301-243 , 45.94 , -24.176 , 214.76 , -60.12 , (38+/-9) e-9 , 2.01 , 12.3 , PKS 0301-243 , 1 , 9.32 , (8+/-2.8) e-8 , (29+/-9) e-9 , 0.26 , BL Lac , - 
23 , 0FGLJ0320.0+4131 , NGC 1275 , 50 , 41.52397 , 150.6 , -13.23 , (22.1+/-1.9) e-8 , 2.17 , 29.7 , 0316+413 , 1 , 33.67 , (35.9+/-5.3) e-8 , (18.2+/-1.4) e-8 , 0.018 , RadioGalaxy , T 
24 , 0FGLJ0334.1-4006 , PKS 0332-403 , 53.54583 , -40.107 , 244.7 , -54.09 , (5.3+/-1.1) e-8 , 2.15 , 13.2 , PKS 0332-403 , 1 , 63.24 , (11.2+/-3.1) e-8 , (4.9+/-1.4) e-8 , 0 , BL Lac , - 
25 , 0FGLJ0349.8-2102 , PKS 0347-211 , 57.465 , -21.046 , 214.38 , -49.04 , (19.2+/-2.3) e-8 , 2.55 , 21.2 , CGRaBS J0349-2102 , 0.99 , 47.4 , (27.8+/-5) e-8 , (17.3+/-1.6) e-8 , 2.944 , FSRQ , - 
26 , 0FGLJ0407.6-3829 , PKS 0405-385 , 61.92292 , -38.491 , 241.35 , -47.76 , (7.5+/-1.5) e-8 , 2.31 , 13.5 , - , 0 , 3 , (22.2+/-4.1) e-8 , (6.9+/-1.3) e-8 , 1.285 , FSRQ , T 
27 , 0FGLJ0412.9-5341 , - , 63.23 , -53.686 , 262.99 , -44.72 , (5.4+/-1.3) e-8 , 2.3 , 10.7 , - , 0 , 1.92 , (12.3+/-3.8) e-8 , (6+/-1.3) e-8 , 0 , AGN , - 
28 , 0FGLJ0423.1-0112 , PKS 0420-014 , 65.785 , -1.204 , 195.12 , -33.1 , (8.1+/-2.2) e-8 , 2.38 , 11.5 , CRATESJ0423-0120 , 0.84 , 4.26 , (13.4+/-4) e-8 , (10.5+/-3.1) e-8 , 0.915 , FSRQ , - 
29 , 0FGLJ0428.7-3755 , PKS 0426-380 , 67.19292 , -37.923 , 240.68 , -43.6 , (24.5+/-1.8) e-8 , 2.14 , 39.6 , CGRaBS J0428-3756 , 1 , 54.09 , (31.5+/-4.7) e-8 , (23.1+/-1.6) e-8 , 1.112 , BL Lac , - 
30 , 0FGLJ0449.7-4348 , PKS 0447-439 , 72.43458 , -43.81497 , 248.77 , -39.87 , (12+/-1.3) e-8 , 2.01 , 28.4 , PKS 0447-439 , 1 , 5.52 , (21.1+/-4.2) e-8 , (12.2+/-1.4) e-8 , 0.205 , BL Lac , - 
31 , 0FGLJ0457.1-2325 , PKS 0454-234 , 74.28792 , -23.432 , 223.73 , -34.89 , (41.8+/-2.3) e-8 , 2.23 , 52.3 , CGRaBS J0457-2324 , 1 , 35.74 , (64.2+/-6.4) e-8 , (36.6+/-1.8) e-8 , 1.003 , FSRQ , T 
32 , 0FGLJ0507.9+6739 , 1ES 0502+675 , 76.985 , 67.65 , 143.77 , 15.9 , (17+/-8) e-9 , 1.67 , 13.2 , 1ES 0502+675 , 1 , 4.74 , (5.2+/-1.7) e-8 , (3+/-1) e-9 , 0.416 , BL Lac , - 
33 , 0FGLJ0516.2-6200 , PKS 0516-621 , 79.06292 , -62 , 271.37 , -34.84 , (5.4+/-1.7) e-8 , 2.17 , 11.2 , CGRaBS J0516-6207 , 0.94 , 12.04 , (11.1+/-3.3) e-8 , (4+/-1) e-9 , 0 , AGN , - 
34 , 0FGLJ0531.0+1331 , PKS 0528+134 , 82.76083 , 13.528 , 191.38 , -11 , (24.3+/-2.9) e-8 , 2.54 , 17.3 , CRATES J0530+1331 , 1 , 65.48 , (39.5+/-6.7) e-8 , (23.6+/-2.1) e-8 , 2.07 , FSRQ , T 
35 , 0FGLJ0538.8-4403 , PKS 0537-441 , 84.72458 , -44.062 , 250.05 , -31.08 , (37.6+/-2.2) e-8 , 2.19 , 48.6 , BZBJ0538-4405 , 0.99 , 53.8 , (49.7+/-5.6) e-8 , (34.3+/-1.8) e-8 , 0.892 , BL Lac , T 
36 , 0FGLJ0654.3+5042 , - , 103.59167 , 50.711 , 165.67 , 21.1 , (5.5+/-1.1) e-8 , 2 , 15.6 , CGRaBS J0654+5042 , 1 , 49.98 , (9.5+/-2.6) e-8 , (4.9+/-1.3) e-8 , 0 , AGN , T 
37 , 0FGLJ0654.3+4513 , B3 0650+453 , 103.58958 , 45.22 , 171.22 , 19.37 , (23.8+/-2.1) e-8 , 2.32 , 29.2 , CGRaBS J0654+4514 , 1 , 42.13 , (56.4+/-7.2) e-8 , (20.3+/-1.6) e-8 , 0.933 , FSRQ , T 
38 , 0FGLJ0700.0-6611 , PKS 0700-661 , 105.01583 , -66.19897 , 276.77 , -23.82 , (3.9+/-1) e-8 , 1.98 , 10.1 , CRATES J0700-6610 , 0.64 , 33.82 , (8.7+/-2.6) e-8 , (4+/-1) e-9 , 0 , AGN , - 
39 , 0FGLJ0712.9+5034 , - , 108.23083 , 50.575 , 166.68 , 23.9 , (3.9+/-1.1) e-8 , 2.04 , 11.2 , CGRaBS J0712+5033 , 0.99 , 44.2 , (10.5+/-2.7) e-8 , (33+/-7) e-9 , 0 , BL Lac , T 
40 , 0FGLJ0714.2+1934 , - , 108.55167 , 19.574 , 197.68 , 13.64 , (10.7+/-1.6) e-8 , 2.35 , 15 , - , 0 , 20.54 , (27+/-5) e-8 , (10+/-1.6) e-8 , 0.534 , FSRQ , T 
41 , 0FGLJ0719.4+3302 , TXS 0716+332 , 109.86875 , 33.037 , 185.13 , 19.85 , (7.8+/-1.7) e-8 , 2.37 , 12.3 , BZUJ0719+3307 , 0.89 , 14.33 , (20.8+/-4.9) e-8 , (7.5+/-1.5) e-8 , 0.779 , FSRQ , T 
42 , 0FGLJ0722.0+7120 , S5 0716+71 , 110.50792 , 71.34797 , 143.97 , 28.03 , (16.4+/-1.4) e-8 , 2.08 , 34.4 , CRATES J0721+7120 , 1 , 66.4 , (29+/-4.2) e-8 , (17+/-1.6) e-8 , 0.31 , BL Lac , T 
43 , 0FGLJ0738.2+1738 , PKS 0735+178 , 114.57458 , 17.634 , 201.93 , 18.08 , (4.6+/-1.1) e-8 , 2.1 , 11.9 , PKS 0735+17 , 1 , 25.45 , (7.5+/-2.4) e-8 , (3.6+/-1.4) e-8 , 0.424 , BL Lac , - 
44 , 0FGLJ0818.3+4222 , OJ 425 , 124.57875 , 42.367 , 178.24 , 33.41 , (9.6+/-1.3) e-8 , 2.07 , 20.9 , OJ 425 , 1 , 61.26 , (14.5+/-2.9) e-8 , (7+/-1.1) e-8 , 0.53 , BL Lac , - 
45 , 0FGLJ0824.9+5551 , TXS 0820+560 , 126.23875 , 55.859 , 161.98 , 35.14 , (11.4+/-2.9) e-8 , 2.81 , 10.6 , CGRaBS J0824+5552 , 0.98 , 57.8 , (42+/-8.1) e-8 , (10.8+/-1.3) e-8 , 1.417 , FSRQ , T
46 , 0FGLJ0855.4+2009 , OJ 287 , 133.85667 , 20.162 , 206.81 , 35.97 , (9+/-1.5) e-8 , 2.31 , 15.1 , OJ 287 , 0.99 , 8.67 , (19+/-4.1) e-8 , (7.8+/-1.3) e-8 , 0.306 , BL Lac , - 
47 , 0FGLJ0909.7+0145 , PKS 0907+022 , 137.44583 , 1.757 , 228.64 , 31.26 , (10.4+/-2.1) e-8 , 2.67 , 11.6 , PKS 0907+022 , 0.87 , 4.16 , (22.9+/-6.1) e-8 , (95+/-3) e-9 , 0 , BL Lac , - 
48 , 0FGLJ0921.2+4437 , RGB J0920+446 , 140.32 , 44.617 , 175.81 , 44.87 , (8.6+/-1.5) e-8 , 2.35 , 15.2 , CGRaBS J0920+4441 , 0.95 , 13.49 , (15.7+/-4.2) e-8 , (9.2+/-1.4) e-8 , 2.19 , FSRQ , - 
49 , 0FGLJ0948.3+0019 , PMN J0948+0022 , 147.07667 , 0.317 , 236.52 , 38.54 , (12.1+/-2.2) e-8 , 2.6 , 12.8 , CGRaBS J0948+0022 , 0.94 , 18.64 , (29.2+/-5.7) e-8 , (9.1+/-1.4) e-8 , 0.585 , FSRQ , T 
50 , 0FGLJ0957.6+5522 , 4C +55.17 , 149.42375 , 55.375 , 158.6 , 47.94 , (8.7+/-1.1) e-8 , 2.01 , 24 , BZQJ0957+5522 , 0.96 , 50.91 , (12.9+/-3) e-8 , (9.2+/-1.3) e-8 , 0.896 , FSRQ , - 
51 , 0FGLJ1012.9+2435 , - , 153.24083 , 24.598 , 207.89 , 54.4 , (6.1+/-1.2) e-8 , 2.22 , 12.4 , - , 0 , 13.63 , (10.9+/-3.6) e-8 , (45+/-9) e-9 , 1.805 , FSRQ , T 
52 , 0FGLJ1015.2+4927 , 1ES 1011+496 , 153.80875 , 49.463 , 165.47 , 52.72 , (49+/-7) e-9 , 1.73 , 23.8 , 1ES 1011+496 , 1 , 18.06 , (7.1+/-1.7) e-8 , (8.9+/-1.5) e-8 , 0.212 , BL Lac , - 
53 , 0FGLJ1015.9+0515 , PMN J1016+0512 , 153.99083 , 5.254 , 236.45 , 47.03 , (11.7+/-1.5) e-8 , 2.2 , 20.6 , CRATES J1016+0513 , 0.78 , 28.86 , (21.8+/-4.5) e-8 , (13.1+/-1.5) e-8 , 1.713 , FSRQ , T 
54 , 0FGLJ1034.0+6051 , - , 158.50375 , 60.853 , 147.76 , 49.12 , (9.3+/-1.7) e-8 , 2.48 , 14.8 , - , 0 , 5.22 , (22+/-4.7) e-8 , (7.5+/-1.3) e-8 , 1.064 , FSRQ , - 
55 , 0FGLJ1053.7+4926 , MS 1050.7+4946 , 163.44167 , 49.449 , 160.31 , 58.26 , (5+/-3) e-9 , 1.42 , 10.1 , MS 1050.7+4946 , 1 , 11.55 , (18+/-9) e-9 , (2+/-1) e-9 , 0.14 , BL Lac , - 
56 , 0FGLJ1054.5+2212 , - , 163.62583 , 22.215 , 216.96 , 63.04 , (4.9+/-1.3) e-8 , 2.24 , 11.2 , - , 0 , 16.2 , (10.8+/-3.3) e-8 , (4.3+/-1) e-8 , 0 , BL Lac , - 
57 , 0FGLJ1057.8+0138 , PKS 1055+018 , 164.45083 , 1.643 , 251.22 , 52.7 , (5+/-1.4) e-8 , 2.2 , 10.3 , CGRaBS J1058+0133 , 0.93 , 3.71 , (10.7+/-2.8) e-8 , (9.2+/-1.7) e-8 , 0.888 , FSRQ , - 
58 , 0FGLJ1058.9+5629 , RXS J10586+5628 , 164.73083 , 56.488 , 149.52 , 54.44 , (3.9+/-1) e-8 , 2.11 , 12 , RXS J10586+5628 , 1 , 24.66 , (8.3+/-2.7) e-8 , (5+/-1.8) e-8 , 0.143 , BL Lac , - 
59 , 0FGLJ1100.2-8000 , PKS 1057-79 , 165.05667 , -80.012 , 298.04 , -18.22 , (17.1+/-3.8) e-8 , 2.71 , 12.1 , CGRaBS J1058-8003 , 0.99 , 53.65 , (38.4+/-8.5) e-8 , (11.1+/-2.2) e-8 , 0.569 , BL Lac , T 
60 , 0FGLJ1104.5+3811 , Mrk 421 , 166.13667 , 38.187 , 179.87 , 65.05 , (15.3+/-1.1) e-8 , 1.77 , 47.1 , Mrk 421 , 1 , 35.1 , (20.9+/-3.1) e-8 , (15.9+/-1.3) e-8 , 0.03 , BL Lac , - 
61 , 0FGLJ1129.8-1443 , PKS 1127-14 , 172.45375 , -14.727 , 275.13 , 43.69 , (9.9+/-2.4) e-8 , 2.69 , 10.5 , BZQ J1130-1449 , 0.84 , 27.54 , (25.8+/-5.8) e-8 , (10.8+/-1.6) e-8 , 1.184 , FSRQ , - 
62 , 0FGLJ1146.7-3808 , PKS 1144-379 , 176.68875 , -38.149 , 289.16 , 22.98 , (5.7+/-1.4) e-8 , 2.21 , 10.4 , CGRaBS J1147-3812 , 0.99 , 45.04 , (7.5+/-2.8) e-8 , (3.5+/-1.2) e-8 , 1.048 , FSRQ , - 
63 , 0FGLJ1159.2+2912 , 4C 29.45 , 179.8 , 29.216 , 199.61 , 78.3 , (10.3+/-1.8) e-8 , 2.47 , 14.6 , CGRaBS J1159+2914 , 0.98 , 39.38 , (16+/-3.8) e-8 , (9.4+/-1) e-8 , 0.729 , FSRQ , - 
64 , 0FGLJ1218.0+3006 , B2 1215+30 , 184.51667 , 30.108 , 188.83 , 82.09 , (9.7+/-1.1) e-8 , 1.89 , 27.4 , B2 1215+30 , 1 , 31.8 , (40.9+/-4.7) e-8 , (10.4+/-1) e-8 , 0.13 , BL Lac , T 
65 , 0FGLJ1221.7+2814 , W Com , 185.43875 , 28.243 , 201.6 , 83.33 , (8.3+/-1.1) e-8 , 1.93 , 24 , W Com , 1 , 36.82 , (17.2+/-3.5) e-8 , (75+/-9) e-9 , 0.102 , BL Lac , T 
66 , 0FGLJ1229.1+0202 , 3C 273 , 187.28667 , 2.045 , 289.97 , 64.35 , (75.2+/-4.3) e-8 , 2.71 , 52 , 3C 273 , 1 , 73.53 , (13.7+/-1.3) e-7 , (65.5+/-2.6) e-8 , 0.158 , FSRQ , T 
67 , 0FGLJ1246.6-2544 , PKS 1244-255 , 191.655 , -25.734 , 301.57 , 37.12 , (6.8+/-1.6) e-8 , 2.24 , 11.7 , CGRaBS J1246-2547 , 0.99 , 43.45 , (15.3+/-4.3) e-8 , (7.6+/-1.4) e-8 , 0.635 , FSRQ , - 
68 , 0FGLJ1248.7+5811 , - , 192.18875 , 58.191 , 123.61 , 58.93 , (38+/-8) e-9 , 1.95 , 14.3 , PG 1246+586 , 0.86 , 0 , (8+/-2.4) e-8 , (7.4+/-1.6) e-8 , 0 , BL Lac , - 
69 , 0FGLJ1253.4+5300 , S4 1250+53 , 193.36875 , 53.001 , 122.22 , 64.12 , (4.7+/-1.1) e-8 , 2.17 , 12.1 , S4 1250+53 , 1 , 43.34 , (9.1+/-2.6) e-8 , (5.6+/-1.5) e-8 , 0 , BL Lac , - 
70 , 0FGLJ1256.1-0547 , 3C 279 , 194.03375 , -5.8 , 305.08 , 57.05 , (31.5+/-2.3) e-8 , 2.35 , 36.8 , 3C279 , 1 , 71.21 , (46.3+/-6.8) e-8 , (29.7+/-1.8) e-8 , 0.536 , FSRQ , T 
71 , 0FGLJ1310.6+3220 , B2 1308+32 , 197.65583 , 32.339 , 85.45 , 83.33 , (15.5+/-1.6) e-8 , 2.25 , 27.3 , CGRaBS J1310+3220 , 0.99 , 55.91 , (37.3+/-4.6) e-8 , (16.4+/-1.1) e-8 , 0.997 , FSRQ , T 
72 , 0FGLJ1325.4-4303 , NGC 5128|Cen A , 201.35292 , -43.062 , 309.5 , 19.37 , (21.5+/-4.5) e-8 , 2.91 , 12.4 , NGC 5128 , 1 , 75.23 , (32.3+/-8) e-8 , (22.2+/-2.4) e-8 , 0.002 , RadioGalaxy , - 
73 , 0FGLJ1331.7-0506 , PKS 1329-049 , 202.93458 , -5.112 , 321.24 , 56.31 , (13+/-2.1) e-8 , 2.59 , 14.3 , CGRaBS J1332-0509 , 0.93 , 44.64 , (33+/-5.9) e-8 , (10.7+/-1.2) e-8 , 2.15 , FSRQ , T 
74 , 0FGLJ1333.3+5058 , - , 203.33083 , 50.97297 , 107.3 , 64.86 , (7.2+/-1.5) e-8 , 2.4 , 12.4 , - , 0 , 21.52 , (13.7+/-4.6) e-8 , (9.1+/-1.3) e-8 , 1.362 , FSRQ , T 
75 , 0FGLJ1355.0-1044 , PKS 1352-104 , 208.76375 , -10.735 , 327.21 , 49.11 , (7.6+/-1.8) e-8 , 2.37 , 11.5 , BZUJ1354-1041 , 0.84 , 22.52 , (34.4+/-5.5) e-8 , (8.7+/-1.3) e-8 , 0.33 , FSRQ , T 
76 , 0FGLJ1427.1+2347 , PKS 1424+240 , 216.79375 , 23.785 , 29.46 , 68.16 , (62+/-8) e-9 , 1.8 , 24.1 , PKS 1424+240 , 1 , 19.69 , (8.7+/-2.2) e-8 , (5.1+/-1) e-8 , 0 , BL Lac , - 
77 , 0FGLJ1457.6-3538 , PKS 1454-354 , 224.40667 , -35.639 , 329.93 , 20.52 , (36.6+/-2.4) e-8 , 2.24 , 39.6 , CGRaBS J1457-3539 , 0.99 , 26.03 , (77.2+/-7.1) e-8 , (321+/-5) e-9 , 1.424 , FSRQ , T 
78 , 0FGLJ1504.4+1030 , PKS 1502+106 , 226.115 , 10.505 , 11.4 , 54.57 , (81.4+/-2.7) e-8 , 2.17 , 88.2 , CGRaBS J1504+1029 , 1 , 48.85 , (26+/-1.5) e-7 , (69.3+/-2.1) e-8 , 1.839 , FSRQ , T 
79 , 0FGLJ1511.2-0536 , PKS 1508-05 , 227.81375 , -5.613 , 354.09 , 42.94 , (8.8+/-2.1) e-8 , 2.41 , 10.8 , BZQJ1510-0543 , 0.73 , 10.27 , (16.2+/-4.4) e-8 , (8.6+/-1.7) e-8 , 1.185 , FSRQ , - 
80 , 0FGLJ1512.7-0905 , PKS 1510-08 , 228.19583 , -9.093 , 351.28 , 40.15 , (55.8+/-3.3) e-8 , 2.48 , 45 , BZQJ1512-0905 , 0.98 , 74.49 , (16.6+/-1.2) e-7 , (50.6+/-2.3) e-8 , 0.36 , FSRQ , T 
81 , 0FGLJ1517.9-2423 , AP Lib , 229.49583 , -24.395 , 340.72 , 27.51 , (4.1+/-1.2) e-8 , 1.94 , 12.3 , AP Lib , 1 , 19.18 , (7+/-2.4) e-8 , (52+/-6) e-9 , 0.048 , BL Lac , - 
82 , 0FGLJ1522.2+3143 , TXS 1520+319 , 230.55167 , 31.726 , 50.14 , 57.01 , (25.7+/-2.1) e-8 , 2.39 , 34.3 , CGRaBS J1522+3144 , 1 , 51.06 , (42+/-5.1) e-8 , (22.2+/-1.5) e-8 , 1.487 , FSRQ , T 
83 , 0FGLJ1543.1+6130 , RXS J15429+6129 , 235.78375 , 61.504 , 95.38 , 45.37 , (25+/-7) e-9 , 2 , 10.5 , RXS J15429+6129 , 1 , 45.22 , (4.3+/-1.7) e-8 , (3.3+/-1.4) e-8 , 0 , BL Lac , - 
84 , 0FGLJ1553.4+1255 , PKS 1551+130 , 238.36792 , 12.922 , 23.74 , 45.22 , (16.1+/-1.8) e-8 , 2.23 , 23.7 , PKS 1551+130 , 0.85 , 26.38 , (33.6+/-5.6) e-8 , (15.6+/-2.2) e-8 , 1.308 , FSRQ , T 
85 , 0FGLJ1555.8+1110 , PG 1553+11 , 238.95083 , 11.181 , 21.9 , 43.94 , (8+/-1) e-8 , 1.7 , 31.5 , PG 1553+11 , 1 , 44.23 , (11.6+/-2.3) e-8 , (10.2+/-2) e-8 , 0 , BL Lac , - 
86 , 0FGLJ1625.8-2527 , PKS 1622-253 , 246.47 , -25.451 , 352.16 , 16.3 , (16+/-4.6) e-8 , 2.4 , 11.4 , PKS 1622-253 , 0.99 , 56.82 , (28.4+/-8) e-8 , (19.8+/-1.3) e-8 , 0.786 , FSRQ , - 
87 , 0FGLJ1625.9-2423 , - , 246.49375 , -24.393 , 353 , 16.99 , (19.9+/-5.1) e-8 , 2.46 , 10.1 , - , 0 , 2.33 , (32.1+/-8.1) e-8 , (107+/-9) e-9 , 0 , AGN , - 
88 , 0FGLJ1635.2+3809 , 4C +38.41 , 248.82083 , 38.158 , 61.11 , 42.33 , (22+/-2.2) e-8 , 2.44 , 27.3 , CRATESJ1635+3808 , 0.99 , 54.1 , (49.8+/-6) e-8 , (17.6+/-1.3) e-8 , 1.814 , FSRQ , T 
89 , 0FGLJ1641.4+3939 , - , 250.355 , 39.666 , 63.23 , 41.24 , (13.4+/-2.1) e-8 , 2.43 , 17.7 , - , 0 , 6.22 , (33.7+/-6.3) e-8 , (12.7+/-1.4) e-8 , 0.539 , FSRQ , T 
90 , 0FGLJ1653.9+3946 , Mrk 501 , 253.49167 , 39.76697 , 63.6 , 38.84 , (31+/-6) e-9 , 1.7 , 19 , Mrk 501 , 1 , 59.08 , (6.9+/-1.8) e-8 , (33+/-8) e-9 , 0.033 , BL Lac , - 
91 , 0FGLJ1719.3+1746 , PKS 1717+177 , 259.82958 , 17.768 , 39.55 , 28.08 , (69+/-9) e-9 , 1.84 , 23.3 , PKS 1717+177 , 1 , 40.87 , (15+/-3) e-8 , (6.3+/-1.2) e-8 , 0.137 , BL Lac , T 
92 , 0FGLJ1751.5+0935 , OT 081 , 267.89292 , 9.591 , 34.86 , 17.61 , (18.4+/-2.1) e-8 , 2.27 , 23.1 , CGRaBS J1751+0939 , 0.99 , 19.73 , (41.4+/-6.3) e-8 , (17.8+/-1.9) e-8 , 0.322 , BL Lac , T 
93 , 0FGLJ1802.2+7827 , S5 1803+78 , 270.56667 , 78.466 , 110.02 , 28.99 , (6+/-1.4) e-8 , 2.25 , 12.6 , CGRaBS J1800+7828 , 0.99 , 28.07 , (11.1+/-3.1) e-8 , (5.9+/-1.3) e-8 , 0.68 , BL Lac , - 
94 , 0FGLJ1847.8+3223 , TXS 1846+322 , 281.95375 , 32.38497 , 62.06 , 14.84 , (14.7+/-2.4) e-8 , 2.37 , 16 , CGRaBS J1848+3219 , 0.94 , 12.76 , (28+/-4.9) e-8 , (94+/-6) e-9 , 0.798 , FSRQ , T 
95 , 0FGLJ1849.4+6706 , S4 1849+67 , 282.365 , 67.10197 , 97.5 , 25.02 , (15.9+/-1.5) e-8 , 2.17 , 28 , CGRaBS J1849+6705 , 1 , 53.89 , (28.8+/-4.1) e-8 , (14.9+/-1.5) e-8 , 0.657 , FSRQ , T 
96 , 0FGLJ1911.2-2011 , PKS 1908-201 , 287.81292 , -20.186 , 16.81 , -13.27 , (22.5+/-2.7) e-8 , 2.43 , 20 , CGRaBS J1911-2006 , 0.97 , 23.51 , (52.3+/-7.2) e-8 , (187+/-8) e-9 , 1.119 , FSRQ , T 
97 , 0FGLJ1923.3-2101 , TXS 1920-211 , 290.83958 , -21.031 , 17.2 , -16.2 , (13.1+/-2) e-8 , 2.31 , 16.4 , CGRaBS J1923-2104 , 0.97 , 37.72 , (41.6+/-6.1) e-8 , (113+/-6) e-9 , 0.874 , FSRQ , T 
98 , 0FGLJ2000.2+6506 , 1ES 1959+650 , 300.05292 , 65.105 , 97.97 , 17.63 , (4.2+/-1) e-8 , 1.86 , 15.8 , 1ES 1959+650 , 1 , 19.12 , (6.3+/-2.1) e-8 , (3.4+/-1.3) e-8 , 0.047 , BL Lac , - 
99 , 0FGLJ2009.4-4850 , PKS 2005-489 , 302.36292 , -48.84297 , 350.36 , -32.61 , (29+/-9) e-9 , 1.85 , 10.9 , PKS 2005-489 , 1 , 72.13 , (5.5+/-2.1) e-8 , (30+/-6) e-9 , 0.071 , BL Lac , - 
100 , 0FGLJ2017.2+0602 , - , 304.30167 , 6.048 , 48.59 , -16 , (37+/-9) e-9 , 1.87 , 12.7 , - , 0 , 7.03 , (6.6+/-2.3) e-8 , (6+/-1) e-9 , 0 , AGN , - 
101 , 0FGLJ2025.6-0736 , PKS 2022-07 , 306.41458 , -7.611 , 36.88 , -24.39 , (48+/-2.6) e-8 , 2.3 , 50.6 , BZQJ2025-0735 , 0.98 , 42.71 , (73.6+/-7.1) e-8 , (43+/-2) e-8 , 1.388 , FSRQ , T 
102 , 0FGLJ2056.1-4715 , PKS 2052-47 , 314.03375 , -47.251 , 352.58 , -40.36 , (11.1+/-2.3) e-8 , 2.56 , 12.5 , CRATES J2055-4716 , 1 , 67 , (21.1+/-5.2) e-8 , (10.7+/-1.7) e-8 , 1.491 , FSRQ , - 
103 , 0FGLJ2139.4-4238 , MH 2136-428 , 324.86458 , -42.642 , 358.23 , -48.34 , (8+/-1.2) e-8 , 2.01 , 20.1 , MH 2136-428 , 1 , 13.48 , (13.1+/-3) e-8 , (7.7+/-1.3) e-8 , 0 , BL Lac , - 
104 , 0FGLJ2143.2+1741 , OX 169 , 325.80667 , 17.688 , 72.01 , -26.05 , (14.1+/-2.2) e-8 , 2.57 , 14.5 , CGRaBS J2143+1743 , 0.96 , 36.88 , (30.7+/-6.2) e-8 , (12+/-1.7) e-8 , 0.213 , FSRQ , - 
105 , 0FGLJ2147.1+0931 , PKS 2144+092 , 326.77667 , 9.519 , 65.8 , -32.24 , (16.6+/-2.1) e-8 , 2.53 , 19.9 , CGRaBS J2147+0929 , 0.99 , 53.97 , (34.7+/-6.1) e-8 , (16.6+/-1.6) e-8 , 1.113 , FSRQ , T 
106 , 0FGLJ2157.5+3125 , B2 2155+31 , 329.38375 , 31.431 , 84.74 , -18.26 , (7.5+/-1.7) e-8 , 2.41 , 10 , CGRaBS J2157+3127 , 0.97 , 54.48 , (13.9+/-3.9) e-8 , (7.3+/-1.5) e-8 , 1.486 , FSRQ , - 
107 , 0FGLJ2158.8-3014 , PKS 2155-304 , 329.70375 , -30.237 , 17.71 , -52.24 , (18.1+/-1.2) e-8 , 1.85 , 43.9 , CGRaBS J2158-3013 , 1 , 54.87 , (29.2+/-3.6) e-8 , (18.5+/-1.4) e-8 , 0.116 , BL Lac , T 
108 , 0FGLJ2202.4+4217 , BL Lacertae , 330.62167 , 42.299 , 92.56 , -10.4 , (8.5+/-1.8) e-8 , 2.24 , 12.3 , BZB J2139-4239 , 1 , 45.62 , (12.8+/-4.3) e-8 , (8+/-2) e-8 , 0.069 , BL Lac , - 
109 , 0FGLJ2203.2+1731 , PKS 2201+171 , 330.81458 , 17.532 , 75.71 , -29.53 , (6.9+/-1.4) e-8 , 2.25 , 12.7 , CGRaBS J2203+1725 , 0.93 , 23.91 , (17+/-3.5) e-8 , (8.3+/-1.6) e-8 , 1.076 , FSRQ , T 
110 , 0FGLJ2207.0-5347 , PKS 2204-54 , 331.765 , -53.786 , 339.94 , -49.84 , (11.5+/-2.5) e-8 , 2.65 , 12.4 , CGRaBS J2207-5346 , 0.99 , 39.56 , (54.6+/-8) e-8 , (11.1+/-1.8) e-8 , 1.215 , FSRQ , T 
111 , 0FGLJ2229.8-0829 , PHL 5225 , 337.45167 , -8.495 , 55.32 , -51.71 , (15.9+/-2.4) e-8 , 2.67 , 16.8 , CGRaBS J2229-0832 , 0.99 , 42.99 , (27.7+/-5.7) e-8 , (120+/-4) e-9 , 1.56 , FSRQ , - 
112 , 0FGLJ2232.4+1141 , CTA 102 , 338.11667 , 11.69 , 77.37 , -38.6 , (14+/-2.3) e-8 , 2.61 , 15.2 , BZQ J2232+1143 , 1 , 45.97 , (24.6+/-6.2) e-8 , (11.2+/-1.3) e-8 , 1.037 , FSRQ , - 
113 , 0FGLJ2254.0+1609 , 3C 454.3 , 343.50167 , 16.151 , 86.12 , -38.19 , (246+/-5.2) e-8 , 2.41 , 149.1 , CGRaBS J2253+1608 , 1 , 70.34 , (38.6+/-2.1) e-7 , (222+/-4.3) e-8 , 0.859 , FSRQ , T 
114 , 0FGLJ2325.3+3959 , B3 2322+396 , 351.33375 , 39.993 , 105.53 , -19.95 , (28+/-8) e-9 , 1.89 , 11.4 , B3 2322+396 , 1 , 29.25 , (11+/-2.7) e-8 , (13+/-4) e-9 , 0 , BL Lac , T 
115 , 0FGLJ2327.3+0947 , PKS 2325+093 , 351.83292 , 9.794 , 91.15 , -47.82 , (18.3+/-2.6) e-8 , 2.73 , 17.1 , CGRaBS J2327+0940 , 0.93 , 21.12 , (51+/-8.4) e-8 , (15.8+/-1.6) e-8 , 1.843 , FSRQ , T 
116 , 0FGLJ2345.5-1559 , PMN J2345-1555 , 356.38875 , -15.985 , 65.67 , -71.1 , (10.5+/-1.7) e-8 , 2.42 , 15.5 , CGRaBS J2345-1555 , 0.93 , 30.19 , (22.3+/-4.3) e-8 , (10.3+/-1.3) e-8 , 0.621 , FSRQ , T 
