_id , wfccat_name, other_name , RA , Dec , LII , BII , 2-10keV_flux , ObsCode , Distance_Ref , Mean_distance_Ref , Num_detections , Classification , Ra_ref , Dec_ref , Error_radius , 2-8keV_SNR , 8-19keV_SNR , 2-8keV_SNR-sigthres_ratio , Emptyimage_sigthres , Quality_flag , Source_Name , Notes
1   , "SAXWFC J0025.5+6407.3"   ,  "Tycho"   ,  6.36958   ,  64.12189   ,  "120.1"   ,  "1.39"   ,  1.76e-10   ,  "2006000200"   ,  1.07   ,  1.73   ,  105   ,  "SNR Shell "   ,  "00 22 37.2"   ,  "+63 51 42.22"   ,  1.3   ,  24.89   ,  1.4   ,  13.02   ,  1.83677   ,  9   ,  "Tycho"   ,  "---"
2   , "SAXWFC J0028.7+5917.2"   ,  "V709Cas"   ,  7.18625   ,  59.28658   ,  "120.03"   ,  "-3.46"   ,  4.74e-11   ,  "5147200300"   ,  0.46   ,  1.37   ,  9   ,  "CV "   ,  "00 26 00.95"   ,  "+59 00 47.8"   ,  3.4   ,  7.78   ,  2.8   ,  4.95   ,  1.46473   ,  9   ,  "V709Cas"   ,  "---"
3   , "SAXWFC J0035.9+5949.7"   ,  "1ES0033+595"   ,  8.9675   ,  59.82839   ,  "120.97"   ,  "-2.99"   ,  8.25e-11   ,  "5135000100"   ,  0.4   ,  1.17   ,  10   ,  "BL Lac"   ,  "00 33 01.91"   ,  "+59 33 35.06"   ,  1.5   ,  12.66   ,  3.1   ,  5.92   ,  2.03712   ,  9   ,  "1ES0033+595"   ,  "---"
4   , "SAXWFC J0037.0+6121.0"   ,  "IGRJ00370+6122"   ,  9.25708   ,  61.35078   ,  "121.2"   ,  "-1.48"   ,  1.2e-10   ,  "5086300500"   ,  1.06   ,  1.3   ,  6   ,  "HMXRB"   ,  "00 34 17.03"   ,  "+61 05 01.39"   ,  1.4   ,  16.93   ,  5.4   ,  10.21   ,  1.56685   ,  9   ,  "IGRJ00370+6122"   ,  "---"
5   , "SAXWFC J0051.8-7217.5"   ,  "SMCX-3"   ,  12.9375   ,  -72.292   ,  "302.89"   ,  "-44.84"   ,  9.25e-11   ,  "5116100210"   ,  8.74   ,  0   ,  1   ,  "HMXRB"   ,  "00 50 19.43"   ,  "-72 42 24.33"   ,  1.4   ,  15.8   ,  6.4   ,  11.73   ,  1.34268   ,  9   ,  "SMCX-3"   ,  "---"
6   , "SAXWFC J0052.3-7319.3"   ,  "RXJ0052-7319"   ,  13.08375   ,  -73.32139   ,  "302.84"   ,  "-43.81"   ,  1.56e-10   ,  "5018200100"   ,  0.49   ,  0.85   ,  12   ,  "HMXRB Be star"   ,  "00 50 29.51"   ,  "-73 35 36.7"   ,  1.3   ,  26.82   ,  10.7   ,  13.14   ,  2.03089   ,  9   ,  "RXJ0052-7319"   ,  "---"
7   , "SAXWFC J0053.2-7438.8"   ,  "CFTuc"   ,  13.28958   ,  -74.64728   ,  "302.77"   ,  "-42.49"   ,  6.32e-11   ,  "6116900100"   ,  0.79   ,  0.56   ,  2   ,  "RS CVn star"   ,  "00 51 19.92"   ,  "-74 55 23.41"   ,  1.6   ,  11.05   ,  5.3   ,  5.81   ,  1.8664   ,  9   ,  "CFTuc"   ,  "---"
8   , "SAXWFC J0054.3-7340.2"   ,  "SMCX-2"   ,  13.58208   ,  -73.67019   ,  "302.65"   ,  "-43.46"   ,  1.31e-10   ,  "6084300200"   ,  1.28   ,  2.89   ,  2   ,  "HMXRB"   ,  "00 52 53.04"   ,  "-73 57 18.86"   ,  2   ,  5.74   ,  3.9   ,  3.08   ,  1.85122   ,  5   ,  "SMCX-2"   ,  "---"
9   , "SAXWFC J0056.7+6043.4"   ,  "GammaCas"   ,  14.18708   ,  60.72408   ,  "123.58"   ,  "-2.14"   ,  1.63e-10   ,  "6108700100"   ,  0.54   ,  0.95   ,  72   ,  "HMXRB Be star"   ,  "00 53 40.31"   ,  "+60 26 47.14"   ,  1.3   ,  32.25   ,  11.1   ,  10.84   ,  2.766   ,  9   ,  "GammaCas"   ,  "---"
10   , "SAXWFC J0111.3-7317.2"   ,  "XTEJ0111-7317"   ,  17.82542   ,  -73.287   ,  "300.95"   ,  "-43.77"   ,  5.72e-10   ,  "5070700100"   ,  0.68   ,  0.82   ,  17   ,  "HMXRB Be star"   ,  "01 09 45.6"   ,  "-73 32 39.83"   ,  1.3   ,  124.18   ,  59.2   ,  62.09   ,  1.91019   ,  9   ,  "XTEJ0111-7317"   ,  "---"
11   , "SAXWFC J0118.0+6517.7"   ,  "2S0114+65"   ,  19.50958   ,  65.29519   ,  "125.7"   ,  "2.56"   ,  2.83e-10   ,  "5089100200"   ,  0.4   ,  0.9   ,  48   ,  "HMXRB supergiant"   ,  "01 14 41.75"   ,  "+65 01 31.87"   ,  1.3   ,  57.7   ,  44.9   ,  41.8   ,  1.33846   ,  9   ,  "2S0114+65"   ,  "---"
12   , "SAXWFC J0118.5+6343.8"   ,  "4U0115+634"   ,  19.62417   ,  63.72978   ,  "125.92"   ,  "1.01"   ,  1.63e-9   ,  "2006100100"   ,  0.65   ,  1.24   ,  10   ,  "HMXRB Be star"   ,  "01 15 13.67"   ,  "+63 28 37.59"   ,  1.3   ,  79.19   ,  56.1   ,  27.95   ,  2.45736   ,  9   ,  "4U0115+634"   ,  "---"
13   , "SAXWFC J0117.0-7326.4"   ,  "SMCX-1"   ,  19.25208   ,  -73.43958   ,  "300.42"   ,  "-43.57"   ,  8.15e-10   ,  "5106900100"   ,  0.38   ,  0.85   ,  158   ,  "HMXRB supergiant"   ,  "01 15 45.6"   ,  "-73 42 22.06"   ,  1.3   ,  114.34   ,  60.9   ,  59.1   ,  1.85596   ,  9   ,  "SMCX-1"   ,  "---"
14   , "SAXWFC J0121.7-7257.6"   ,  "RXJ0121.4-7258"   ,  20.42083   ,  -72.95928   ,  "299.85"   ,  "-43.99"   ,  1.66e-10   ,  "5085000100"   ,  999   ,  0   ,  2   ,  "Unknown class"   ,  "00 00 00.0"   ,  "+00 00 00.0"   ,  1.3   ,  24.12   ,  19.6   ,  15.62   ,  1.49491   ,  9   ,  "RXJ0121.4-7258"   ,  "---"
15   , "SAXWFC J0123.9-3504.6"   ,  "NGC526A"   ,  20.9875   ,  -35.07669   ,  "263.75"   ,  "-79.45"   ,  6.23e-11   ,  "4114500300"   ,  0.67   ,  2.86   ,  3   ,  "Seyfert type 1"   ,  "01 21 37.92"   ,  "-35 19 41.59"   ,  1.9   ,  9.51   ,  4   ,  5.84   ,  1.62811   ,  9   ,  "NGC526A"   ,  "---"
16   , "SAXWFC J0146.5+6145.3"   ,  "4U0142+614"   ,  26.63417   ,  61.75428   ,  "129.4"   ,  "-0.43"   ,  8.3e-11   ,  "6108700100"   ,  1.21   ,  0.88   ,  31   ,  "X-ray binary"   ,  "01 42 53.76"   ,  "+61 30 12.38"   ,  1.5   ,  13.54   ,  0.8   ,  4.55   ,  2.766   ,  9   ,  "4U0142+614"   ,  "---"
17   , "SAXWFC J0147.0+6120.6"   ,  "RXJ0146.9+6121"   ,  26.755   ,  61.34278   ,  "129.54"   ,  "-0.82"   ,  9.78e-11   ,  "5024100730"   ,  0.83   ,  1.13   ,  23   ,  "HMXRB Be star"   ,  "01 43 32.39"   ,  "+61 06 24.62"   ,  1.5   ,  14.01   ,  6.4   ,  7.35   ,  1.901   ,  9   ,  "RXJ0146.9+6121"   ,  "---"
18   , "SAXWFC J0209.5+5226.2"   ,  "1H0203+513"   ,  32.3825   ,  52.437   ,  "134.82"   ,  "-8.63"   ,  1.59e-10   ,  "7058601400"   ,  1.07   ,  0   ,  1   ,  "Seyfert type 1"   ,  "02 06 18.95"   ,  "+52 12 17.99"   ,  2.3   ,  5.11   ,  0.2   ,  2.92   ,  1.73253   ,  9   ,  "1H0203+513"   ,  "---"
19   , "SAXWFC J0234.3-4347.1"   ,  "CCEri"   ,  38.58   ,  -43.78539   ,  "258.46"   ,  "-63.43"   ,  3.9e-11   ,  "1123400100"   ,  0   ,  0   ,  1   ,  "Star M0 0"   ,  "00 00 00.0"   ,  "+00 00 00.0"   ,  1.9   ,  7.8   ,  2.3   ,  Infinity   ,  0   ,  6   ,  "CCEri"   ,  "---"
20   , "SAXWFC J0245.0+6225.7"   ,  "QSOB0241+62"   ,  41.23958   ,  62.4285   ,  "135.65"   ,  "2.39"   ,  6.51e-11   ,  "7056600300"   ,  2.39   ,  0.93   ,  7   ,  "Seyfert type 1"   ,  "02 41 00.48"   ,  "+62 15 26.67"   ,  1.6   ,  9.67   ,  3.6   ,  6.88   ,  1.40433   ,  9   ,  "QSOB0241+62"   ,  "---"
21   , "SAXWFC J0254.3+4133.3"   ,  "2A0251+413"   ,  43.58625   ,  41.55478   ,  "146.32"   ,  "-15.67"   ,  5.9e-11   ,  "5132800100"   ,  2.5   ,  1.78   ,  3   ,  "Cluster of galaxies"   ,  "02 51 00.23"   ,  "+41 23 18.85"   ,  1.8   ,  6.56   ,  1.4   ,  3.6   ,  1.81372   ,  5   ,  "2A0251+413"   ,  "---"
22   , "SAXWFC J0308.2+4057.1"   ,  "Algol"   ,  47.04958   ,  40.95239   ,  "148.98"   ,  "-14.9"   ,  6.89e-10   ,  "5016500100"   ,  0.39   ,  1.11   ,  6   ,  "RS CVn starAlgol star"   ,  "03 04 54.23"   ,  "+40 45 52.09"   ,  1.3   ,  30.95   ,  2.7   ,  24.73   ,  1.2452   ,  9   ,  "Algol"   ,  "---"
23   , "SAXWFC J0311.3-2046.2"   ,  "HE0309-2057"   ,  47.83542   ,  -20.76919   ,  "209.32"   ,  "-57.52"   ,  1.27e-10   ,  "7085400600"   ,  0.43   ,  0   ,  1   ,  "Seyfert type 1"   ,  "03 09 04.08"   ,  "-20 57 38.01"   ,  2.1   ,  6   ,  -0.2   ,  4.31   ,  1.39159   ,  5   ,  "HE0309-2057"   ,  "---"
24   , "SAXWFC J0318.0-4414.7"   ,  "ABELL3112"   ,  49.5   ,  -44.24569   ,  "252.94"   ,  "-56.08"   ,  5.64e-11   ,  "5125800200"   ,  0.65   ,  1.16   ,  3   ,  "Cluster of galaxies"   ,  "03 16 13.67"   ,  "-44 25 06.92"   ,  2.1   ,  7.02   ,  4.2   ,  4.08   ,  1.72143   ,  9   ,  "ABELL3112"   ,  "---"
25   , "SAXWFC J0319.8+4131.0"   ,  "NGC1275"   ,  49.94625   ,  41.517   ,  "150.56"   ,  "-13.26"   ,  4.06e-10   ,  "5065200100"   ,  0.36   ,  1.21   ,  40   ,  "Radio Galaxy Radio Loud"   ,  "03 16 29.51"   ,  "+41 19 51.85"   ,  1.3   ,  29.51   ,  6   ,  20.86   ,  1.39558   ,  9   ,  "NGC1275"   ,  "---"
26   , "SAXWFC J0326.6+2842.7"   ,  "UXAri"   ,  51.6375   ,  28.71228   ,  "159.54"   ,  "-22.92"   ,  9.94e-11   ,  "5066500100"   ,  0.51   ,  0.81   ,  2   ,  "RS CVn star"   ,  "03 23 32.87"   ,  "+28 32 32.2"   ,  1.5   ,  15.45   ,  3.7   ,  8.41   ,  1.81874   ,  9   ,  "UXAri"   ,  "---"
27   , "SAXWFC J0331.3+4356.0"   ,  "GKPer"   ,  52.81917   ,  43.93378   ,  "150.94"   ,  "-10.08"   ,  9.61e-11   ,  "7058601400"   ,  1.95   ,  1.02   ,  3   ,  "CV Intermediate polar"   ,  "03 27 47.28"   ,  "+43 44 04.91"   ,  1.6   ,  10.2   ,  4.4   ,  5.82   ,  1.73253   ,  9   ,  "GKPer"   ,  "---"
28   , "SAXWFC J0336.8+0034.9"   ,  "V711Tau"   ,  54.19375   ,  0.58208   ,  "184.91"   ,  "-41.58"   ,  -1.05e-7   ,  "7020004500"   ,  999   ,  5.31   ,  3   ,  "RS CVn star"   ,  "00 00 00.0"   ,  "+00 00 00.0"   ,  1.5   ,  0   ,  0   ,  0   ,  2.78472   ,  6   ,  "V711Tau"   ,  "---"
29   , "SAXWFC J0355.4+3103.3"   ,  "4U0352+309"   ,  58.84542   ,  31.05578   ,  "163.07"   ,  "-17.13"   ,  3.02e-10   ,  "1142400100"   ,  0.6   ,  0.97   ,  25   ,  "HMXRB Be star"   ,  "03 52 15.12"   ,  "+30 54 00.64"   ,  1.3   ,  38.75   ,  13   ,  15.09   ,  2.55553   ,  9   ,  "4U0352+309"   ,  "---"
30   , "SAXWFC J0413.4+1026.6"   ,  "ABELL478"   ,  63.34917   ,  10.44278   ,  "182.44"   ,  "-28.31"   ,  7.9e-11   ,  "6131500110"   ,  1.43   ,  0   ,  1   ,  "Cluster of galaxies"   ,  "04 10 40.79"   ,  "+10 20 21.58"   ,  1.9   ,  6.71   ,  0   ,  3.37   ,  1.98959   ,  9   ,  "ABELL478"   ,  "---"
31   , "SAXWFC J0433.2+0521.1"   ,  "3C120"   ,  68.28875   ,  5.35169   ,  "190.36"   ,  "-27.41"   ,  8.18e-11   ,  "7100700301"   ,  0.47   ,  1.63   ,  2   ,  "Seyfert type 1"   ,  "04 30 31.67"   ,  "+05 14 55.86"   ,  2   ,  7.29   ,  0.9   ,  4.06   ,  1.7961   ,  5   ,  "3C120"   ,  "---"
32   , "SAXWFC J0452.0+4932.1"   ,  "1RXSJ045205.0+49"   ,  73.01208   ,  49.53569   ,  "157.25"   ,  "3.41"   ,  4.59e-11   ,  "6093600200"   ,  0.73   ,  0.78   ,  5   ,  "Seyfert type 1"   ,  "04 48 16.55"   ,  "+49 27 47.37"   ,  1.7   ,  8.13   ,  -1.4   ,  4.39   ,  1.84851   ,  9   ,  "1RXSJ045205.0+49"   ,  "---"
33   , "SAXWFC J0458.2-7516.4"   ,  "1RXSJ045816.3-75"   ,  74.55833   ,  -75.27258   ,  "287.4"   ,  "-33.26"   ,  8.59e-11   ,  "2103200130"   ,  0.26   ,  2.26   ,  3   ,  "Star K0 unknown"   ,  "04 59 48.47"   ,  "-75 20 31.48"   ,  1.7   ,  7.37   ,  1.6   ,  4.5   ,  1.60093   ,  5   ,  "1RXSJ045816.3-75"   ,  "---"
34   , "SAXWFC J0507.7+6738.3"   ,  "1ES0502+675"   ,  76.93542   ,  67.63789   ,  "143.77"   ,  "15.88"   ,  3.92e-11   ,  "5132000310"   ,  1.47   ,  1.14   ,  6   ,  "BL Lac"   ,  "05 02 45.35"   ,  "+67 33 24.26"   ,  1.7   ,  9.52   ,  2.4   ,  4.45   ,  2.13924   ,  9   ,  "1ES0502+675"   ,  "---"
35   , "SAXWFC J0514.1-4002.3"   ,  "4U0513-40"   ,  78.53042   ,  -40.03869   ,  "244.5"   ,  "-35.04"   ,  3.49e-10   ,  "3095800110"   ,  0.33   ,  0.85   ,  38   ,  "LMXRB globular cluster"   ,  "05 12 27.84"   ,  "-40 05 59.85"   ,  1.3   ,  56.38   ,  16.5   ,  38.66   ,  1.43345   ,  9   ,  "4U0513-40"   ,  "---"
36   , "SAXWFC J0520.4-7157.6"   ,  "LMCX-2"   ,  80.10167   ,  -71.96028   ,  "283.09"   ,  "-32.7"   ,  5.31e-10   ,  "2121100100"   ,  0.38   ,  0.83   ,  269   ,  "LMXRB"   ,  "05 21 18.0"   ,  "-72 00 26.2"   ,  1.3   ,  118.51   ,  12.9   ,  50.78   ,  2.19622   ,  9   ,  "LMCX-2"   ,  "---"
37   , "SAXWFC J0529.2-3248.3"   ,  "TVCol"   ,  82.30667   ,  -32.80508   ,  "236.76"   ,  "-30.65"   ,  7.31e-11   ,  "5046300300"   ,  2.62   ,  1.03   ,  4   ,  "CV "   ,  "05 27 34.56"   ,  "-32 51 22.6"   ,  1.7   ,  6.83   ,  2.5   ,  3.98   ,  1.718   ,  9   ,  "TVCol"   ,  "---"
38   , "SAXWFC J0528.8-6527.0"   ,  "ABDor"   ,  82.19417   ,  -65.45008   ,  "275.3"   ,  "-33.05"   ,  4.59e-10   ,  "2039800100"   ,  0.2   ,  0.87   ,  6   ,  "Star K1 IV"   ,  "05 28 36.0"   ,  "-65 29 16.58"   ,  1.5   ,  13.42   ,  2.5   ,  11.78   ,  1.12985   ,  9   ,  "ABDor"   ,  "---"
39   , "SAXWFC J0534.5+2201.2"   ,  "CrabNebula"   ,  83.62875   ,  22.01928   ,  "184.55"   ,  "-5.79"   ,  2.07e-8   ,  "3104500200"   ,  0.37   ,  0.69   ,  152   ,  "SNR Filled-center "   ,  "05 31 31.44"   ,  "+21 58 54.4"   ,  1.3   ,  751.36   ,  154.9   ,  87.85   ,  2.49032   ,  9   ,  "CrabNebula"   ,  "---"
40   , "SAXWFC J0535.3-0525.4"   ,  "AXSJ053514-0523"   ,  83.82792   ,  -5.4225   ,  "209.04"   ,  "-19.4"   ,  6.38e-11   ,  "2014900500"   ,  2.09   ,  0   ,  1   ,  "Unknown class"   ,  "05 32 49.19"   ,  "-05 25 13.26"   ,  1.8   ,  5.93   ,  -0.8   ,  3.43   ,  1.73097   ,  5   ,  "AXSJ053514-0523"   ,  "---"
41   , "SAXWFC J0532.9-6622.0"   ,  "LMCX-4"   ,  83.22708   ,  -66.36669   ,  "276.32"   ,  "-32.53"   ,  1.68e-10   ,  "6084300100"   ,  0.57   ,  0.84   ,  67   ,  "HMXRB supergiant"   ,  "05 32 47.27"   ,  "-66 24 12.63"   ,  1.3   ,  31.4   ,  30   ,  18.15   ,  1.59143   ,  9   ,  "LMCX-4"   ,  "---"
42   , "SAXWFC J0542.8+6051.2"   ,  "BYCam"   ,  85.71042   ,  60.85308   ,  "151.84"   ,  "15.69"   ,  4.65e-11   ,  "5132000310"   ,  0.38   ,  1.24   ,  4   ,  "CV AM Her (polar)"   ,  "05 38 15.83"   ,  "+60 50 05.89"   ,  1.7   ,  7.9   ,  3.3   ,  3.69   ,  2.13924   ,  9   ,  "BYCam"   ,  "---"
43   , "SAXWFC J0539.0-6405.3"   ,  "LMCX-3"   ,  84.73958   ,  -64.0875   ,  "273.57"   ,  "-32.09"   ,  6.68e-10   ,  "2120600120"   ,  0.26   ,  0.78   ,  167   ,  "HMXRB"   ,  "05 38 39.6"   ,  "-64 06 33.58"   ,  1.3   ,  122.43   ,  5.1   ,  66.97   ,  1.69212   ,  9   ,  "LMCX-3"   ,  "---"
44   , "SAXWFC J0539.6-6944.7"   ,  "LMCX-1"   ,  84.90833   ,  -69.74558   ,  "280.2"   ,  "-31.52"   ,  4.96e-10   ,  "6084300100"   ,  0.15   ,  0.82   ,  209   ,  "HMXRB supergiant"   ,  "05 40 05.51"   ,  "-69 46 03.93"   ,  1.3   ,  99.7   ,  5.8   ,  57.62   ,  1.59143   ,  9   ,  "LMCX-1"   ,  "---"
45   , "SAXWFC J0540.1-6919.2"   ,  "PSRJ0540-6919"   ,  85.02208   ,  -69.32078   ,  "279.7"   ,  "-31.53"   ,  5.91e-11   ,  "2054900300"   ,  0.88   ,  1   ,  6   ,  "X-ray binary"   ,  "05 40 34.08"   ,  "-69 21 23.5"   ,  1.6   ,  7.78   ,  2.8   ,  5.93   ,  1.25411   ,  5   ,  "PSRJ0540-6919"   ,  "---"
46   , "SAXWFC J0552.5+5928.9"   ,  "IRAS05480+5927"   ,  88.1175   ,  59.48139   ,  "153.67"   ,  "16.13"   ,  4.25e-11   ,  "6093600200"   ,  0.24   ,  0   ,  1   ,  "Seyfert type 1"   ,  "05 48 02.63"   ,  "+59 27 59.83"   ,  1.9   ,  6.66   ,  1.1   ,  3.6   ,  1.84851   ,  5   ,  "IRAS05480+5927"   ,  "---"
47   , "SAXWFC J0550.6-3216.2"   ,  "PKS0548-322"   ,  87.64542   ,  -32.26978   ,  "237.55"   ,  "-26.17"   ,  4.45e-11   ,  "5134600100"   ,  1.46   ,  1.74   ,  2   ,  "BL Lac"   ,  "05 48 50.39"   ,  "-32 16 55.74"   ,  1.7   ,  8.98   ,  1.5   ,  3.99   ,  2.24593   ,  9   ,  "PKS0548-322"   ,  "---"
48   , "SAXWFC J0552.1-0727.9"   ,  "NGC2110"   ,  88.02625   ,  -7.46419   ,  "212.92"   ,  "-16.57"   ,  -1.08e-7   ,  "2088400100"   ,  999   ,  4.94   ,  3   ,  "Seyfert type 2"   ,  "00 00 00.0"   ,  "+00 00 00.0"   ,  2   ,  0   ,  0   ,  0   ,  1.87624   ,  6   ,  "NGC2110"   ,  "---"
49   , "SAXWFC J0554.9+4625.6"   ,  "MCG+08-11-011"   ,  88.73   ,  46.426   ,  "165.74"   ,  "10.4"   ,  6.86e-11   ,  "6093600200"   ,  0.84   ,  0.94   ,  7   ,  "Seyfert type 1"   ,  "05 51 09.6"   ,  "+46 25 50.52"   ,  1.5   ,  14.69   ,  5.1   ,  7.94   ,  1.84851   ,  9   ,  "MCG+08-11-011"   ,  "---"
50   , "SAXWFC J0617.1+0908.9"   ,  "4U0614+091"   ,  94.28083   ,  9.14758   ,  "200.86"   ,  "-3.36"   ,  1.3e-9   ,  "5002900400"   ,  0.64   ,  0.89   ,  95   ,  "LMXRB"   ,  "06 14 22.79"   ,  "+09 09 21.81"   ,  1.3   ,  105.26   ,  27.5   ,  20.91   ,  3.33885   ,  9   ,  "4U0614+091"   ,  "---"
51   , "SAXWFC J0620.8+1327.0"   ,  "WD0618+134"   ,  95.20792   ,  13.45028   ,  "197.5"   ,  "-0.53"   ,  4.3e-10   ,  "2026800100"   ,  2.47   ,  0   ,  1   ,  "Unknown class"   ,  "06 18 02.63"   ,  "+13 26 01.49"   ,  2.3   ,  5.5   ,  1.8   ,  0.73   ,  3.71896   ,  6   ,  "WD0618+134"   ,  "---"
52   , "SAXWFC J0637.0-0522.3"   ,  "1RXSJ063656.7-05"   ,  99.24083   ,  -5.37119   ,  "216.08"   ,  "-5.66"   ,  9.68e-11   ,  "4036100100"   ,  1.24   ,  0   ,  1   ,  "Unknown class"   ,  "06 34 29.03"   ,  "-05 18 28.94"   ,  1.7   ,  12.95   ,  1.8   ,  6.57   ,  1.9663   ,  9   ,  "1RXSJ063656.7-05"   ,  "---"
53   , "SAXWFC J0714.3-3625.4"   ,  "1RXSJ071413.7-36"   ,  108.56833   ,  -36.42308   ,  "248.13"   ,  "-11.51"   ,  9.66e-11   ,  "5136300200"   ,  0.6   ,  0   ,  1   ,  "Star F5 unknown"   ,  "07 12 26.64"   ,  "-36 20 17.62"   ,  2.1   ,  7.11   ,  1.6   ,  5.79   ,  1.22476   ,  9   ,  "1RXSJ071413.7-36"   ,  "---"
54   , "SAXWFC J0728.9-2606.4"   ,  "4U0728-25"   ,  112.215   ,  -26.10689   ,  "240.27"   ,  "-4.06"   ,  1.7e-10   ,  "5106700100"   ,  0.39   ,  0.97   ,  5   ,  "HMXRB Be star"   ,  "07 26 49.91"   ,  "-26 00 13.1"   ,  1.4   ,  10.35   ,  5.2   ,  4.65   ,  2.22725   ,  9   ,  "4U0728-25"   ,  "---"
55   , "SAXWFC J0743.2+2853.1"   ,  "SigGem"   ,  115.80333   ,  28.885   ,  "191.18"   ,  "23.25"   ,  5.59e-11   ,  "6016900100"   ,  1.21   ,  0   ,  1   ,  "RS CVn star"   ,  "07 40 11.27"   ,  "+29 00 22.57"   ,  1.9   ,  6.78   ,  -1.4   ,  2.9   ,  2.34136   ,  9   ,  "SigGem"   ,  "---"
56   , "SAXWFC J0747.5-1917.6"   ,  "PKS0745-19"   ,  116.87667   ,  -19.29308   ,  "236.43"   ,  "3.02"   ,  6.29e-11   ,  "4036800100"   ,  0.47   ,  0.87   ,  4   ,  "Cluster of galaxies"   ,  "07 45 19.2"   ,  "-19 10 18.12"   ,  1.7   ,  9.5   ,  -0.4   ,  5.05   ,  1.88227   ,  9   ,  "PKS0745-19"   ,  "---"
57   , "SAXWFC J0749.1-0551.3"   ,  "RXJ0749.1-0549"   ,  117.27792   ,  -5.8545   ,  "224.87"   ,  "10.01"   ,  5.17e-10   ,  "5138900100"   ,  1.86   ,  0   ,  1   ,  "CV AM Her (polar)"   ,  "07 46 42.0"   ,  "-05 41 58.66"   ,  2.2   ,  6.04   ,  6.4   ,  3.41   ,  1.76956   ,  5   ,  "RXJ0749.1-0549"   ,  "---"
58   , "SAXWFC J0748.5-6745.2"   ,  "EXO0748-676"   ,  117.12   ,  -67.75408   ,  "279.97"   ,  "-19.83"   ,  4.32e-10   ,  "2132900100"   ,  0.49   ,  0.87   ,  180   ,  "LMXRB"   ,  "07 48 24.48"   ,  "-67 37 23.08"   ,  1.3   ,  49.05   ,  11.8   ,  30.51   ,  1.58287   ,  9   ,  "EXO0748-676"   ,  "---"
59   , "SAXWFC J0759.8-3844.6"   ,  "IGRJ07597-3842"   ,  119.9375   ,  -38.74339   ,  "254.5"   ,  "-4.68"   ,  1.44e-10   ,  "2013000210"   ,  0   ,  0   ,  1   ,  "Seyfert type 1"   ,  "00 00 00.0"   ,  "+00 00 00.0"   ,  2   ,  6   ,  0   ,  5.58   ,  1.06417   ,  6   ,  "IGRJ07597-3842"   ,  "---"
60   , "SAXWFC J0812.5-3114.3"   ,  "RXJ0812.4-3114"   ,  123.1225   ,  -31.23828   ,  "249.57"   ,  "1.55"   ,  1.17e-10   ,  "6046500200"   ,  0.22   ,  1.3   ,  10   ,  "HMXRB Be star"   ,  "08 10 28.55"   ,  "-31 05 17.05"   ,  1.4   ,  19.1   ,  5.7   ,  10.73   ,  1.7612   ,  9   ,  "RXJ0812.4-3114"   ,  "---"
61   , "SAXWFC J0823.2-4250.1"   ,  "1ES0821-426"   ,  125.79875   ,  -42.8345   ,  "260.37"   ,  "-3.2"   ,  -1.06e-7   ,  "5017200400"   ,  1.29   ,  4.54   ,  28   ,  "Unknown class"   ,  "08 21 25.92"   ,  "-42 41 34.22"   ,  1.5   ,  0   ,  0   ,  0   ,  1.43067   ,  6   ,  "1ES0821-426"   ,  "---"
62   , "SAXWFC J0835.3-4510.8"   ,  "velapulsar"   ,  128.83042   ,  -45.18069   ,  "263.55"   ,  "-2.8"   ,  6.69e-11   ,  "5017200400"   ,  0.33   ,  1.08   ,  18   ,  "SNR Radio Pulsar"   ,  "08 33 39.12"   ,  "-45 00 10.08"   ,  1.6   ,  9.97   ,  5.1   ,  5.89   ,  1.43067   ,  9   ,  "velapulsar"   ,  "---"
63   , "SAXWFC J0841.4+7054.8"   ,  "4C71.07"   ,  130.34042   ,  70.91339   ,  "143.52"   ,  "34.41"   ,  6.45e-11   ,  "5131900100"   ,  1.13   ,  1.49   ,  10   ,  "QSO Radio Loud flat radio sp."   ,  "08 36 21.59"   ,  "+71 04 21.89"   ,  1.8   ,  8.13   ,  2   ,  5.05   ,  1.60866   ,  9   ,  "4C71.07"   ,  "---"
64   , "SAXWFC J0902.1-4032.8"   ,  "VelaX-1"   ,  135.5175   ,  -40.54628   ,  "263.04"   ,  "3.92"   ,  1.87e-9   ,  "5122300100"   ,  0.71   ,  0.63   ,  129   ,  "HMXRB supergiant"   ,  "09 00 13.2"   ,  "-40 21 25.09"   ,  1.3   ,  221.04   ,  86.5   ,  91.67   ,  2.04256   ,  9   ,  "VelaX-1"   ,  "---"
65   , "SAXWFC J0920.4-5512.4"   ,  "2S0918-549"   ,  140.10875   ,  -55.20669   ,  "275.85"   ,  "-3.85"   ,  1.74e-9   ,  "2027500700"   ,  0.08   ,  0.78   ,  109   ,  "LMXRB"   ,  "09 18 54.72"   ,  "-54 59 37.14"   ,  1.3   ,  106.98   ,  38   ,  91.18   ,  1.1077   ,  9   ,  "2S0918-549"   ,  "---"
66   , "SAXWFC J0923.7+2253.8"   ,  "RXJ0923.7+2254"   ,  140.91542   ,  22.89619   ,  "206.06"   ,  "43.06"   ,  9.84e-11   ,  "2130300400"   ,  1.07   ,  0   ,  1   ,  "Seyfert type 1"   ,  "09 20 51.35"   ,  "+23 07 27.15"   ,  2.3   ,  7.39   ,  -0.7   ,  4.98   ,  1.48363   ,  5   ,  "RXJ0923.7+2254"   ,  "---"
67   , "SAXWFC J0922.6-6317.6"   ,  "2S0921-63"   ,  140.66   ,  -63.29308   ,  "281.83"   ,  "-9.34"   ,  8.4e-11   ,  "2075900100"   ,  0.43   ,  1.12   ,  21   ,  "LMXRB"   ,  "09 21 24.96"   ,  "-63 04 47.64"   ,  1.5   ,  11.04   ,  2.6   ,  7.55   ,  1.45171   ,  9   ,  "2S0921-63"   ,  "---"
68   , "SAXWFC J0924.3-3142.4"   ,  "1RXSJ092418.0-31"   ,  141.07375   ,  -31.70689   ,  "259.56"   ,  "13.22"   ,  9.72e-11   ,  "5125800100"   ,  0.22   ,  0.88   ,  32   ,  "Unknown class"   ,  "09 22 10.31"   ,  "-31 29 15.61"   ,  1.5   ,  14.54   ,  -1.4   ,  8.44   ,  1.71348   ,  9   ,  "1RXSJ092418.0-31"   ,  "---"
69   , "SAXWFC J0934.1+6251.9"   ,  "FFUMa"   ,  143.525   ,  62.8655   ,  "150.71"   ,  "42.09"   ,  1.32e-10   ,  "5031800100"   ,  3.14   ,  0   ,  1   ,  "Star G5 0"   ,  "09 29 53.99"   ,  "+63 03 03.52"   ,  2   ,  6.76   ,  2.7   ,  5.55   ,  1.22047   ,  5   ,  "FFUMa"   ,  "---"
70   , "SAXWFC J0945.6-1419.7"   ,  "NGC2992"   ,  146.39583   ,  -14.32889   ,  "249.68"   ,  "28.75"   ,  7.04e-11   ,  "5145300100"   ,  1.48   ,  0   ,  1   ,  "Seyfert type 1"   ,  "09 43 16.79"   ,  "-14 05 48.91"   ,  1.8   ,  5.97   ,  4.5   ,  3   ,  1.99137   ,  6   ,  "NGC2992"   ,  "---"
71   , "SAXWFC J0947.6-3056.7"   ,  "MCG-5-23-16"   ,  146.89708   ,  -30.9455   ,  "262.72"   ,  "17.22"   ,  1.04e-10   ,  "5125800100"   ,  1.03   ,  0.86   ,  10   ,  "Seyfert type 2"   ,  "09 45 28.32"   ,  "-30 42 56.84"   ,  1.9   ,  16.23   ,  5.3   ,  9.42   ,  1.71348   ,  9   ,  "MCG-5-23-16"   ,  "---"
72   , "SAXWFC J0955.5+6903.8"   ,  "NGC3031"   ,  148.8825   ,  69.06389   ,  "142.09"   ,  "40.9"   ,  3.13e-11   ,  "6101800200"   ,  0.33   ,  1.06   ,  4   ,  "Seyfert type 1"   ,  "09 51 28.8"   ,  "+69 17 51.39"   ,  1.8   ,  7.21   ,  3.5   ,  4.41   ,  1.63723   ,  9   ,  "NGC3031"   ,  "---"
73   , "SAXWFC J0955.6+6940.6"   ,  "NGC3034"   ,  148.91083   ,  69.67589   ,  "141.42"   ,  "40.55"   ,  4.67e-11   ,  "1003100200"   ,  1.06   ,  0.85   ,  3   ,  "Starburst galaxy"   ,  "09 51 42.0"   ,  "+69 54 57.45"   ,  1.9   ,  10.35   ,  2.7   ,  7.25   ,  1.42703   ,  9   ,  "NGC3034"   ,  "---"
74   , "SAXWFC J1009.7-5817.6"   ,  "GROJ1008-57"   ,  152.4325   ,  -58.29319   ,  "282.99"   ,  "-1.83"   ,  3.3e-10   ,  "1032400100"   ,  0.28   ,  0.98   ,  4   ,  "HMXRB Be star"   ,  "10 08 02.39"   ,  "-58 02 49.19"   ,  1.3   ,  41.69   ,  13.2   ,  22.19   ,  1.83897   ,  9   ,  "GROJ1008-57"   ,  "---"
75   , "SAXWFC J1037.6-5647.6"   ,  "RXJ1037.5-5647"   ,  159.395   ,  -56.79258   ,  "285.34"   ,  "1.43"   ,  5.87e-11   ,  "1032400100"   ,  0.61   ,  0.88   ,  3   ,  "HMXRB Be star"   ,  "10 35 37.91"   ,  "-56 32 33.36"   ,  1.7   ,  11.64   ,  6.7   ,  6.2   ,  1.83897   ,  9   ,  "RXJ1037.5-5647"   ,  "---"
76   , "SAXWFC J1045.1-5941.1"   ,  "EtaCar"   ,  161.26333   ,  -59.68569   ,  "287.59"   ,  "-0.64"   ,  1.57e-10   ,  "5016000800"   ,  0.09   ,  0.97   ,  42   ,  "Star unclassified"   ,  "10 43 06.96"   ,  "-59 25 15.63"   ,  1.3   ,  23.11   ,  6.8   ,  14.38   ,  1.57281   ,  9   ,  "EtaCar"   ,  "---"
77   , "SAXWFC J1052.6-6216.0"   ,  "2E1050.8-6200"   ,  163.13875   ,  -62.2665   ,  "289.57"   ,  "-2.52"   ,  1.76e-10   ,  "5075000100"   ,  999   ,  0   ,  1   ,  "Unknown class"   ,  "00 00 00.0"   ,  "+00 00 00.0"   ,  1.6   ,  10.57   ,  9.8   ,  6.1   ,  1.54072   ,  9   ,  "2E1050.8-6200"   ,  "---"
78   , "SAXWFC J1104.4+3812.0"   ,  "MKN421"   ,  166.09583   ,  38.20008   ,  "179.86"   ,  "65.02"   ,  5.3e-10   ,  "1053800100"   ,  0.96   ,  1.16   ,  31   ,  "BL Lac"   ,  "11 01 40.56"   ,  "+38 28 43.49"   ,  1.3   ,  33.93   ,  3.2   ,  13.94   ,  2.34213   ,  9   ,  "MKN421"   ,  "---"
79   , "SAXWFC J1106.8+7233.6"   ,  "NGC3516"   ,  166.71042   ,  72.5595   ,  "133.23"   ,  "42.41"   ,  9.05e-11   ,  "5040700100"   ,  0.58   ,  1.15   ,  19   ,  "Seyfert type 1"   ,  "11 03 22.79"   ,  "+72 50 19.6"   ,  1.4   ,  13.98   ,  3.5   ,  8.9   ,  1.57002   ,  9   ,  "NGC3516"   ,  "---"
80   , "SAXWFC J1118.2+4802.9"   ,  "XTEJ1118+480"   ,  169.56208   ,  48.04878   ,  "157.62"   ,  "62.32"   ,  6.92e-10   ,  "5117900100"   ,  1   ,  0.88   ,  9   ,  "LMXRB"   ,  "11 15 23.04"   ,  "+48 18 36.61"   ,  1.3   ,  80.72   ,  18.9   ,  45.16   ,  1.74929   ,  9   ,  "XTEJ1118+480"   ,  "---"
81   , "SAXWFC J1121.3-6037.5"   ,  "CenX-3"   ,  170.31625   ,  -60.625   ,  "292.09"   ,  "0.33"   ,  5.6e-9   ,  "2080300100"   ,  0.14   ,  0.82   ,  152   ,  "HMXRB Be star"   ,  "11 19 01.92"   ,  "-60 20 56.86"   ,  1.3   ,  545.66   ,  209.7   ,  151.05   ,  1.76654   ,  9   ,  "CenX-3"   ,  "---"
82   , "SAXWFC J1124.5-5915.7"   ,  "SNR292.0+01.8"   ,  171.13167   ,  -59.26239   ,  "292.02"   ,  "1.75"   ,  4.21e-11   ,  "5001600100"   ,  0.49   ,  1.96   ,  4   ,  "SNR Composite "   ,  "11 22 12.0"   ,  "-58 59 08.55"   ,  1.8   ,  6.84   ,  0.8   ,  3.01   ,  2.2358   ,  9   ,  "SNR292.0+01.8"   ,  "---"
83   , "SAXWFC J1138.9-3744.7"   ,  "NGC3783"   ,  174.73333   ,  -37.74478   ,  "287.43"   ,  "22.93"   ,  8.36e-11   ,  "5133800200"   ,  0.52   ,  1.12   ,  12   ,  "Seyfert type 1"   ,  "11 36 29.99"   ,  "-37 27 59.47"   ,  1.6   ,  10.65   ,  3.4   ,  4.06   ,  2.62077   ,  9   ,  "NGC3783"   ,  "---"
84   , "SAXWFC J1139.5-6523.4"   ,  "HD101379"   ,  174.86708   ,  -65.38939   ,  "295.52"   ,  "-3.56"   ,  3.88e-10   ,  "2112000100"   ,  0.52   ,  1.07   ,  10   ,  "Star G2 III"   ,  "11 37 09.84"   ,  "-65 07 13.4"   ,  1.3   ,  60.13   ,  11.8   ,  28.06   ,  2.05125   ,  9   ,  "HD101379"   ,  "---"
85   , "SAXWFC J1141.5-6411.3"   ,  "V1033Cen"   ,  175.37333   ,  -64.18839   ,  "295.4"   ,  "-2.35"   ,  6.01e-11   ,  "5088000100"   ,  1.38   ,  2.56   ,  2   ,  "CV AM Her (polar)"   ,  "11 39 01.43"   ,  "-63 53 27.88"   ,  2.2   ,  6.98   ,  3.1   ,  3.38   ,  2.02826   ,  5   ,  "V1033Cen"   ,  "---"
86   , "SAXWFC J1143.6+7141.1"   ,  "YYDra"   ,  175.89667   ,  71.68458   ,  "130.31"   ,  "44.46"   ,  4.5e-11   ,  "5085000100"   ,  0.36   ,  0.63   ,  3   ,  "CV "   ,  "11 40 48.95"   ,  "+71 57 58.42"   ,  1.6   ,  7.8   ,  -1   ,  5.02   ,  1.55497   ,  9   ,  "YYDra"   ,  "---"
87   , "SAXWFC J1143.8-6108.3"   ,  "IGRJ11435-6109"   ,  175.95083   ,  -61.13828   ,  "294.86"   ,  "0.66"   ,  1.47e-10   ,  "5147200300"   ,  3   ,  0   ,  1   ,  "HMXRB Be star"   ,  "11 41 45.84"   ,  "-60 50 22.41"   ,  1.6   ,  14.2   ,  9.2   ,  7.09   ,  1.92254   ,  9   ,  "IGRJ11435-6109"   ,  "---"
88   , "SAXWFC J1147.4-6156.5"   ,  "1E1145.1-6141"   ,  176.83958   ,  -61.94228   ,  "295.47"   ,  "-0.01"   ,  4.1e-10   ,  "6012600200"   ,  1.07   ,  0.96   ,  71   ,  "HMXRB supergiant"   ,  "11 45 02.15"   ,  "-61 40 32.55"   ,  1.3   ,  35.74   ,  23.5   ,  5.79   ,  3.62499   ,  9   ,  "1E1145.1-6141"   ,  "---"
89   , "SAXWFC J1148.0-6211.9"   ,  "4U1145-619"   ,  177.01   ,  -62.19758   ,  "295.61"   ,  "-0.24"   ,  1.09e-9   ,  "2024400200"   ,  0.61   ,  0.79   ,  6   ,  "HMXRB Be star"   ,  "11 45 33.59"   ,  "-61 55 43.42"   ,  1.3   ,  47.92   ,  27.4   ,  36.94   ,  1.24563   ,  9   ,  "4U1145-619"   ,  "---"
90   , "SAXWFC J1210.4+3924.4"   ,  "NGC4151"   ,  182.605   ,  39.40728   ,  "155.14"   ,  "75.04"   ,  1.27e-10   ,  "2018500130"   ,  1.41   ,  1.13   ,  40   ,  "Seyfert type 1"   ,  "12 08 00.95"   ,  "+39 41 02.04"   ,  1.3   ,  24.78   ,  15.4   ,  15.7   ,  1.5752   ,  9   ,  "NGC4151"   ,  "---"
91   , "SAXWFC J1213.2-6452.7"   ,  "1ES1210-64.6"   ,  183.29458   ,  -64.87908   ,  "298.88"   ,  "-2.32"   ,  2.57e-10   ,  "2017400100"   ,  0.68   ,  0.89   ,  20   ,  "Unknown class"   ,  "12 10 36.0"   ,  "-64 36 06.01"   ,  1.3   ,  36.3   ,  13.6   ,  9.05   ,  2.51786   ,  9   ,  "1ES1210-64.6"   ,  "---"
92   , "SAXWFC J1226.6-6245.7"   ,  "GX301-2"   ,  186.65042   ,  -62.762   ,  "300.09"   ,  "-0.03"   ,  1.73e-9   ,  "5012400600"   ,  0.52   ,  0.76   ,  105   ,  "HMXRB supergiant"   ,  "12 23 49.67"   ,  "-62 29 36.81"   ,  1.3   ,  175.47   ,  76.6   ,  117.22   ,  1.34284   ,  9   ,  "GX301-2"   ,  "---"
93   , "SAXWFC J1229.1+0202.3"   ,  "3C273"   ,  187.2725   ,  2.03908   ,  "289.94"   ,  "64.34"   ,  7.88e-11   ,  "5110900300"   ,  0.86   ,  1.1   ,  3   ,  "BL Lac"   ,  "12 26 33.36"   ,  "+02 19 43.46"   ,  1.8   ,  8.08   ,  0.5   ,  5.81   ,  1.39261   ,  9   ,  "3C273"   ,  "---"
94   , "SAXWFC J1248.9-4119.6"   ,  "ABELL3526"   ,  192.22792   ,  -41.3265   ,  "302.42"   ,  "21.54"   ,  5.83e-11   ,  "5049100100"   ,  1.52   ,  0   ,  1   ,  "Cluster of galaxies"   ,  "12 46 02.64"   ,  "-41 02 18.13"   ,  1.5   ,  8.21   ,  1.1   ,  3.95   ,  2.00813   ,  9   ,  "ABELL3526"   ,  "---"
95   , "SAXWFC J1249.7-5905.1"   ,  "4U1246-58"   ,  192.425   ,  -59.0845   ,  "302.7"   ,  "3.78"   ,  4.78e-10   ,  "5086300500"   ,  2.47   ,  2.18   ,  50   ,  "LMXRB"   ,  "12 46 33.12"   ,  "-58 50 39.65"   ,  1.3   ,  61.73   ,  13.4   ,  28.84   ,  1.6881   ,  9   ,  "4U1246-58"   ,  "---"
96   , "SAXWFC J1252.4-2914.0"   ,  "EXHya"   ,  193.09   ,  -29.233   ,  "303.17"   ,  "33.63"   ,  1.07e-10   ,  "7020003900"   ,  1.17   ,  1.1   ,  8   ,  "CV "   ,  "12 49 42.47"   ,  "-28 58 40.0"   ,  1.5   ,  15.54   ,  4.3   ,  10.24   ,  1.51265   ,  9   ,  "EXHya"   ,  "---"
97   , "SAXWFC J1257.6-6917.0"   ,  "4U1254-690"   ,  194.39708   ,  -69.28358   ,  "303.47"   ,  "-6.43"   ,  7.81e-10   ,  "5054100300"   ,  0.35   ,  0.76   ,  178   ,  "LMXRB"   ,  "12 54 20.87"   ,  "-69 01 07.49"   ,  1.3   ,  116.66   ,  12.5   ,  47.15   ,  2.22676   ,  9   ,  "4U1254-690"   ,  "---"
98   , "SAXWFC J1259.5+2756.6"   ,  "ComaCluster"   ,  194.88208   ,  27.94289   ,  "57.77"   ,  "88.03"   ,  9.77e-11   ,  "1118300200"   ,  3.99   ,  0   ,  1   ,  "Cluster of galaxies"   ,  "12 57 22.55"   ,  "+28 14 46.68"   ,  1.5   ,  8.45   ,  1.2   ,  4.77   ,  1.77027   ,  9   ,  "ComaCluster"   ,  "---"
99   , "SAXWFC J1325.5-4302.1"   ,  "CenA"   ,  201.3725   ,  -43.03419   ,  "309.51"   ,  "19.39"   ,  2.05e-10   ,  "2001800100"   ,  1.05   ,  1.03   ,  32   ,  "Seyfert Radio Loud"   ,  "13 22 33.12"   ,  "-42 45 24.33"   ,  1.3   ,  34.87   ,  18.5   ,  15.34   ,  2.26092   ,  9   ,  "CenA"   ,  "---"
100   , "SAXWFC J1326.7-6208.8"   ,  "4U1323-619"   ,  201.67792   ,  -62.14639   ,  "307.03"   ,  "0.44"   ,  3.68e-10   ,  "5137000100"   ,  1   ,  0.87   ,  33   ,  "LMXRB"   ,  "13 23 16.79"   ,  "-61 52 35.79"   ,  1.4   ,  21.97   ,  1.4   ,  10.18   ,  2.05268   ,  9   ,  "4U1323-619"   ,  "---"
101   , "SAXWFC J1336.0-3417.1"   ,  "MCG-06.30.015"   ,  203.98833   ,  -34.28528   ,  "313.3"   ,  "27.68"   ,  6.17e-11   ,  "2001800100"   ,  1.05   ,  0   ,  1   ,  "Seyfert type 1"   ,  "13 33 01.43"   ,  "-34 02 29.65"   ,  1.6   ,  10.99   ,  3.9   ,  4.84   ,  2.26092   ,  9   ,  "MCG-06.30.015"   ,  "---"
102   , "SAXWFC J1347.4-3252.0"   ,  "ABELL3571"   ,  206.85583   ,  -32.86639   ,  "316.3"   ,  "28.54"   ,  6.99e-11   ,  "2001800100"   ,  0.63   ,  1.47   ,  4   ,  "Cluster of galaxies"   ,  "13 44 35.51"   ,  "-32 36 57.09"   ,  1.6   ,  9.38   ,  2.5   ,  4.13   ,  2.26092   ,  9   ,  "ABELL3571"   ,  "---"
103   , "SAXWFC J1349.3-3019.1"   ,  "ESO445-50"   ,  207.32333   ,  -30.31869   ,  "317.48"   ,  "30.91"   ,  1.84e-10   ,  "5092600100"   ,  0.66   ,  1.15   ,  14   ,  "Seyfert type 1"   ,  "13 46 27.84"   ,  "-30 03 40.78"   ,  1.4   ,  18.92   ,  5.8   ,  5.96   ,  2.59439   ,  9   ,  "ESO445-50"   ,  "---"
104   , "SAXWFC J1348.8+2635.9"   ,  "ABELL1795"   ,  207.21208   ,  26.59819   ,  "33.82"   ,  "77.19"   ,  6.31e-11   ,  "1118300200"   ,  0.47   ,  0.82   ,  4   ,  "Radio Galaxy radio loud/flat spectrum"   ,  "13 46 34.07"   ,  "+26 50 28.57"   ,  1.5   ,  8.18   ,  3   ,  4.62   ,  1.77027   ,  9   ,  "ABELL1795"   ,  "---"
105   , "SAXWFC J1358.0-6443.7"   ,  "CenX-2"   ,  209.5125   ,  -64.7275   ,  "309.96"   ,  "-2.78"   ,  8.43e-10   ,  "5012400600"   ,  0.83   ,  0.63   ,  7   ,  "LMXRB"   ,  "13 54 27.36"   ,  "-64 29 29.07"   ,  1.3   ,  41.18   ,  15.8   ,  27.51   ,  1.34284   ,  9   ,  "CenX-2"   ,  "---"
106   , "SAXWFC J1413.3-0311.7"   ,  "MKN1376"   ,  213.31417   ,  -3.19569   ,  "339.16"   ,  "53.81"   ,  1.04e-10   ,  "5132200100"   ,  0.73   ,  0.88   ,  8   ,  "Seyfert type 2"   ,  "14 10 39.12"   ,  "-02 58 26.32"   ,  1.4   ,  19.02   ,  5.9   ,  10.35   ,  1.83514   ,  9   ,  "MKN1376"   ,  "---"
107   , "SAXWFC J1421.2-6241.7"   ,  "4U1416-62"   ,  215.30125   ,  -62.695   ,  "313.02"   ,  "-1.6"   ,  1.7e-10   ,  "5124100120"   ,  0.2   ,  0.85   ,  13   ,  "HMXRB Be star"   ,  "14 17 25.43"   ,  "-62 28 11.27"   ,  1.4   ,  15.22   ,  15.8   ,  6.23   ,  1.66212   ,  9   ,  "4U1416-62"   ,  "---"
108   , "SAXWFC J1428.6-5421.9"   ,  "SAXJ1428.6-5422"   ,  217.155   ,  -54.36578   ,  "316.87"   ,  "5.85"   ,  3.23e-10   ,  "5122300200"   ,  0.46   ,  0.67   ,  2   ,  "Unknown class"   ,  "14 25 09.12"   ,  "-54 08 59.46"   ,  1.5   ,  16.06   ,  6.7   ,  7.33   ,  2.16972   ,  9   ,  "SAXJ1428.6-5422"   ,  "---"
109   , "SAXWFC J1511.0+0542.7"   ,  "ABELL2029"   ,  227.7375   ,  5.71089   ,  "6.43"   ,  "50.52"   ,  6.7e-11   ,  "0000101001"   ,  0   ,  0   ,  2   ,  "Cluster of galaxies"   ,  "00 00 00.0"   ,  "+00 00 00.0"   ,  1.8   ,  7.3   ,  0   ,  Infinity   ,  0   ,  6   ,  "ABELL2029"   ,  "---"
110   , "SAXWFC J1513.9-5908.8"   ,  "PSRB1509-58"   ,  228.48042   ,  -59.14708   ,  "320.31"   ,  "-1.18"   ,  9.51e-11   ,  "6114400200"   ,  0.68   ,  0   ,  1   ,  "Radio Pulsar"   ,  "15 13 55.43"   ,  "-59 08 08.8"   ,  1.6   ,  6.15   ,  6   ,  1.41   ,  2.20834   ,  5   ,  "PSRB1509-58"   ,  "---"
111   , "SAXWFC J1520.6-5709.8"   ,  "CirX-1"   ,  230.15958   ,  -57.164   ,  "322.11"   ,  "0.04"   ,  2.02e-8   ,  "6118000300"   ,  0.37   ,  0.83   ,  95   ,  "LMXRB"   ,  "15 16 48.48"   ,  "-56 59 11.54"   ,  1.3   ,  537.46   ,  190.8   ,  77.06   ,  3.29419   ,  9   ,  "CirX-1"   ,  "---"
112   , "SAXWFC J1542.4-5222.7"   ,  "4U1538-522"   ,  235.60875   ,  -52.37878   ,  "327.42"   ,  "2.16"   ,  5.82e-10   ,  "6114400100"   ,  0.63   ,  0.86   ,  20   ,  "HMXRB supergiant"   ,  "15 38 38.64"   ,  "-52 13 36.98"   ,  1.3   ,  20.1   ,  28.7   ,  3.25   ,  2.88373   ,  9   ,  "4U1538-522"   ,  "---"
113   , "SAXWFC J1544.0-5646.5"   ,  "XTEJ1543-568"   ,  236.0075   ,  -56.77569   ,  "324.94"   ,  "-1.48"   ,  1.61e-10   ,  "6114400300"   ,  0.65   ,  0   ,  1   ,  "HMXRB Be star"   ,  "15 40 03.59"   ,  "-56 36 26.45"   ,  1.4   ,  7.77   ,  11.9   ,  0.83   ,  4.90726   ,  5   ,  "XTEJ1543-568"   ,  "---"
114   , "SAXWFC J1547.9-6234.6"   ,  "4U1543-624"   ,  236.98125   ,  -62.57628   ,  "321.75"   ,  "-6.35"   ,  9e-10   ,  "6016900200"   ,  0.5   ,  0.74   ,  86   ,  "LMXRB"   ,  "15 43 34.07"   ,  "-62 24 50.86"   ,  1.3   ,  64.64   ,  32.1   ,  7.17   ,  3.83817   ,  9   ,  "4U1543-624"   ,  "---"
115   , "SAXWFC J1550.9-5628.5"   ,  "XTEJ1550-564"   ,  237.72   ,  -56.47439   ,  "325.87"   ,  "-1.82"   ,  5.08e-8   ,  "5072700200"   ,  0.94   ,  0.98   ,  20   ,  "LMXRB"   ,  "15 47 00.48"   ,  "-56 19 51.09"   ,  1.3   ,  305.04   ,  40.8   ,  43.86   ,  3.89097   ,  9   ,  "XTEJ1550-564"   ,  "---"
116   , "SAXWFC J1558.3+2712.7"   ,  "ABELL2142"   ,  239.58083   ,  27.21219   ,  "44.19"   ,  "48.68"   ,  6.5e-11   ,  "3072100100"   ,  1.18   ,  1.46   ,  8   ,  "Cluster of galaxies"   ,  "15 56 17.52"   ,  "+27 22 19.19"   ,  1.5   ,  9.12   ,  3.4   ,  5.58   ,  1.63346   ,  9   ,  "ABELL2142"   ,  "---"
117   , "SAXWFC J1601.1-6044.3"   ,  "4U1556-60"   ,  240.27542   ,  -60.739   ,  "324.14"   ,  "-5.94"   ,  4.07e-10   ,  "6114400200"   ,  0.48   ,  0.9   ,  47   ,  "LMXRB"   ,  "15 56 45.84"   ,  "-60 35 51.72"   ,  1.3   ,  32.03   ,  6.1   ,  7.35   ,  2.20834   ,  9   ,  "4U1556-60"   ,  "---"
118   , "SAXWFC J1612.7-5224.6"   ,  "4U1608-522"   ,  243.16458   ,  -52.41   ,  "330.92"   ,  "-0.84"   ,  1.15e-8   ,  "1008000100"   ,  0.93   ,  0.78   ,  18   ,  "LMXRB"   ,  "16 08 52.08"   ,  "-52 17 43.29"   ,  1.3   ,  222.52   ,  115.3   ,  36.3   ,  3.41857   ,  9   ,  "4U1608-522"   ,  "---"
119   , "SAXWFC J1619.9-1537.4"   ,  "ScoX-1"   ,  244.97542   ,  -15.62369   ,  "359.1"   ,  "23.79"   ,  2.11e-7   ,  "3005902000"   ,  1   ,  0.89   ,  99   ,  "LMXRB"   ,  "16 17 04.56"   ,  "-15 31 14.48"   ,  1.3   ,  570.6   ,  111.1   ,  42.1   ,  3.1837   ,  9   ,  "ScoX-1"   ,  "---"
120   , "SAXWFC J1628.0-4912.0"   ,  "4U1624-490"   ,  247.0025   ,  -49.20078   ,  "334.9"   ,  "-0.27"   ,  1.25e-9   ,  "2112400100"   ,  0.56   ,  0.82   ,  54   ,  "LMXRB"   ,  "16 24 19.44"   ,  "-49 05 21.11"   ,  1.3   ,  50.44   ,  27.2   ,  7.07   ,  4.09322   ,  9   ,  "4U1624-490"   ,  "---"
121   , "SAXWFC J1628.6+3931.5"   ,  "ABELL2199"   ,  247.1575   ,  39.52439   ,  "62.89"   ,  "43.69"   ,  6.96e-11   ,  "3072100100"   ,  1.35   ,  1.81   ,  16   ,  "Cluster of galaxies"   ,  "16 26 54.72"   ,  "+39 39 21.45"   ,  1.6   ,  8.64   ,  2.8   ,  5.29   ,  1.63346   ,  9   ,  "ABELL2199"   ,  "---"
122   , "SAXWFC J1632.1-6727.7"   ,  "4U1627-673"   ,  248.0325   ,  -67.46119   ,  "321.77"   ,  "-13.09"   ,  1.66e-10   ,  "5009600200"   ,  0.84   ,  0.97   ,  66   ,  "LMXRB"   ,  "16 27 14.63"   ,  "-67 21 17.45"   ,  1.4   ,  20.03   ,  11.7   ,  14.6   ,  1.35312   ,  9   ,  "4U1627-673"   ,  "---"
123   , "SAXWFC J1632.0-4751.5"   ,  "AXJ1631.9-4752"   ,  248.00833   ,  -47.85828   ,  "336.34"   ,  "0.17"   ,  0   ,  "5016500100"   ,  0.05   ,  0   ,  1   ,  "HMXRB"   ,  "16 28 20.4"   ,  "-47 45 09.61"   ,  1.6   ,  0   ,  0   ,  0   ,  1.85065   ,  6   ,  "AXJ1631.9-4752"   ,  "---"
124   , "SAXWFC J1634.0-4722.8"   ,  "4U1630-472"   ,  248.49583   ,  -47.38078   ,  "336.91"   ,  "0.26"   ,  5.64e-9   ,  "1008000100"   ,  0.83   ,  0.71   ,  9   ,  "LMXRB"   ,  "16 30 19.19"   ,  "-47 17 24.21"   ,  1.3   ,  98.72   ,  55.6   ,  16.11   ,  3.41857   ,  9   ,  "4U1630-472"   ,  "---"
125   , "SAXWFC J1638.1-6422.2"   ,  "IGRJ16377-6423"   ,  249.52042   ,  -64.3705   ,  "324.57"   ,  "-11.52"   ,  9.78e-11   ,  "2102700150"   ,  1.54   ,  3.19   ,  2   ,  "Cluster of galaxies"   ,  "16 33 34.55"   ,  "-64 15 36.57"   ,  1.7   ,  7.2   ,  -0.5   ,  4.22   ,  1.67336   ,  5   ,  "IGRJ16377-6423"   ,  "---"
126   , "SAXWFC J1641.0-5345.2"   ,  "4U1636-536"   ,  250.24042   ,  -53.75319   ,  "332.91"   ,  "-4.83"   ,  6.34e-9   ,  "5086900100"   ,  0.37   ,  0.79   ,  69   ,  "LMXRB"   ,  "16 36 56.39"   ,  "-53 39 17.81"   ,  1.3   ,  214.2   ,  65.2   ,  32.74   ,  2.89976   ,  9   ,  "4U1636-536"   ,  "---"
127   , "SAXWFC J1645.8-4536.3"   ,  "GX340+0"   ,  251.43958   ,  -45.60519   ,  "339.58"   ,  "-0.08"   ,  9.6e-9   ,  "2081000100"   ,  0.5   ,  0.73   ,  129   ,  "LMXRB"   ,  "16 42 09.36"   ,  "-45 31 12.57"   ,  1.3   ,  280.03   ,  97.1   ,  38.18   ,  3.06316   ,  9   ,  "GX340+0"   ,  "---"
128   , "SAXWFC J1654.0-3950.9"   ,  "GROJ1655-40"   ,  253.49125   ,  -39.84778   ,  "344.97"   ,  "2.45"   ,  6.81e-8   ,  "3005901300"   ,  0.44   ,  0.62   ,  42   ,  "LMXRB"   ,  "16 50 33.11"   ,  "-39 45 53.13"   ,  1.3   ,  504.48   ,  167.5   ,  65.86   ,  4.03937   ,  9   ,  "GROJ1655-40"   ,  "---"
129   , "SAXWFC J1653.8+3944.2"   ,  "MKN501"   ,  253.4475   ,  39.7375   ,  "63.56"   ,  "38.87"   ,  2.19e-10   ,  "5009600100"   ,  1.62   ,  1.02   ,  70   ,  "BL Lac"   ,  "16 52 11.75"   ,  "+39 50 24.89"   ,  1.5   ,  28.13   ,  10.9   ,  22.85   ,  1.22599   ,  9   ,  "MKN501"   ,  "---"
130   , "SAXWFC J1657.9+3521.1"   ,  "HerX-1"   ,  254.465   ,  35.35089   ,  "58.15"   ,  "37.51"   ,  9.87e-10   ,  "2147700110"   ,  0.64   ,  1.01   ,  42   ,  "LMXRB"   ,  "16 56 01.68"   ,  "+35 25 05.37"   ,  1.3   ,  177.02   ,  68.7   ,  94.25   ,  1.68566   ,  9   ,  "HerX-1"   ,  "---"
131   , "SAXWFC J1700.7-4139.4"   ,  "OAO1657-415"   ,  255.17917   ,  -41.65589   ,  "344.35"   ,  "0.33"   ,  1.13e-9   ,  "2097600100"   ,  1.35   ,  1.16   ,  13   ,  "HMXRB supergiant"   ,  "16 57 16.79"   ,  "-41 35 58.52"   ,  1.5   ,  12.04   ,  11.2   ,  1.46   ,  3.85241   ,  9   ,  "OAO1657-415"   ,  "---"
132   , "SAXWFC J1702.1-2957.9"   ,  "XB1658-298"   ,  255.52458   ,  -29.96558   ,  "353.8"   ,  "7.25"   ,  7.68e-10   ,  "2127200100"   ,  1.19   ,  1.28   ,  25   ,  "LMXRB"   ,  "16 58 55.43"   ,  "-29 52 27.76"   ,  1.8   ,  15.93   ,  6.6   ,  1.99   ,  4.34177   ,  9   ,  "XB1658-298"   ,  "---"
133   , "SAXWFC J1702.9-4847.5"   ,  "GX339-4"   ,  255.71292   ,  -48.79178   ,  "338.94"   ,  "-4.34"   ,  4.82e-9   ,  "5078700100"   ,  0.33   ,  0.79   ,  19   ,  "LMXRB"   ,  "16 59 01.92"   ,  "-48 43 06.52"   ,  1.3   ,  100.91   ,  3.6   ,  29.94   ,  2.40878   ,  9   ,  "GX339-4"   ,  "---"
134   , "SAXWFC J1703.9-3750.9"   ,  "4U1700-377"   ,  255.97708   ,  -37.84908   ,  "347.74"   ,  "2.17"   ,  2.87e-9   ,  "7117600700"   ,  0.51   ,  0.82   ,  96   ,  "HMXRB supergiant"   ,  "17 00 32.63"   ,  "-37 46 28.7"   ,  1.3   ,  48.81   ,  76.7   ,  7.16   ,  4.10551   ,  9   ,  "4U1700-377"   ,  "---"
135   , "SAXWFC J1705.7-3625.1"   ,  "GX349+2"   ,  256.435   ,  -36.41758   ,  "349.1"   ,  "2.75"   ,  1.39e-8   ,  "7113000100"   ,  0.31   ,  0.77   ,  154   ,  "LMXRB"   ,  "17 02 22.79"   ,  "-36 21 19.79"   ,  1.3   ,  355.2   ,  103.6   ,  98.38   ,  2.06665   ,  9   ,  "GX349+2"   ,  "---"
136   , "SAXWFC J1706.2-4302.0"   ,  "4U1702-429"   ,  256.54958   ,  -43.03278   ,  "343.88"   ,  "-1.31"   ,  2.03e-9   ,  "2047500300"   ,  0.63   ,  0.75   ,  81   ,  "LMXRB"   ,  "17 02 41.03"   ,  "-42 58 08.5"   ,  1.3   ,  46.71   ,  37.1   ,  7.31   ,  3.29379   ,  9   ,  "4U1702-429"   ,  "---"
137   , "SAXWFC J1706.6+2357.4"   ,  "4U1700+24"   ,  256.64958   ,  23.9575   ,  "45.13"   ,  "32.98"   ,  2.68e-10   ,  "2023100100"   ,  0.91   ,  1.3   ,  5   ,  "LMXRB"   ,  "17 04 29.76"   ,  "+24 02 13.95"   ,  1.6   ,  10.2   ,  2.6   ,  8.09   ,  1.22728   ,  9   ,  "4U1700+24"   ,  "---"
138   , "SAXWFC J1708.9-4406.9"   ,  "4U1705-440"   ,  257.21708   ,  -44.11478   ,  "343.3"   ,  "-2.35"   ,  6.99e-9   ,  "2038500200"   ,  1.03   ,  0.74   ,  114   ,  "LMXRB"   ,  "17 05 18.24"   ,  "-44 02 10.75"   ,  1.3   ,  160.32   ,  54.4   ,  30.15   ,  2.06157   ,  9   ,  "4U1705-440"   ,  "---"
139   , "SAXWFC J1709.0-3623.2"   ,  "IGRJ17091-3624"   ,  257.2525   ,  -36.38728   ,  "349.52"   ,  "2.24"   ,  0   ,  "21433006"   ,  2.06   ,  0   ,  1   ,  "Unknown class"   ,  "17 05 47.76"   ,  "-36 20 30.29"   ,  1.8   ,  0   ,  0   ,  0   ,  2.84072   ,  6   ,  "IGRJ17091-3624"   ,  "---"
140   , "SAXWFC J1709.5-2639.2"   ,  "1RXSJ170930.2-26"   ,  257.37458   ,  -26.65328   ,  "357.47"   ,  "7.91"   ,  5.26e-10   ,  "20268002"   ,  0.27   ,  0   ,  1   ,  "LMXRB"   ,  "17 06 23.76"   ,  "-26 35 41.82"   ,  2   ,  9.3   ,  0   ,  1.11   ,  4.69511   ,  6   ,  "1RXSJ170930.2-26"   ,  "---"
141   , "SAXWFC J1704.2+7838.0"   ,  "NGC6331"   ,  256.04708   ,  78.63389   ,  "110.99"   ,  "31.74"   ,  4.17e-11   ,  "5120900100"   ,  1.81   ,  3.13   ,  11   ,  "Galaxy"   ,  "17 06 24.96"   ,  "+78 41 41.24"   ,  1.4   ,  8.64   ,  2.4   ,  4.08   ,  2.11635   ,  9   ,  "NGC6331"   ,  "---"
142   , "SAXWFC J1711.6-3807.3"   ,  "SAXJ1711.6-3808"   ,  257.8925   ,  -38.12158   ,  "348.43"   ,  "0.8"   ,  1.08e-9   ,  "7117600700"   ,  1.25   ,  1.4   ,  5   ,  "LMXRB"   ,  "17 08 11.03"   ,  "-38 04 52.6"   ,  1.3   ,  26.67   ,  27.6   ,  3.91   ,  4.10551   ,  9   ,  "SAXJ1711.6-3808"   ,  "---"
143   , "SAXWFC J1712.4-4050.7"   ,  "4U1708-40"   ,  258.08875   ,  -40.84528   ,  "346.32"   ,  "-0.93"   ,  9.43e-10   ,  "7117600700"   ,  0.34   ,  0.92   ,  33   ,  "LMXRB"   ,  "17 08 52.8"   ,  "-40 47 01.78"   ,  1.3   ,  27.6   ,  9.7   ,  4.05   ,  4.10551   ,  9   ,  "4U1708-40"   ,  "---"
144   , "SAXWFC J1712.6-3739.5"   ,  "SAXJ1712.6-3739"   ,  258.1475   ,  -37.65869   ,  "348.92"   ,  "0.91"   ,  7.66e-10   ,  "2129800100"   ,  0.96   ,  1.21   ,  8   ,  "LMXRB"   ,  "17 09 10.07"   ,  "-37 35 02.75"   ,  1.4   ,  13.77   ,  2.2   ,  2.37   ,  3.27383   ,  9   ,  "SAXJ1712.6-3739"   ,  "---"
145   , "SAXWFC J1714.3-3402.8"   ,  "4U1711-34"   ,  258.57708   ,  -34.04689   ,  "352.05"   ,  "2.74"   ,  8.77e-10   ,  "2055901000"   ,  0.13   ,  0.96   ,  12   ,  "LMXRB"   ,  "17 11 01.2"   ,  "-33 59 28.46"   ,  1.4   ,  18.56   ,  7.7   ,  2.8   ,  2.96776   ,  9   ,  "4U1711-34"   ,  "---"
146   , "SAXWFC J1716.0-3851.9"   ,  "XTEJ1716-389"   ,  258.99917   ,  -38.86489   ,  "348.33"   ,  "-0.34"   ,  6.27e-10   ,  "7113000100"   ,  0.41   ,  1.22   ,  43   ,  "HMXRB supergiant"   ,  "17 12 31.19"   ,  "-38 48 33.11"   ,  1.4   ,  15.41   ,  3.8   ,  4.27   ,  2.06665   ,  9   ,  "XTEJ1716-389"   ,  "---"
147   , "SAXWFC J1723.6-3739.4"   ,  "XTEJ1723-376"   ,  260.905   ,  -37.65669   ,  "350.18"   ,  "-0.87"   ,  1.25e-9   ,  "2047500300"   ,  0.39   ,  0.54   ,  9   ,  "LMXRB"   ,  "17 20 11.51"   ,  "-37 36 56.12"   ,  1.3   ,  32.93   ,  16.9   ,  5.15   ,  3.29379   ,  9   ,  "XTEJ1723-376"   ,  "---"
148   , "SAXWFC J1725.1+1153.8"   ,  "1H1720+117"   ,  261.28   ,  11.89589   ,  "34.14"   ,  "24.47"   ,  1.56e-10   ,  "2027900100"   ,  1.66   ,  0   ,  1   ,  "BL Lac"   ,  "17 22 44.4"   ,  "+11 54 52.2"   ,  2.1   ,  6.4   ,  0   ,  5.94   ,  1.07684   ,  6   ,  "1H1720+117"   ,  "---"
149   , "SAXWFC J1727.5-3048.1"   ,  "4U1724-307"   ,  261.8725   ,  -30.80128   ,  "356.31"   ,  "2.3"   ,  7.65e-10   ,  "2055900500"   ,  0.78   ,  0.75   ,  74   ,  "LMXRB globular cluster"   ,  "17 24 19.92"   ,  "-30 45 39.42"   ,  1.4   ,  16.47   ,  12.2   ,  2.4   ,  3.43715   ,  9   ,  "4U1724-307"   ,  "---"
150   , "SAXWFC J1728.6+5901.5"   ,  "GRDra"   ,  262.14167   ,  59.02478   ,  "87.63"   ,  "33.57"   ,  3.89e-10   ,  "7102600500"   ,  0.84   ,  0.71   ,  5   ,  "Star G0 0"   ,  "17 27 55.91"   ,  "+59 04 16.71"   ,  1.3   ,  27.71   ,  5.1   ,  22.26   ,  1.23793   ,  9   ,  "GRDra"   ,  "---"
151   , "SAXWFC J1731.9-3350.2"   ,  "GX354-0"   ,  262.97958   ,  -33.83619   ,  "354.29"   ,  "-0.15"   ,  3.56e-9   ,  "2055901200"   ,  0.6   ,  0.84   ,  135   ,  "LMXRB"   ,  "17 28 39.83"   ,  "-33 47 56.54"   ,  1.3   ,  79.53   ,  64.9   ,  9.94   ,  3.59722   ,  9   ,  "GX354-0"   ,  "---"
152   , "SAXWFC J1731.7-1657.6"   ,  "GX9+9"   ,  262.92833   ,  -16.96078   ,  "8.51"   ,  "9.04"   ,  4.73e-9   ,  "3001100300"   ,  0.3   ,  0.78   ,  163   ,  "LMXRB"   ,  "17 28 50.15"   ,  "-16 55 32.41"   ,  1.3   ,  81.9   ,  26.4   ,  21.62   ,  2.43925   ,  9   ,  "GX9+9"   ,  "---"
153   , "SAXWFC J1732.0-2444.0"   ,  "GX1+4"   ,  263.00458   ,  -24.73389   ,  "1.94"   ,  "4.8"   ,  8.95e-10   ,  "2055901000"   ,  0.83   ,  1.07   ,  24   ,  "LMXRB"   ,  "17 28 58.8"   ,  "-24 42 35.71"   ,  1.4   ,  16.78   ,  41.4   ,  2.53   ,  2.96776   ,  9   ,  "GX1+4"   ,  "---"
154   , "SAXWFC J1733.4-3323.8"   ,  "RapidBurster"   ,  263.34458   ,  -33.39658   ,  "354.83"   ,  "-0.17"   ,  4.79e-9   ,  "2097601000"   ,  0.58   ,  0.87   ,  24   ,  "LMXRB globular cluster"   ,  "17 30 06.47"   ,  "-33 21 13.17"   ,  1.3   ,  98.62   ,  78.5   ,  13.31   ,  3.47107   ,  9   ,  "RapidBurster"   ,  "---"
155   , "SAXWFC J1734.2-2605.2"   ,  "KS1731-260"   ,  263.54375   ,  -26.08708   ,  "1.06"   ,  "3.66"   ,  3.73e-9   ,  "2026800200"   ,  0.52   ,  0.69   ,  115   ,  "LMXRB"   ,  "17 31 06.72"   ,  "-26 03 10.72"   ,  1.3   ,  105.32   ,  39.2   ,  7.29   ,  6.112   ,  9   ,  "KS1731-260"   ,  "---"
156   , "SAXWFC J1732.5+7413.2"   ,  "DRDra"   ,  263.12917   ,  74.22058   ,  "105.48"   ,  "31.36"   ,  4.36e-11   ,  "3102300300"   ,  0.8   ,  0   ,  1   ,  "RS CVn star"   ,  "17 34 02.88"   ,  "+74 15 33.12"   ,  2.4   ,  7.75   ,  -1.2   ,  5.98   ,  1.2965   ,  5   ,  "DRDra"   ,  "---"
157   , "SAXWFC J1738.2-2659.5"   ,  "SLX1735-269"   ,  264.555   ,  -26.991   ,  "0.79"   ,  "2.41"   ,  5.8e-10   ,  "2143301000"   ,  1.05   ,  0.95   ,  9   ,  "LMXRB"   ,  "17 35 08.4"   ,  "-26 58 36.29"   ,  1.4   ,  10.08   ,  2.1   ,  2.01   ,  2.18148   ,  9   ,  "SLX1735-269"   ,  "---"
158   , "SAXWFC J1738.9-4426.8"   ,  "4U1735-444"   ,  264.73625   ,  -44.44678   ,  "346.05"   ,  "-6.99"   ,  4.1e-9   ,  "2094300200"   ,  0.32   ,  0.67   ,  115   ,  "LMXRB"   ,  "17 35 19.19"   ,  "-44 25 20.2"   ,  1.3   ,  167.87   ,  59.1   ,  36.14   ,  2.85864   ,  9   ,  "4U1735-444"   ,  "---"
159   , "SAXWFC J1740.1-3103.0"   ,  "GRS1737-310"   ,  265.03167   ,  -31.05   ,  "357.57"   ,  "-0.11"   ,  2.85e-10   ,  "2026800200"   ,  0.67   ,  2.39   ,  6   ,  "LMXRB"   ,  "17 36 55.2"   ,  "-31 00 50.25"   ,  1.6   ,  5.84   ,  8.4   ,  0.4   ,  6.112   ,  6   ,  "GRS1737-310"   ,  "---"
160   , "SAXWFC J1740.7-2818.5"   ,  "SLX1737-282"   ,  265.17   ,  -28.30839   ,  "359.96"   ,  "1.25"   ,  1.24e-9   ,  "5088100310"   ,  0.55   ,  0   ,  1   ,  "LMXRB"   ,  "17 37 32.4"   ,  "-28 17 28.82"   ,  1.6   ,  12.37   ,  10   ,  2.52   ,  2.32093   ,  9   ,  "SLX1737-282"   ,  "---"
161   , "SAXWFC J1742.7-2744.9"   ,  "GRS1739-278"   ,  265.665   ,  -27.74769   ,  "0.67"   ,  "1.17"   ,  3.61e-9   ,  "2006200200"   ,  0.94   ,  1.05   ,  26   ,  "LMXRB"   ,  "17 39 31.19"   ,  "-27 44 25.4"   ,  1.3   ,  74.58   ,  2.6   ,  4.25   ,  8.41407   ,  9   ,  "GRS1739-278"   ,  "---"
162   , "SAXWFC J1743.8-2945.1"   ,  "1E1740.7-2942"   ,  265.95208   ,  -29.75108   ,  "359.09"   ,  "-0.1"   ,  3.55e-10   ,  "2055901200"   ,  1.39   ,  1.12   ,  50   ,  "LMXRB"   ,  "17 40 42.23"   ,  "-29 43 04.69"   ,  1.6   ,  11.38   ,  20.8   ,  1.42   ,  3.59722   ,  9   ,  "1E1740.7-2942"   ,  "---"
163   , "SAXWFC J1744.5-2844.6"   ,  "GROJ1744-28"   ,  266.13167   ,  -28.74319   ,  "0.03"   ,  "0.3"   ,  3.53e-9   ,  "2026800200"   ,  0.42   ,  0.72   ,  20   ,  "LMXRB"   ,  "17 41 22.8"   ,  "-28 43 04.18"   ,  1.3   ,  76.22   ,  154.7   ,  5.27   ,  6.112   ,  9   ,  "GROJ1744-28"   ,  "---"
164   , "SAXWFC J1744.9-2921.2"   ,  "KS1741-293"   ,  266.21667   ,  -29.353   ,  "359.55"   ,  "-0.08"   ,  2.65e-10   ,  "2055901100"   ,  0.68   ,  1.15   ,  3   ,  "LMXRB"   ,  "17 41 37.92"   ,  "-29 19 52.71"   ,  1.9   ,  6.39   ,  8.6   ,  0.83   ,  3.52777   ,  9   ,  "KS1741-293"   ,  "---"
165   , "SAXWFC J1746.0-2931.0"   ,  "1A1742-294"   ,  266.50667   ,  -29.51639   ,  "359.55"   ,  "-0.38"   ,  6.99e-10   ,  "2055900300"   ,  0.98   ,  0.73   ,  57   ,  "LMXRB"   ,  "17 42 54.71"   ,  "-29 29 58.3"   ,  1.3   ,  24.63   ,  20.4   ,  2.61   ,  3.45994   ,  9   ,  "1A1742-294"   ,  "---"
166   , "SAXWFC J1747.0-2853.3"   ,  "SAXJ1747.0-2853"   ,  266.74667   ,  -28.88828   ,  "0.19"   ,  "-0.24"   ,  2.42e-9   ,  "2097601400"   ,  0.67   ,  0.57   ,  16   ,  "LMXRB"   ,  "17 43 51.59"   ,  "-28 51 56.41"   ,  1.3   ,  61.65   ,  31.4   ,  7.48   ,  4.54127   ,  9   ,  "SAXJ1747.0-2853"   ,  "---"
167   , "SAXWFC J1747.5-3001.5"   ,  "SLX1744-300"   ,  266.86708   ,  -30.0245   ,  "359.27"   ,  "-0.91"   ,  7.16e-10   ,  "2097600900"   ,  1.84   ,  2.09   ,  58   ,  "LMXRB"   ,  "17 44 13.44"   ,  "-29 58 41.05"   ,  1.3   ,  19.18   ,  13.9   ,  2.44   ,  3.64693   ,  9   ,  "SLX1744-300"   ,  "---"
168   , "SAXWFC J1747.9-3009.0"   ,  "1RXSJ174735.7-300"   ,  266.97542   ,  -30.14958   ,  "359.22"   ,  "-1.06"   ,  1.08e-9   ,  "5006401400"   ,  8.91   ,  0   ,  0   ,  "Unknown class"   ,  "17 44 13.44"   ,  "-30 01 29.06"   ,  1.7   ,  6.57   ,  1   ,  1.57   ,  1.68869   ,  9   ,  "1RXSJ174735.7-300"   ,  "---"
169   , "SAXWFC J1747.9-2633.3"   ,  "GX3+1"   ,  266.98667   ,  -26.55458   ,  "2.3"   ,  "0.79"   ,  8.67e-9   ,  "2143300300"   ,  0.58   ,  0.65   ,  148   ,  "LMXRB"   ,  "17 44 48.71"   ,  "-26 32 49.45"   ,  1.3   ,  241.19   ,  114.6   ,  29.12   ,  3.54123   ,  9   ,  "GX3+1"   ,  "---"
170   , "SAXWFC J1748.1-2446.1"   ,  "EXO1745-248"   ,  267.02667   ,  -24.76908   ,  "3.85"   ,  "1.68"   ,  8.66e-9   ,  "2127200500"   ,  0.86   ,  1.01   ,  13   ,  "LMXRB globular cluster"   ,  "17 44 59.51"   ,  "-24 45 49.13"   ,  1.3   ,  149.83   ,  115.6   ,  22.84   ,  3.05551   ,  9   ,  "EXO1745-248"   ,  "---"
171   , "SAXWFC J1748.9-2021.3"   ,  "4U1745-203"   ,  267.22417   ,  -20.35489   ,  "7.73"   ,  "3.79"   ,  3.37e-9   ,  "5139600100"   ,  0.44   ,  0.57   ,  5   ,  "LMXRB globular cluster"   ,  "17 45 53.51"   ,  "-20 20 28.82"   ,  1.3   ,  62.11   ,  25.1   ,  7.54   ,  4.03461   ,  9   ,  "4U1745-203"   ,  "---"
172   , "SAXWFC J1750.2-3703.1"   ,  "4U1746-370"   ,  267.53917   ,  -37.05208   ,  "353.52"   ,  "-5"   ,  9.98e-10   ,  "2095300100"   ,  0.61   ,  0.72   ,  71   ,  "LMXRB globular cluster"   ,  "17 46 48.47"   ,  "-37 02 17.77"   ,  1.3   ,  24.59   ,  15.2   ,  4.59   ,  3.19357   ,  9   ,  "4U1746-370"   ,  "---"
173   , "SAXWFC J1750.4-2902.6"   ,  "SAXJ1750.8-2900"   ,  267.59792   ,  -29.04308   ,  "0.44"   ,  "-0.95"   ,  7.43e-10   ,  "2026800200"   ,  0.3   ,  0.63   ,  3   ,  "LMXRB"   ,  "17 47 13.19"   ,  "-29 01 29.1"   ,  1.3   ,  19.61   ,  8.9   ,  1.36   ,  6.112   ,  9   ,  "SAXJ1750.8-2900"   ,  "---"
174   , "SAXWFC J1750.8-3116.5"   ,  "GRS1747-312"   ,  267.69792   ,  -31.2745   ,  "358.57"   ,  "-2.17"   ,  5.8e-10   ,  "2055901000"   ,  1.16   ,  1.08   ,  18   ,  "LMXRB globular cluster"   ,  "17 47 31.19"   ,  "-31 16 44.5"   ,  1.4   ,  17.09   ,  12.5   ,  2.58   ,  2.96776   ,  9   ,  "GRS1747-312"   ,  "---"
175   , "SAXWFC J1751.2-3037.7"   ,  "XTEJ1751-305"   ,  267.79167   ,  -30.62808   ,  "359.17"   ,  "-1.91"   ,  8.96e-10   ,  "2143300900"   ,  0.81   ,  0   ,  1   ,  "X-ray binary"   ,  "17 48 00.23"   ,  "-30 36 36.68"   ,  1.3   ,  20.7   ,  19.1   ,  4.03   ,  2.21782   ,  9   ,  "XTEJ1751-305"   ,  "---"
176   , "SAXWFC J1755.5-3229.7"   ,  "XTEJ1755-324"   ,  268.88667   ,  -32.49519   ,  "358.03"   ,  "-3.66"   ,  6.68e-10   ,  "2022700100"   ,  1.37   ,  1.46   ,  2   ,  "LMXRB"   ,  "17 52 12.23"   ,  "-32 28 13.87"   ,  1.5   ,  15.07   ,  0.4   ,  3.94   ,  2.20049   ,  9   ,  "XTEJ1755-324"   ,  "---"
177   , "SAXWFC J1801.1-2504.9"   ,  "GX5-01"   ,  270.27292   ,  -25.08239   ,  "5.06"   ,  "-1.02"   ,  2.04e-8   ,  "2055901300"   ,  0.58   ,  0.68   ,  147   ,  "LMXRB"   ,  "17 58 03.11"   ,  "-25 04 43.21"   ,  1.3   ,  411.29   ,  105.3   ,  49.35   ,  3.81338   ,  9   ,  "GX5-01"   ,  "---"
178   , "SAXWFC J1801.2-2544.4"   ,  "GRS1758-258"   ,  270.30458   ,  -25.74028   ,  "4.51"   ,  "-1.37"   ,  4.97e-10   ,  "2097600100"   ,  0.27   ,  1.14   ,  20   ,  "LMXRB"   ,  "17 58 06.23"   ,  "-25 44 34.47"   ,  1.7   ,  12.07   ,  11.2   ,  1.47   ,  3.85241   ,  9   ,  "GRS1758-258"   ,  "---"
179   , "SAXWFC J1801.5-2031.6"   ,  "GX9+1"   ,  270.38292   ,  -20.52619   ,  "9.07"   ,  "1.15"   ,  1.15e-8   ,  "5048200200"   ,  0.17   ,  0.77   ,  143   ,  "LMXRB"   ,  "17 58 33.36"   ,  "-20 31 44.21"   ,  1.3   ,  220.53   ,  122.7   ,  36.27   ,  2.88929   ,  9   ,  "GX9+1"   ,  "---"
180   , "SAXWFC J1805.5-2031.1"   ,  "SAXJ1805.5-2031"   ,  271.37708   ,  -20.51839   ,  "9.54"   ,  "0.34"   ,  8.46e-10   ,  "2143300700"   ,  0.87   ,  0.83   ,  3   ,  "Unknown class"   ,  "18 02 35.28"   ,  "-20 31 05.84"   ,  1.6   ,  12.12   ,  1   ,  2.04   ,  2.46726   ,  9   ,  "SAXJ1805.5-2031"   ,  "---"
181   , "SAXWFC J1806.9-2434.7"   ,  "2S1803-245"   ,  271.71375   ,  -24.57889   ,  "6.15"   ,  "-1.91"   ,  3.17e-10   ,  "2055900700"   ,  1.4   ,  0   ,  1   ,  "LMXRB"   ,  "18 03 43.68"   ,  "-24 36 17.02"   ,  2.3   ,  6.12   ,  6.8   ,  0.84   ,  3.7486   ,  9   ,  "2S1803-245"   ,  "---"
182   , "SAXWFC J1808.4-3659.0"   ,  "SAXJ1808.4-3658"   ,  272.10875   ,  -36.98369   ,  "355.37"   ,  "-8.15"   ,  1.78e-9   ,  "3005900800"   ,  0.71   ,  0.92   ,  14   ,  "LMXRB"   ,  "18 05 05.04"   ,  "-36 59 05.67"   ,  1.3   ,  43.67   ,  14.4   ,  22.19   ,  1.50322   ,  9   ,  "SAXJ1808.4-3658"   ,  "---"
183   , "SAXWFC J1810.8-2609.0"   ,  "SAXJ1810.8-2609"   ,  272.70333   ,  -26.15069   ,  "5.2"   ,  "-3.45"   ,  4e-10   ,  "2055900200"   ,  2.58   ,  0   ,  1   ,  "LMXRB"   ,  "18 07 38.16"   ,  "-26 07 19.16"   ,  2   ,  6.08   ,  4   ,  0.67   ,  3.42246   ,  9   ,  "SAXJ1810.8-2609"   ,  "---"
184   , "SAXWFC J1814.5-1708.8"   ,  "GX13+1"   ,  273.61708   ,  -17.14689   ,  "13.51"   ,  "0.12"   ,  8.32e-9   ,  "1001300100"   ,  0.92   ,  0.73   ,  161   ,  "LMXRB"   ,  "18 11 36.72"   ,  "-17 10 23.08"   ,  1.3   ,  146.91   ,  41.5   ,  19.86   ,  4.05311   ,  9   ,  "GX13+1"   ,  "---"
185   , "SAXWFC J1815.1-1205.6"   ,  "4U1812-12"   ,  273.78417   ,  -12.09389   ,  "18.03"   ,  "2.39"   ,  4.02e-10   ,  "3001100300"   ,  2.45   ,  2.79   ,  9   ,  "LMXRB"   ,  "18 12 18.96"   ,  "-12 04 11.96"   ,  1.7   ,  9.1   ,  3.8   ,  2.4   ,  2.43925   ,  9   ,  "4U1812-12"   ,  "---"
186   , "SAXWFC J1816.0-1402.6"   ,  "GX17+2"   ,  274.00417   ,  -14.043   ,  "16.42"   ,  "1.27"   ,  3.58e-8   ,  "1012500100"   ,  0.4   ,  0.81   ,  175   ,  "LMXRB"   ,  "18 13 10.8"   ,  "-14 03 14.79"   ,  1.3   ,  299.96   ,  85.2   ,  16.21   ,  4.33843   ,  9   ,  "GX17+2"   ,  "---"
187   , "SAXWFC J1816.3+4953.1"   ,  "AMHer"   ,  274.0875   ,  49.8845   ,  "77.88"   ,  "25.86"   ,  1.43e-10   ,  "2138400100"   ,  1.6   ,  1.13   ,  71   ,  "CV AM Her (polar)"   ,  "18 14 58.79"   ,  "+49 50 55.03"   ,  1.3   ,  22.48   ,  5.5   ,  8.21   ,  2.54885   ,  9   ,  "AMHer"   ,  "---"
188   , "SAXWFC J1819.4-2524.0"   ,  "SAXJ1819.3-2525"   ,  274.84125   ,  -25.40008   ,  "6.78"   ,  "-4.79"   ,  7.29e-10   ,  "2097600700"   ,  1.61   ,  0   ,  1   ,  "LMXRB"   ,  "18 16 15.6"   ,  "-25 26 53.77"   ,  1.5   ,  7.79   ,  8   ,  0.96   ,  3.88327   ,  9   ,  "SAXJ1819.3-2525"   ,  "---"
189   , "SAXWFC J1823.7-3021.6"   ,  "4U1820-303"   ,  275.92542   ,  -30.36078   ,  "2.79"   ,  "-7.92"   ,  8.18e-9   ,  "2123600100"   ,  0.37   ,  0.66   ,  134   ,  "LMXRB globular cluster"   ,  "18 20 27.83"   ,  "-30 23 17.37"   ,  1.3   ,  168.16   ,  75.3   ,  9.43   ,  7.88609   ,  9   ,  "4U1820-303"   ,  "---"
190   , "SAXWFC J1821.9+6419.6"   ,  "QSOB1821+643"   ,  275.4725   ,  64.32678   ,  "93.98"   ,  "27.42"   ,  4.45e-11   ,  "5023701400"   ,  1.08   ,  1.74   ,  3   ,  "Seyfert type 1"   ,  "18 21 42.0"   ,  "+64 19 00.69"   ,  1.7   ,  6.96   ,  1.7   ,  5.27   ,  1.3201   ,  9   ,  "QSOB1821+643"   ,  "---"
191   , "SAXWFC J1825.8-3707.0"   ,  "4U1822-371"   ,  276.44167   ,  -37.11619   ,  "356.83"   ,  "-11.3"   ,  5.13e-10   ,  "2030900500"   ,  0.67   ,  0.88   ,  61   ,  "LMXRB"   ,  "18 22 22.8"   ,  "-37 08 04.09"   ,  1.4   ,  20.15   ,  11.1   ,  12.67   ,  1.3511   ,  9   ,  "4U1822-371"   ,  "---"
192   , "SAXWFC J1825.2+0001.0"   ,  "4U1822-000"   ,  276.30917   ,  0.01628   ,  "29.94"   ,  "5.83"   ,  7.45e-10   ,  "2018700100"   ,  2.59   ,  1.54   ,  69   ,  "LMXRB"   ,  "18 22 48.24"   ,  "-00 01 01.12"   ,  1.3   ,  41.14   ,  9.8   ,  15.83   ,  1.52576   ,  9   ,  "4U1822-000"   ,  "---"
193   , "SAXWFC J1829.6-2347.7"   ,  "GS1826-238"   ,  277.39375   ,  -23.79428   ,  "9.28"   ,  "-6.11"   ,  8.27e-10   ,  "2110200100"   ,  1.45   ,  1.04   ,  58   ,  "LMXRB"   ,  "18 26 25.2"   ,  "-23 49 50.91"   ,  1.3   ,  21.03   ,  8.7   ,  11.86   ,  1.59673   ,  9   ,  "GS1826-238"   ,  "---"
194   , "SAXWFC J1835.6-3258.2"   ,  "XB1832-330"   ,  278.90875   ,  -32.97069   ,  "1.54"   ,  "-11.35"   ,  2.72e-10   ,  "1008100100"   ,  1.95   ,  1.08   ,  3   ,  "LMXRB globular cluster"   ,  "18 32 29.03"   ,  "-33 01 53.86"   ,  1.6   ,  7.5   ,  4.6   ,  2.31   ,  2.35794   ,  9   ,  "XB1832-330"   ,  "---"
195   , "SAXWFC J1833.9+5143.5"   ,  "BYDra"   ,  278.47167   ,  51.7245   ,  "80.56"   ,  "23.58"   ,  1.14e-10   ,  "5023702000"   ,  0.51   ,  0   ,  1   ,  "Star K6 V"   ,  "18 32 45.83"   ,  "+51 40 43.68"   ,  1.5   ,  13.1   ,  2.2   ,  9.09   ,  1.33157   ,  9   ,  "BYDra"   ,  "---"
196   , "SAXWFC J1835.0+3241.6"   ,  "3C382"   ,  278.7575   ,  32.69378   ,  "61.3"   ,  "17.45"   ,  5.49e-11   ,  "5102200100"   ,  0.32   ,  0.6   ,  4   ,  "Seyfert type 1"   ,  "18 33 11.75"   ,  "+32 39 16.7"   ,  1.5   ,  11.38   ,  2   ,  3.29   ,  2.52738   ,  9   ,  "3C382"   ,  "---"
197   , "SAXWFC J1839.9+0501.9"   ,  "SerX-1"   ,  279.97792   ,  5.03089   ,  "36.1"   ,  "4.85"   ,  5.31e-9   ,  "2088400400"   ,  0.72   ,  0.81   ,  94   ,  "LMXRB"   ,  "18 37 29.51"   ,  "+04 59 20.47"   ,  1.3   ,  372.45   ,  88.4   ,  81.83   ,  2.2588   ,  9   ,  "SerX-1"   ,  "---"
198   , "SAXWFC J1845.6+0051.3"   ,  "GS1843+009"   ,  281.39333   ,  0.8555   ,  "33.02"   ,  "1.69"   ,  5.62e-10   ,  "5033400200"   ,  0.76   ,  0.7   ,  11   ,  "HMXRB Be star"   ,  "18 43 04.08"   ,  "+00 48 35.6"   ,  1.3   ,  28.71   ,  32.3   ,  8.64   ,  1.86784   ,  9   ,  "GS1843+009"   ,  "---"
199   , "SAXWFC J1848.2-0225.9"   ,  "GS1843-02"   ,  282.06   ,  -2.43189   ,  "30.4"   ,  "-0.4"   ,  2.47e-10   ,  "2057600300"   ,  0.96   ,  0.86   ,  4   ,  "HMXRB Be star"   ,  "18 45 40.55"   ,  "-02 28 36.01"   ,  1.4   ,  10.33   ,  17.6   ,  3.22   ,  1.72437   ,  9   ,  "GS1843-02"   ,  "---"
200   , "SAXWFC J1848.3-0310.6"   ,  "IGRJ18483-0311"   ,  282.075   ,  -3.17728   ,  "29.74"   ,  "-0.76"   ,  2.26e-10   ,  "5111000100"   ,  0.98   ,  0   ,  0   ,  "Unknown class"   ,  "18 45 40.55"   ,  "-03 13 03.64"   ,  1.5   ,  9.25   ,  7.4   ,  2.2   ,  2.39168   ,  9   ,  "IGRJ18483-0311"   ,  "---"
201   , "SAXWFC J1842.2+7945.6"   ,  "3C390.3"   ,  280.555   ,  79.76058   ,  "111.42"   ,  "27.07"   ,  5.56e-11   ,  "5046300100"   ,  0.61   ,  1.28   ,  17   ,  "Seyfert type 1"   ,  "18 45 38.16"   ,  "+79 43 02.17"   ,  1.6   ,  9.68   ,  2.6   ,  6.74   ,  1.4357   ,  9   ,  "3C390.3"   ,  "---"
202   , "SAXWFC J1853.1-0844.0"   ,  "4U1850-087"   ,  283.26458   ,  -8.7335   ,  "25.32"   ,  "-4.33"   ,  1.61e-10   ,  "2032700100"   ,  1.7   ,  0   ,  1   ,  "LMXRB globular cluster"   ,  "18 50 21.12"   ,  "-08 46 04.25"   ,  2.3   ,  7.28   ,  1.6   ,  3.1   ,  1.48155   ,  9   ,  "4U1850-087"   ,  "---"
203   , "SAXWFC J1855.5-0237.1"   ,  "XTEJ1855-026"   ,  283.87833   ,  -2.61908   ,  "31.06"   ,  "-2.11"   ,  7.4e-11   ,  "2088400100"   ,  2.29   ,  2.42   ,  8   ,  "HMXRB supergiant"   ,  "18 52 53.27"   ,  "-02 38 46.78"   ,  2.1   ,  2.8   ,  5.8   ,  0.56   ,  2.38539   ,  6   ,  "XTEJ1855-026"   ,  "---"
204   , "SAXWFC J1856.7+0518.4"   ,  "XTEJ1856+053"   ,  284.1875   ,  5.3065   ,  "38.25"   ,  "1.23"   ,  1.83e-9   ,  "7020001600"   ,  2.06   ,  1.67   ,  11   ,  "LMXRB"   ,  "18 54 11.28"   ,  "+05 15 47.98"   ,  2.6   ,  38.89   ,  2.2   ,  16.25   ,  1.4264   ,  9   ,  "XTEJ1856+053"   ,  "---"
205   , "SAXWFC J1858.7+2240.0"   ,  "XTEJ1859+226"   ,  284.67875   ,  22.66589   ,  "54.05"   ,  "8.6"   ,  1.42e-8   ,  "5097100100"   ,  0.56   ,  1.09   ,  5   ,  "LMXRB"   ,  "18 56 34.79"   ,  "+22 35 20.0"   ,  1.3   ,  133.69   ,  61.9   ,  19.12   ,  3.26935   ,  9   ,  "XTEJ1859+226"   ,  "---"
206   , "SAXWFC J1908.9+0922.3"   ,  "XTEJ1908+094"   ,  287.21625   ,  9.37108   ,  "43.24"   ,  "0.43"   ,  8.64e-10   ,  "7147000600"   ,  999   ,  0   ,  3   ,  "LMXRB"   ,  "00 00 00.0"   ,  "+00 00 00.0"   ,  1.3   ,  27.26   ,  0.7   ,  15.31   ,  1.24809   ,  9   ,  "XTEJ1908+094"   ,  "---"
207   , "SAXWFC J1909.6+0949.8"   ,  "4U1907+097"   ,  287.40083   ,  9.83039   ,  "43.74"   ,  "0.48"   ,  4.61e-10   ,  "6018000100"   ,  0.38   ,  1.1   ,  19   ,  "HMXRB supergiant"   ,  "19 07 15.11"   ,  "+09 44 54.13"   ,  1.3   ,  16.65   ,  10.8   ,  7.33   ,  1.56621   ,  9   ,  "4U1907+097"   ,  "---"
208   , "SAXWFC J1910.8+0735.6"   ,  "4U1908+075"   ,  287.71125   ,  7.59269   ,  "41.89"   ,  "-0.83"   ,  1.56e-10   ,  "4036100100"   ,  1.26   ,  1.34   ,  8   ,  "HMXRB"   ,  "19 08 20.88"   ,  "+07 30 00.46"   ,  1.7   ,  9.37   ,  7.7   ,  2.13   ,  2.16527   ,  9   ,  "4U1908+075"   ,  "---"
209   , "SAXWFC J1911.3+0035.5"   ,  "AqlX-1"   ,  287.81875   ,  0.59108   ,  "35.72"   ,  "-4.15"   ,  1.6e-8   ,  "1109000100"   ,  0.4   ,  0.97   ,  10   ,  "LMXRB"   ,  "19 08 42.71"   ,  "+00 30 04.64"   ,  1.3   ,  177   ,  69.4   ,  22.31   ,  3.47502   ,  9   ,  "AqlX-1"   ,  "---"
210   , "SAXWFC J1911.8+0459.8"   ,  "SS433"   ,  287.95625   ,  4.99678   ,  "39.7"   ,  "-2.24"   ,  2e-10   ,  "7020004300"   ,  0.84   ,  1.23   ,  5   ,  "HMXRB supergiant"   ,  "19 09 21.36"   ,  "+04 53 54.16"   ,  1.5   ,  9.1   ,  2.8   ,  2.37   ,  2.15746   ,  9   ,  "SS433"   ,  "---"
211   , "SAXWFC J1914.1+0951.7"   ,  "IGRJ19140+0951"   ,  288.53208   ,  9.86189   ,  "44.28"   ,  "-0.5"   ,  0   ,  "0000007400"   ,  999   ,  0   ,  1   ,  "HMXRB supergiant"   ,  "01 06 57.83"   ,  "+07 08 11.14"   ,  2   ,  0   ,  0   ,  NaN   ,  0   ,  6   ,  "IGRJ19140+0951"   ,  "---"
212   , "SAXWFC J1915.2+1057.4"   ,  "GRS1915+105"   ,  288.79583   ,  10.956   ,  "45.37"   ,  "-0.22"   ,  2.57e-8   ,  "5006800400"   ,  0.63   ,  0.76   ,  93   ,  "LMXRB"   ,  "19 12 49.92"   ,  "+10 51 25.92"   ,  1.3   ,  452.67   ,  134.1   ,  89.05   ,  1.86167   ,  9   ,  "GRS1915+105"   ,  "---"
213   , "SAXWFC J1918.8-0514.9"   ,  "XB1916-053"   ,  289.68917   ,  -5.24758   ,  "31.34"   ,  "-8.46"   ,  3.68e-10   ,  "7020004300"   ,  0.93   ,  0.91   ,  21   ,  "LMXRB"   ,  "19 16 08.4"   ,  "-05 19 41.37"   ,  1.3   ,  25.38   ,  10.2   ,  6.61   ,  2.15746   ,  9   ,  "XB1916-053"   ,  "---"
214   , "SAXWFC J1921.1-5841.2"   ,  "ESO141-G55"   ,  290.28708   ,  -58.686   ,  "338.16"   ,  "-26.71"   ,  5.81e-11   ,  "2086800100"   ,  1.15   ,  0   ,  1   ,  "Seyfert type 1"   ,  "19 16 57.11"   ,  "-58 45 54.07"   ,  1.6   ,  7.92   ,  2.6   ,  4.76   ,  1.65995   ,  9   ,  "ESO141-G55"   ,  "---"
215   , "SAXWFC J1921.2+4400.1"   ,  "ABELL2319"   ,  290.31   ,  44.00189   ,  "75.74"   ,  "13.51"   ,  1.15e-10   ,  "2011600100"   ,  3.46   ,  2.78   ,  9   ,  "Cluster of galaxies"   ,  "19 19 39.12"   ,  "+43 50 55.42"   ,  1.6   ,  8.2   ,  0.7   ,  4.83   ,  1.45184   ,  9   ,  "ABELL2319"   ,  "---"
216   , "SAXWFC J1924.4+5014.5"   ,  "CHCyg"   ,  291.11208   ,  50.24128   ,  "81.85"   ,  "15.59"   ,  -1.07e-7   ,  "1086600100"   ,  0.95   ,  0   ,  0   ,  "RS CVn starSymbiotic star"   ,  "19 23 13.91"   ,  "+50 08 30.01"   ,  1.8   ,  0   ,  0   ,  0   ,  1.73124   ,  6   ,  "CHCyg"   ,  "---"
217   , "SAXWFC J1928.5-3507.9"   ,  "HD182928"   ,  292.1275   ,  -35.13089   ,  "3.68"   ,  "-22.32"   ,  1.76e-10   ,  "5138600110"   ,  0.32   ,  0   ,  1   ,  "Star unclassified"   ,  "19 25 14.39"   ,  "-35 14 12.44"   ,  1.4   ,  12.27   ,  5.6   ,  7.8   ,  1.51238   ,  9   ,  "HD182928"   ,  "---"
218   , "SAXWFC J1945.7+2721.4"   ,  "XTEJ1946+274"   ,  296.41667   ,  27.35608   ,  "63.2"   ,  "1.38"   ,  9.83e-10   ,  "1075200110"   ,  0.63   ,  1.15   ,  21   ,  "HMXRB Be star"   ,  "19 43 35.76"   ,  "+27 14 32.49"   ,  1.3   ,  69.14   ,  55.3   ,  22.34   ,  1.784   ,  9   ,  "XTEJ1946+274"   ,  "---"
219   , "SAXWFC J1949.6+3011.8"   ,  "KS1947+300"   ,  297.3925   ,  30.19639   ,  "66.08"   ,  "2.08"   ,  1.66e-9   ,  "2124000120"   ,  1.04   ,  1.51   ,  9   ,  "HMXRB Be star"   ,  "19 47 31.19"   ,  "+30 04 46.99"   ,  1.3   ,  74.27   ,  51.8   ,  22.13   ,  1.85752   ,  9   ,  "KS1947+300"   ,  "---"
220   , "SAXWFC J1955.7+3205.3"   ,  "4U1954+319"   ,  298.92   ,  32.08789   ,  "68.38"   ,  "1.92"   ,  6.43e-10   ,  "6046500200"   ,  0.86   ,  1.2   ,  35   ,  "HMXRB"   ,  "19 53 45.83"   ,  "+31 57 58.93"   ,  1.3   ,  58.79   ,  37.6   ,  15.85   ,  2.29628   ,  9   ,  "4U1954+319"   ,  "---"
221   , "SAXWFC J1958.4+3513.1"   ,  "CygX-1"   ,  299.59958   ,  35.21769   ,  "71.35"   ,  "3.06"   ,  1.16e-8   ,  "6120300100"   ,  1.06   ,  0.97   ,  163   ,  "HMXRB supergiant"   ,  "19 56 29.03"   ,  "+35 03 54.57"   ,  1.3   ,  522.7   ,  105.3   ,  66.62   ,  3.00208   ,  9   ,  "CygX-1"   ,  "---"
222   , "SAXWFC J1959.4+1141.8"   ,  "4U1957+115"   ,  299.8425   ,  11.69619   ,  "51.29"   ,  "-9.33"   ,  4.65e-10   ,  "5126900100"   ,  0.83   ,  1.04   ,  70   ,  "LMXRB"   ,  "19 57 02.16"   ,  "+11 34 15.63"   ,  1.3   ,  48.75   ,  2.9   ,  28.7   ,  1.66834   ,  9   ,  "4U1957+115"   ,  "---"
223   , "SAXWFC J1959.4+4044.0"   ,  "CygnusA"   ,  299.85458   ,  40.73378   ,  "76.18"   ,  "5.76"   ,  1.05e-10   ,  "5030800100"   ,  0.61   ,  1.43   ,  2   ,  "QSO Radio Loud steep radio sp."   ,  "19 57 44.4"   ,  "+40 35 46.14"   ,  1.6   ,  7.17   ,  2.8   ,  1.66   ,  1.9589   ,  9   ,  "CygnusA"   ,  "---"
224   , "SAXWFC J2000.0+6508.8"   ,  "1ES1959+650"   ,  300.00417   ,  65.14589   ,  "98"   ,  "17.66"   ,  2.36e-10   ,  "6117800110"   ,  0.19   ,  1   ,  42   ,  "BL Lac"   ,  "19 59 30.96"   ,  "+65 00 34.27"   ,  1.3   ,  28.7   ,  5.7   ,  21.54   ,  1.24663   ,  9   ,  "1ES1959+650"   ,  "---"
225   , "SAXWFC J2008.6-6107.4"   ,  "NGC6860"   ,  302.15083   ,  -61.12319   ,  "335.75"   ,  "-32.78"   ,  4.87e-11   ,  "2119600100"   ,  1.75   ,  0   ,  1   ,  "Seyfert type 1"   ,  "20 04 28.31"   ,  "-61 14 47.97"   ,  1.9   ,  6.99   ,  1.7   ,  3.89   ,  1.79684   ,  9   ,  "NGC6860"   ,  "---"
226   , "SAXWFC J2008.6-6024.6"   ,  "1RXSJ200905.6-60"   ,  302.14875   ,  -60.40939   ,  "336.6"   ,  "-32.81"   ,  1.8e-10   ,  "5117900100"   ,  3.83   ,  0   ,  1   ,  "Unknown class"   ,  "20 04 51.36"   ,  "-60 34 24.7"   ,  2.1   ,  6.31   ,  -2.4   ,  3.74   ,  1.68862   ,  5   ,  "1RXSJ200905.6-60"   ,  "---"
227   , "SAXWFC J2009.4-4850.0"   ,  "PKS2005-489"   ,  302.35042   ,  -48.83339   ,  "350.37"   ,  "-32.6"   ,  3.29e-10   ,  "3096500200"   ,  0.23   ,  0.71   ,  22   ,  "BL Lac"   ,  "20 05 46.56"   ,  "-48 58 43.32"   ,  1.3   ,  36.28   ,  8.9   ,  21.38   ,  1.68508   ,  9   ,  "PKS2005-489"   ,  "---"
228   , "SAXWFC J2012.7-5650.1"   ,  "ABELL3667"   ,  303.16625   ,  -56.83478   ,  "340.85"   ,  "-33.42"   ,  4.62e-11   ,  "2086800100"   ,  0.6   ,  0   ,  1   ,  "Cluster of galaxies"   ,  "20 08 38.15"   ,  "-56 59 38.86"   ,  1.6   ,  7.31   ,  -0.9   ,  4.39   ,  1.65995   ,  9   ,  "ABELL3667"   ,  "---"
229   , "SAXWFC J2012.7+3811.0"   ,  "XTEJ2012+381"   ,  303.16375   ,  38.18269   ,  "75.39"   ,  "2.24"   ,  2.89e-9   ,  "9000044200"   ,  0.3   ,  1.25   ,  7   ,  "LMXRB"   ,  "20 10 47.99"   ,  "+38 01 56.27"   ,  1.3   ,  74.31   ,  -0.7   ,  55.62   ,  1.09012   ,  9   ,  "XTEJ2012+381"   ,  "---"
230   , "SAXWFC J2032.2+3738.2"   ,  "EXO2030+375"   ,  308.05667   ,  37.63739   ,  "77.14"   ,  "-1.24"   ,  3.18e-10   ,  "2002300200"   ,  0.32   ,  0.71   ,  6   ,  "HMXRB Be star"   ,  "20 30 22.07"   ,  "+37 28 00.33"   ,  1.3   ,  25.17   ,  15.7   ,  6.93   ,  1.66849   ,  9   ,  "EXO2030+375"   ,  "---"
231   , "SAXWFC J2032.5+4057.5"   ,  "CygX-3"   ,  308.1125   ,  40.958   ,  "79.84"   ,  "0.69"   ,  6.24e-9   ,  "5002900120"   ,  0.25   ,  0.89   ,  170   ,  "HMXRB"   ,  "20 30 37.67"   ,  "+40 47 12.58"   ,  1.3   ,  311.16   ,  67.2   ,  88.91   ,  1.56245   ,  9   ,  "CygX-3"   ,  "---"
232   , "SAXWFC J2044.2-1043.6"   ,  "MKN509"   ,  311.04542   ,  -10.72639   ,  "35.97"   ,  "-29.87"   ,  6.13e-11   ,  "5079700100"   ,  0.27   ,  1.29   ,  4   ,  "Seyfert type 1"   ,  "20 41 26.4"   ,  "-10 54 23.57"   ,  1.7   ,  8.34   ,  1.5   ,  4.08   ,  2.04693   ,  9   ,  "MKN509"   ,  "---"
233   , "SAXWFC J2055.4-0021.0"   ,  "1RXSJ205528.2-00"   ,  313.85458   ,  -0.34978   ,  "47.91"   ,  "-27.46"   ,  4.96e-11   ,  "9000039100"   ,  999   ,  0   ,  1   ,  "Unknown class"   ,  "00 00 00.0"   ,  "+00 00 00.0"   ,  1.8   ,  6.5   ,  0   ,  5.09   ,  1.26936   ,  6   ,  "1RXSJ205528.2-00"   ,  "---"
234   , "SAXWFC J2058.8+4147.6"   ,  "GROJ2058+42"   ,  314.68917   ,  41.79358   ,  "83.57"   ,  "-2.64"   ,  2.28e-10   ,  "5122500100"   ,  5.36   ,  4.67   ,  3   ,  "HMXRB Be star"   ,  "20 57 08.64"   ,  "+41 31 17.29"   ,  1.6   ,  8.82   ,  7.3   ,  2.55   ,  1.5125   ,  9   ,  "GROJ2058+42"   ,  "---"
235   , "SAXWFC J2103.6+4545.9"   ,  "SAXJ2103.5+4545"   ,  315.90875   ,  45.7655   ,  "87.14"   ,  "-0.68"   ,  4.6e-10   ,  "5088000100"   ,  1.29   ,  1.11   ,  20   ,  "HMXRB Be star"   ,  "21 01 47.04"   ,  "+45 33 03.09"   ,  1.3   ,  23.31   ,  9.4   ,  9.91   ,  2.20318   ,  9   ,  "SAXJ2103.5+4545"   ,  "---"
236   , "SAXWFC J2124.7+5058.3"   ,  "IGRJ21247+5058"   ,  321.17   ,  50.97158   ,  "93.32"   ,  "0.39"   ,  6.96e-11   ,  "50880001"   ,  0.33   ,  0   ,  1   ,  "Radio Galaxy flat radio sp."   ,  "21 22 59.99"   ,  "+50 45 02.69"   ,  2   ,  7.8   ,  0   ,  4.68   ,  1.57346   ,  6   ,  "IGRJ21247+5058"   ,  "---"
237   , "SAXWFC J2130.0+1209.7"   ,  "4U2127+119"   ,  322.49792   ,  12.16239   ,  "65.01"   ,  "-27.32"   ,  5.19e-10   ,  "7020003500"   ,  0.47   ,  0.74   ,  30   ,  "LMXRB globular cluster"   ,  "21 27 33.11"   ,  "+11 56 48.76"   ,  1.3   ,  45.54   ,  4.1   ,  28.78   ,  1.56772   ,  9   ,  "4U2127+119"   ,  "---"
238   , "SAXWFC J2132.0-3342.2"   ,  "CTS109"   ,  322.99958   ,  -33.70289   ,  "11.52"   ,  "-46.92"   ,  4.49e-11   ,  "4095600200"   ,  0.88   ,  0   ,  1   ,  "Seyfert type 1"   ,  "21 29 01.2"   ,  "-33 56 11.54"   ,  2.1   ,  7.4   ,  2.3   ,  5.23   ,  1.41553   ,  5   ,  "CTS109"   ,  "---"
239   , "SAXWFC J2146.4-8542.7"   ,  "1RXSJ214641.1-854"   ,  326.59   ,  -85.7115   ,  "306.51"   ,  "-30.05"   ,  1.71e-10   ,  "2020600400"   ,  999   ,  0   ,  0   ,  "Unknown class"   ,  "00 00 00.0"   ,  "+00 00 00.0"   ,  1.5   ,  9.62   ,  2.1   ,  5.05   ,  1.89529   ,  9   ,  "1RXSJ214641.1-854"   ,  "---"
240   , "SAXWFC J2142.6+4335.8"   ,  "SSCyg"   ,  325.65542   ,  43.59728   ,  "90.55"   ,  "-7.09"   ,  2.46e-10   ,  "5080100210"   ,  1.21   ,  1.08   ,  19   ,  "CV Dwarf nova U Gem type"   ,  "21 40 44.87"   ,  "+43 21 21.67"   ,  1.7   ,  22.07   ,  7.7   ,  4.4   ,  2.0772   ,  9   ,  "SSCyg"   ,  "---"
241   , "SAXWFC J2144.7+3818.8"   ,  "CygX-2"   ,  326.175   ,  38.31278   ,  "87.32"   ,  "-11.33"   ,  1.4e-8   ,  "5067000110"   ,  0.56   ,  0.93   ,  145   ,  "LMXRB"   ,  "21 42 36.95"   ,  "+38 05 27.95"   ,  1.3   ,  575.95   ,  106.4   ,  166.22   ,  1.9037   ,  9   ,  "CygX-2"   ,  "---"
242   , "SAXWFC J2148.8+8232.2"   ,  "WFCJ2148.8+8232"   ,  327.19833   ,  82.53628   ,  "117.18"   ,  "21.79"   ,  6.64e-11   ,  "6109100200"   ,  999   ,  0   ,  0   ,  "Unknown class"   ,  "00 00 00.0"   ,  "+00 00 00.0"   ,  1.5   ,  11.67   ,  6.7   ,  6.03   ,  1.9345   ,  9   ,  "WFCJ2148.8+8232"   ,  "---"
243   , "SAXWFC J2158.8-3013.2"   ,  "PKS2155-304"   ,  329.7   ,  -30.21939   ,  "17.74"   ,  "-52.24"   ,  7.56e-11   ,  "2010900200"   ,  0.89   ,  0.82   ,  8   ,  "BL Lac"   ,  "21 55 58.31"   ,  "-30 27 51.98"   ,  1.8   ,  9.41   ,  2.7   ,  4.92   ,  1.91346   ,  9   ,  "PKS2155-304"   ,  "---"
244   , "SAXWFC J2209.2-4713.3"   ,  "NGC7213"   ,  332.30958   ,  -47.22108   ,  "349.5"   ,  "-52.56"   ,  4.5e-11   ,  "2017900500"   ,  3.27   ,  0   ,  1   ,  "Seyfert type 1"   ,  "22 06 08.63"   ,  "-47 24 45.32"   ,  1.6   ,  6.12   ,  0   ,  4.37   ,  1.40093   ,  9   ,  "NGC7213"   ,  "---"
245   , "SAXWFC J2207.9+5431.9"   ,  "4U2206+543"   ,  331.98708   ,  54.53119   ,  "100.61"   ,  "-1.1"   ,  2.66e-10   ,  "6025400100"   ,  0.77   ,  1.03   ,  60   ,  "HMXRB Be star"   ,  "22 06 07.43"   ,  "+54 16 23.05"   ,  1.3   ,  28.59   ,  9.6   ,  13.36   ,  2.0263   ,  9   ,  "4U2206+543"   ,  "---"
246   , "SAXWFC J2208.7+4545.4"   ,  "ARLac"   ,  332.1875   ,  45.75728   ,  "95.57"   ,  "-8.3"   ,  2.99e-10   ,  "5146700201"   ,  1.16   ,  0   ,  1   ,  "RS CVn star"   ,  "22 06 39.35"   ,  "+45 29 47.65"   ,  2.3   ,  6.06   ,  2.5   ,  2.5   ,  2.02387   ,  5   ,  "ARLac"   ,  "---"
247   , "SAXWFC J2214.1+1242.6"   ,  "RUPeg"   ,  333.52708   ,  12.70958   ,  "74.05"   ,  "-34.84"   ,  5.38e-11   ,  "5145300100"   ,  1.03   ,  0   ,  1   ,  "CV Dwarf nova U Gem type"   ,  "22 11 35.52"   ,  "+12 27 15.94"   ,  1.7   ,  6.41   ,  2.3   ,  3.38   ,  1.89704   ,  9   ,  "RUPeg"   ,  "---"
248   , "SAXWFC J2239.2+6116.4"   ,  "SAXJ2239.3+6116"   ,  339.80958   ,  61.27408   ,  "107.72"   ,  "2.37"   ,  3.36e-10   ,  "5023700700"   ,  0.79   ,  0   ,  1   ,  "HMXRB Be star"   ,  "22 37 29.51"   ,  "+61 00 47.37"   ,  1.3   ,  21.56   ,  18   ,  14.37   ,  1.25842   ,  9   ,  "SAXJ2239.3+6116"   ,  "---"
249   , "SAXWFC J2253.1+1649.3"   ,  "IMPeg"   ,  343.2725   ,  16.821   ,  "86.36"   ,  "-37.51"   ,  2.42e-10   ,  "7015200200"   ,  1.45   ,  0   ,  1   ,  "RS CVn star"   ,  "22 50 34.31"   ,  "+16 34 31.29"   ,  1.4   ,  13.31   ,  2.5   ,  5.5   ,  2.13957   ,  9   ,  "IMPeg"   ,  "---"
250   , "SAXWFC J2323.5+5848.1"   ,  "CassiopeiaA"   ,  350.865   ,  58.80108   ,  "111.73"   ,  "-2.15"   ,  1.1e-9   ,  "2006100100"   ,  1.17   ,  1.19   ,  167   ,  "SNR Shell "   ,  "23 21 12.48"   ,  "+58 32 45.24"   ,  1.3   ,  145.22   ,  10   ,  51.26   ,  2.45736   ,  9   ,  "CassiopeiaA"   ,  "---"
251   , "SAXWFC J2331.9+1956.1"   ,  "EQPeg"   ,  352.97167   ,  19.93489   ,  "98.57"   ,  "-39.15"   ,  1.1e-10   ,  "5106400200"   ,  1.49   ,  0   ,  1   ,  "Star M3 V"   ,  "23 29 21.83"   ,  "+19 41 00.85"   ,  1.8   ,  7.02   ,  -2.1   ,  5.02   ,  1.40028   ,  9   ,  "EQPeg"   ,  "---"
252   , "SAXWFC J2355.2+2839.4"   ,  "IIPeg"   ,  358.79792   ,  28.65658   ,  "108.27"   ,  "-32.61"   ,  0   ,  "5049100100"   ,  2.55   ,  0   ,  1   ,  "RS CVn star"   ,  "23 52 29.03"   ,  "+28 21 17.42"   ,  1.8   ,  0   ,  0   ,  0   ,  1.15635   ,  6   ,  "IIPeg"   ,  "---"
253   , "SAXWFC J2359.2-3038.0"   ,  "1H2354-315"   ,  359.78958   ,  -30.63328   ,  "12.81"   ,  "-78.05"   ,  5.31e-11   ,  "3015900100"   ,  0.47   ,  1.9   ,  2   ,  "BL Lac"   ,  "23 56 33.83"   ,  "-30 54 22.71"   ,  2.2   ,  7.88   ,  1.1   ,  5.36   ,  1.46888   ,  9   ,  "1H2354-315"   ,  "---"

