_id , wmap5_name , RA , Dec , LII , BII , Redshift , Source classification , Rflux(5GHz) , Rflux(1p4 GHz) , Rflux(23GHz) , Rflux(33GHz) , Rflux(41GHz) , Rflux(61GHz) , Rflux(94GHz) , Ecliptic_coords, other_name
1 , "WMAP5 J0003-4752" , 1.14833 , -47.605 , "323.94" , "-67.57" , 0.88 , "Blazar Q-type" , 0 , 0 , 0 , 700 , 700 , 400 , "359" , 336.2034 , " "
2 , "WMAP5 J0006-0623" , 1.5575 , -6.39306 , "93.5" , "-66.65" , 0.347 , "Blazar Q-type" , 2463 , 2051 , 2300 , 2300 , 2300 , 2000 , "1795" , 358.1514 , "PKS0003-066 "
3 , "WMAP5 J0010+1101" , 2.62875 , 10.97917 , "106.98" , "-50.62" , 0.0891 , "Blazar Q-type" , 435 , 0 , 1100 , 1200 , 1200 , 1000 , 1600 , 6.1517 , "III ZW 2 "
4 , "WMAP5 J0012-3952" , 3.24958 , -39.90694 , "332.46" , "-74.95" , 0 , "Blazar B-type" , 921 , 494 , 1300 , 1300 , 1000 , 1300 , 800 , 343.587 , "PKS0010-401 "
5 , "WMAP5 J0019+2020" , 4.9075 , 20.3625 , "112.89" , "-41.89" , 0 , "Blazar B-type" , 710 , 983 , 1000 , 1100 , 900 , 1300 , "1166" , 12.0907 , "PKS0017+200 "
6 , "WMAP5 J0019+2603" , 4.91333 , 26.04583 , "114.06" , "-36.28" , 0.284 , "Blazar Q-type" , 435 , 684 , 1000 , 700 , 800 , 500 , 1400 , 14.552 , "4C25.01 "
7 , "WMAP5 J0025-2602" , 6.45458 , -26.03694 , "42.29" , "-84.17" , 0.322 , "Misd. NT-AGN RGal-type" , 3745 , 8753 , 900 , 700 , 500 , 0 , "406" , 353.949 , "PKS0023-26 "
8 , "WMAP5 J0026-3510" , 6.56833 , -35.21361 , "335" , "-80.3" , 0 , "Unidentified " , 121 , 0 , 1100 , 1100 , 1400 , 1000 , "897" , 349.2485 , "PMNJ0026-3512 "
9 , "WMAP5 J0029+0554" , 7.44083 , 5.91139 , "113.12" , "-56.55" , 1.317 , "Blazar Q-type" , 348 , 294 , 1100 , 1300 , 1000 , 700 , "628" , 8.4271 , "PKS0027+056 "
10 , "WMAP5 J0038-2459" , 9.56042 , -24.985 , "68.09" , "-86.35" , 1.196 , "Blazar Q-type" , 440 , 412 , 700 , 800 , 600 , 1100 , "987" , 357.3792 , " "
11 , "WMAP5 J0043+5208" , 10.78625 , 52.05944 , "121.63" , "-10.79" , 0.174 , "Misd. NT-AGN RGal-type" , 4124 , 11535 , 1000 , 600 , 500 , 500 , "448" , 34.1475 , "3C020 "
12 , "WMAP5 J0047-2514" , 11.88792 , -25.28806 , "97.39" , "-87.97" , 0.001 , "Starburst galaxy" , 2433 , 2994 , 1100 , 900 , 1100 , 1000 , 900 , 359.3303 , "NGC253 "
13 , "WMAP5 J0049-5739" , 12.4975 , -57.64083 , "303.31" , "-59.49" , 1.797 , "Blazar Q-type" , 1338 , 0 , 1400 , 1400 , 1200 , 1200 , 800 , 335.5049 , "PKS0047-579 "
14 , "WMAP5 J0051-0927" , 12.67208 , -9.48472 , "122.32" , "-72.36" , 0.537 , "Blazar B-type" , 931 , 814 , 1000 , 1000 , 800 , 1100 , "987" , 7.259 , "PKS0048-09 "
15 , "WMAP5 J0050-0649" , 12.78417 , -6.83389 , "122.71" , "-69.71" , 1.975 , "Blazar Q-type" , 841 , 904 , 1100 , 1100 , 700 , 1300 , 1200 , 8.2832 , "PKS0048-71 "
16 , "WMAP5 J0050-4224" , 12.78958 , -42.4425 , "303.12" , "-74.69" , 1.749 , "Blazar Q-type" , 926 , 0 , 1300 , 1300 , 1200 , 700 , 800 , 349.8914 , "PKS0048-427 "
17 , "WMAP5 J0100-5654" , 15.03625 , -56.915 , "300.54" , "-60.18" , 0 , "Unidentified " , 0 , 0 , 500 , 700 , 800 , 500 , "448" , 338.1997 , " "
18 , "WMAP5 J0106-4035" , 16.68792 , -40.57222 , "290.66" , "-76.2" , 0.584 , "Blazar Q-type" , 2584 , 0 , 2200 , 2400 , 2200 , 2000 , 1500 , 354.6753 , "PKS0104-408 "
19 , "WMAP5 J0108+0135" , 17.15708 , 1.58333 , "131.81" , "-60.99" , 2.099 , "Blazar Q-type" , 2078 , 2621 , 1900 , 1900 , 1700 , 1500 , "1346" , 15.7513 , "PKS0106+01 "
20 , "WMAP5 J0108+1319" , 17.22 , 13.32028 , "129.45" , "-49.33" , 0.059 , "Misd. NT-AGN RGal-type" , 3691 , 1866 , 1400 , 1100 , 800 , 0 , "650" , 20.1758 , "3C033 "
21 , "WMAP5 J0115-0129" , 18.82125 , -1.45139 , "136.48" , "-63.7" , 1.365 , "Blazar Q-type" , 1540 , 1076 , 900 , 1200 , 1000 , 1100 , "987" , 16.1083 , "PKS0112-017 "
22 , "WMAP5 J0116-1137" , 19.05208 , -11.60417 , "144.66" , "-73.43" , 0.67 , "Blazar Unknown-type" , 1488 , 1785 , 1300 , 1000 , 1000 , 1500 , "1346" , 12.2943 , "PKS0113-118 "
23 , "WMAP5 J0121+1150" , 20.42292 , 11.83056 , "134.58" , "-50.36" , 0.57 , "Blazar Q-type" , 1126 , 1184 , 1200 , 1100 , 1200 , 600 , "538" , 22.6196 , "PKS0119+11 "
24 , "WMAP5 J0125-0010" , 21.37 , -0.09889 , "141.15" , "-61.76" , 1.076 , "Blazar Q-type" , 1234 , 1540 , 1100 , 1200 , 1100 , 800 , "718" , 18.9506 , "PKS0122-00 "
25 , "WMAP5 J0132-1653" , 23.18083 , -16.91333 , "168.11" , "-76.02" , 1.02 , "Blazar Q-type" , 746 , 830 , 1800 , 1800 , 1800 , 1600 , 1300 , 13.9258 , "PKS0130-17 "
26 , "WMAP5 J0133-5200" , 23.27792 , -51.99889 , "288.25" , "-63.93" , 0.02 , "Unidentified " , 672 , 0 , 800 , 1100 , 700 , 0 , "568" , 350.2281 , "PKS0131-522 "
27 , "WMAP5 J0133-3627" , 23.55 , -36.48722 , "261.49" , "-76.98" , 0.0298 , "Misd. NT-AGN RGal-type" , 1702 , 1818 , 600 , 600 , 0 , 0 , "461" , 3.6543 , "NGC612 "
28 , "WMAP5 J0137+4753" , 24.24375 , 47.85806 , "130.78" , "-14.32" , 0.859 , "Blazar Q-type" , 2016 , 1138 , 3800 , 3800 , 3600 , 3200 , 1800 , 41.1647 , "S40133+47 "
29 , "WMAP5 J0137-2428" , 24.40958 , -24.515 , "201.38" , "-79.29" , 0.837 , "Blazar Q-type" , 956 , 1181 , 1300 , 1300 , 1800 , 1400 , "1256" , 11.5652 , "PKS0135-247 "
30 , "WMAP5 J0149+0553" , 27.34583 , 5.93167 , "148.03" , "-54.1" , 2.345 , "Blazar Q-type" , 1473 , 906 , 1000 , 700 , 800 , 0 , "650" , 26.7553 , " "
31 , "WMAP5 J0152+2208" , 28.075 , 22.11861 , "141.05" , "-38.6" , 1.32 , "Blazar Q-type" , 1073 , 1041 , 1200 , 1300 , 1300 , 1400 , 1700 , 33.2709 , "PKS0149+21 "
32 , "WMAP5 J0204+1513" , 31.20958 , 15.23639 , "147.92" , "-44.05" , 0.405 , "Blazar Q-type" , 3073 , 4068 , 1300 , 1300 , 1100 , 1600 , "1436" , 33.6101 , "4C15.05 "
33 , "WMAP5 J0205-1704" , 31.2425 , -17.02222 , "185.99" , "-70.23" , 1.74 , "Blazar Q-type" , 1350 , 1219 , 700 , 0 , 900 , 800 , 600 , 21.795 , " "
34 , "WMAP5 J0205+3213" , 31.27042 , 32.20833 , "140.57" , "-28.13" , 1.446 , "Blazar Q-type" , 934 , 657 , 1600 , 1500 , 1200 , 700 , "628" , 39.6717 , "1JY0202+319 "
35 , "WMAP5 J0210-5100" , 32.69208 , -51.01722 , "276.1" , "-61.78" , 0.999 , "Blazar Q-type" , 3198 , 0 , 2700 , 2700 , 2800 , 2700 , 2100 , 359.5919 , "PKS0208-512 "
36 , "WMAP5 J0218+0138" , 34.61292 , 1.63778 , "162.46" , "-54.42" , 0 , "Unidentified " , 0 , 0 , 1300 , 1200 , 800 , 0 , 700 , 32.2056 , " "
37 , "WMAP5 J0220+3558" , 35.2725 , 35.93722 , "142.6" , "-23.49" , 0.685 , "Blazar Unknown-type" , 1480 , 1707 , 1200 , 1200 , 900 , 1100 , 1300 , 44.3495 , "1Jy0218+357 "
38 , "WMAP5 J0222-3440" , 35.735 , -34.69139 , "239.67" , "-69.03" , 1.49 , "Blazar Q-type" , 911 , 683 , 1000 , 1000 , 0 , 700 , "628" , 17.0516 , "PKS0220-349 "
39 , "WMAP5 J0223+4303" , 35.7975 , 42.99194 , "140.25" , "-16.78" , 0.021 , "Misd. NT-AGN RGal-type" , 1866 , 1494 , 1800 , 1400 , 1400 , 1300 , 1200 , 47.5375 , "3C66B "
40 , "WMAP5 J0231-4742" , 37.79458 , -47.76722 , "266.29" , "-61.66" , 0.765 , "Blazar Q-type" , 269 , 0 , 700 , 900 , 900 , 1200 , 700 , 8.3972 , " "
41 , "WMAP5 J0231+1320" , 37.94083 , 13.38194 , "157.09" , "-42.74" , 2.059 , "Blazar Q-type" , 2608 , 1560 , 1300 , 1200 , 1200 , 900 , "807" , 39.1275 , "4C13.14 "
42 , "WMAP5 J0237+2848" , 39.46833 , 28.8025 , "149.46" , "-28.53" , 1.213 , "Blazar Q-type" , 2794 , 2197 , 3800 , 3400 , 3500 , 3200 , 2100 , 45.4166 , "4C28.07 "
43 , "WMAP5 J0238+1637" , 39.66208 , 16.61639 , "156.76" , "-39.11" , 0.94 , "Blazar B-type" , 1935 , 1941 , 1500 , 1600 , 1600 , 1600 , "1436" , 41.794 , "PKS0235+164 "
44 , "WMAP5 J0241-0821" , 40.27292 , -8.25806 , "182.02" , "-57.93" , 0.0005 , "Unidentified " , 3158 , 913 , 1000 , 700 , 700 , 0 , "568" , 34.3763 , "NGC1052 "
45 , "WMAP5 J0245-4456" , 41.47708 , -44.99361 , "258.55" , "-61.04" , 0.28 , "Blazar Q-type" , 845 , 0 , 500 , 700 , 600 , 700 , "628" , 14.8368 , "PKS0244-452 "
46 , "WMAP5 J0253-5442" , 43.37125 , -54.6975 , "272.49" , "-54.62" , 0.539 , "Blazar Q-type" , 1193 , 0 , 2400 , 2700 , 2500 , 2200 , 1800 , 4.6709 , "PKS0252-549 "
47 , "WMAP5 J0259-0015" , 44.86917 , -0.33389 , "177.18" , "-49.23" , 1.995 , "Blazar Q-type" , 500 , 228 , 1100 , 1400 , 1200 , 800 , "718" , 41.6362 , " "
48 , "WMAP5 J0303-6212" , 45.96083 , -62.19028 , "280.22" , "-48.7" , 0 , "Blazar Unknown-type" , 1862 , 0 , 1400 , 1300 , 1400 , 1300 , 1000 , 351.4463 , "PKS0302-623 "
49 , "WMAP5 J0308+0405" , 47.10917 , 4.11111 , "174.85" , "-44.52" , 0.028 , "Misd. NT-AGN RGal-type" , 3773 , 5748 , 1300 , 1300 , 1200 , 900 , "807" , 45.1361 , "NGC1218 "
50 , "WMAP5 J0309+1028" , 47.26417 , 10.48917 , "169.17" , "-39.72" , 0.863 , "Blazar Q-type" , 597 , 505 , 1100 , 1300 , 1300 , 1500 , 1500 , 47.1152 , " "
51 , "WMAP5 J0309-6102" , 47.48333 , -60.9775 , "278.11" , "-48.95" , 1.48 , "Blazar Q-type" , 1103 , 0 , 1100 , 1200 , 900 , 900 , 700 , 355.6756 , "PKS0308-611 "
52 , "WMAP5 J0312-7645" , 47.98 , -76.86417 , "293.43" , "-37.56" , 0.223 , "Blazar Q-type" , 694 , 0 , 1000 , 1200 , 1100 , 900 , 800 , 302.8399 , "PKS0312-77 "
53 , "WMAP5 J0312+0131" , 48.18208 , 1.54944 , "178.51" , "-45.53" , 0.664 , "Blazar Q-type" , 921 , 459 , 900 , 800 , 900 , 800 , "718" , 45.4894 , " "
54 , "WMAP5 J0319+4131" , 49.95042 , 41.51167 , "150.57" , "-13.26" , 0.017 , "Misd. NT-AGN RGal-type" , 46894 , 22829 , 11300 , 8900 , 7500 , 5600 , 3900 , 57.9042 , "NGC1275 "
55 , "WMAP5 J0322-3711" , 50.67375 , -37.21083 , "240.16" , "-56.7" , 0.006 , "Misd. NT-AGN RGal-type" , 71133 , 255 , 18500 , 12600 , 10600 , 8400 , "7539" , 31.9798 , "NGC1316 "
56 , "WMAP5 J0325+2225" , 51.40333 , 22.4 , "163.66" , "-28.03" , 2.06 , "Blazar Q-type" , 817 , 525 , 800 , 900 , 1100 , 500 , "448" , 53.9226 , "GB6J0325+2223 "
57 , "WMAP5 J0329-2354" , 52.475 , -23.9525 , "216.88" , "-54.26" , 0.895 , "Blazar Q-type" , 866 , 683 , 1200 , 1300 , 1200 , 1000 , 900 , 41.4082 , "PKS0327-241 "
58 , "WMAP5 J0334-4007" , 53.55667 , -40.14028 , "244.76" , "-54.08" , 0 , "Blazar B-type" , 1331 , 0 , 1400 , 1500 , 1400 , 1400 , 1500 , 33.4739 , "PKS0332-403 "
59 , "WMAP5 J0336-1257" , 54.14583 , -13.03444 , "201.23" , "-48.97" , 1.303 , "Blazar Q-type" , 534 , 377 , 1000 , 900 , 1100 , 900 , 700 , 47.4329 , "PKS0334-131 "
60 , "WMAP5 J0339-0143" , 54.87875 , -1.77667 , "187.99" , "-42.46" , 0.852 , "Blazar Q-type" , 3014 , 2424 , 2400 , 2300 , 2200 , 1700 , 2100 , 51.3497 , "PKS0336-019 "
61 , "WMAP5 J0340-2119" , 55.14833 , -21.32528 , "213.79" , "-51.19" , 0.223 , "Blazar B-type" , 933 , 1075 , 1100 , 1100 , 1100 , 1200 , 1200 , 45.5461 , "PKS0338-214 "
62 , "WMAP5 J0348-2747" , 57.15875 , -27.80361 , "224.49" , "-50.91" , 0.991 , "Blazar Q-type" , 1444 , 0 , 1200 , 1000 , 900 , 1500 , "1346" , 45.3454 , "PKS0346-279 "
63 , "WMAP5 J0358+1029" , 59.72667 , 10.43417 , "179.83" , "-31.06" , 0.03 , "Misd. NT-AGN RGal-type" , 3132 , 248 , 1200 , 1100 , 0 , 0 , "846" , 59.0666 , "3C098 "
64 , "WMAP5 J0403-3604" , 60.97375 , -36.08389 , "237.74" , "-48.49" , 1.417 , "Blazar Q-type" , 1851 , 1151 , 3400 , 3800 , 3600 , 3400 , 3000 , 45.8785 , "PKS0402-362 "
65 , "WMAP5 J0405-1304" , 61.39167 , -13.13694 , "205.76" , "-42.66" , 0.57 , "Blazar Q-type" , 2748 , 4218 , 2000 , 1800 , 1700 , 1500 , "1346" , 55.4344 , "PKS0403-13 "
66 , "WMAP5 J0407-3825" , 61.74583 , -38.44111 , "241.28" , "-47.9" , 1.285 , "Blazar Unknown-type" , 830 , 861 , 1100 , 1000 , 900 , 800 , "718" , 45.4567 , "PKS0405-385 "
67 , "WMAP5 J0408-7506" , 62.20167 , -75.12194 , "288.97" , "-36.13" , 0.693 , "Misd. NT-AGN RGal-type" , 4569 , 0 , 800 , 500 , 300 , 0 , "243" , 303.5521 , "PKS0410-75 "
68 , "WMAP5 J0411+7654" , 62.69 , 76.94583 , "133.4" , "18.33" , 0.598 , "Misd. NT-AGN RGal-type" , 5620 , 5620 , 1000 , 700 , 700 , 800 , 800 , 79.0698 , "4C76.03 "
69 , "WMAP5 J0416-2051" , 64.01875 , -20.93917 , "216.93" , "-43.18" , 0.808 , "Misd. NT-AGN QSO-type" , 1293 , 2778 , 1100 , 1100 , 1000 , 800 , "718" , 56.3887 , "PKS0413-210 "
70 , "WMAP5 J0423+0218" , 65.7175 , 2.32417 , "191.59" , "-31.23" , 2.277 , "Blazar Q-type" , 1222 , 677 , 1200 , 1000 , 700 , 0 , "568" , 63.7952 , "PKS0420+022 "
71 , "WMAP5 J0423-0120" , 65.81542 , -1.3425 , "195.28" , "-33.14" , 0.914 , "Blazar Q-type" , 4357 , 2726 , 8200 , 8300 , 7900 , 7100 , 4900 , 62.9699 , "PKS0420-01 "
72 , "WMAP5 J0424-3757" , 66.17583 , -37.93889 , "240.65" , "-44.41" , 0.782 , "Blazar Q-type" , 1706 , 473 , 1500 , 1200 , 1200 , 1500 , "1346" , 52.0204 , "PKS0422-380 "
73 , "WMAP5 J0424+0035" , 66.195 , 0.60167 , "193.58" , "-31.78" , 0.31 , "Blazar B-type" , 583 , 493 , 1500 , 1600 , 1800 , 1300 , "1166" , 63.7593 , "PKS0422+004 "
74 , "WMAP5 J0428-3757" , 67.16833 , -37.93889 , "240.7" , "-43.62" , 1.11 , "Blazar B-type" , 1202 , 737 , 1500 , 1400 , 1300 , 1300 , 1200 , 53.2818 , "PKS0426-380 "
75 , "WMAP5 J0433+0521" , 68.29583 , 5.35417 , "190.37" , "-27.4" , 0.033 , "Blazar Q-type" , 5189 , 3439 , 2400 , 2400 , 2300 , 2500 , 2400 , 66.7413 , "3C120 "
76 , "WMAP5 J0440-4332" , 70.07125 , -43.5525 , "248.4" , "-41.57" , 2.863 , "Blazar Q-type" , 3933 , 0 , 2500 , 2300 , 2200 , 1700 , 900 , 54.1554 , "PKS0438-43 "
77 , "WMAP5 J0442-0017" , 70.66083 , -0.29528 , "197.19" , "-28.47" , 0.844 , "Blazar Q-type" , 1084 , 1773 , 900 , 800 , 1200 , 800 , 800 , 68.3506 , "PKS0440-00 "
78 , "WMAP5 J0449-8100" , 72.5225 , -81.01722 , "293.85" , "-31.38" , 0.444 , "Blazar Q-type" , 1357 , 0 , 1700 , 1800 , 1600 , 1600 , 1400 , 279.7807 , "PKS0454-81 "
79 , "WMAP5 J0453-2806" , 73.31083 , -28.12694 , "229.01" , "-37.02" , 2.559 , "Blazar Q-type" , 2172 , 2541 , 1500 , 1500 , 1400 , 1200 , 1500 , 66.0117 , "PKS0451-28 "
80 , "WMAP5 J0455-4617" , 73.96125 , -46.26639 , "251.96" , "-38.82" , 0.853 , "Blazar Q-type" , 1653 , 0 , 3900 , 4000 , 4000 , 3500 , 2700 , 58.6471 , "PKS0454-46 "
81 , "WMAP5 J0456-2322" , 74.26292 , -23.41444 , "223.7" , "-34.9" , 1.003 , "Blazar Q-type" , 1863 , 1727 , 2400 , 2500 , 2400 , 1900 , 1900 , 68.4038 , "PKS0454-234 "
82 , "WMAP5 J0501-0159" , 75.30333 , -1.98722 , "201.45" , "-25.3" , 2.286 , "Blazar Q-type" , 3317 , 2264 , 1100 , 1200 , 1100 , 1000 , "897" , 73.1352 , "4C-02.19 "
83 , "WMAP5 J0506-6108" , 76.68292 , -61.16139 , "270.54" , "-36.08" , 1.093 , "Blazar Q-type" , 1211 , 0 , 2100 , 1800 , 1600 , 1100 , 800 , 35.9923 , "PKS0506-61 "
84 , "WMAP5 J0513-2155" , 78.45458 , -21.98778 , "223.56" , "-30.78" , 1.296 , "Blazar Q-type" , 865 , 647 , 1100 , 1100 , 900 , 0 , 1000 , 74.1833 , "PKS0511-220 "
85 , "WMAP5 J0515-4558" , 78.93458 , -45.94389 , "251.72" , "-35.36" , 0.194 , "Blazar Q-type" , 990 , 0 , 0 , 0 , 900 , 1100 , "987" , 67.6792 , "PKS0514-459 "
86 , "WMAP5 J0519-4546" , 79.95667 , -45.77889 , "251.59" , "-34.64" , 0.0351 , "Misd. NT-AGN QSO-type" , 15827 , 0 , 6800 , 5300 , 4400 , 3300 , 2200 , 69.8224 , "PICTOR A "
87 , "WMAP5 J0519-0539" , 80.00875 , -5.61833 , "207.38" , "-22.87" , 0 , "LBN Nebulae" , 42 , 0 , 2400 , 1800 , 1200 , 800 , "718" , 77.7578 , "IRAS05175-0540 "
88 , "WMAP5 J0523-3627" , 80.74125 , -36.45861 , "240.6" , "-32.72" , 0.055 , "Blazar B-type" , 8180 , 15620 , 4200 , 3900 , 3800 , 3500 , 2600 , 74.5889 , "PKS0521-36 "
89 , "WMAP5 J0525-2337" , 81.27333 , -23.63611 , "226.34" , "-28.87" , 3.1 , "Blazar Q-type" , 713 , 398 , 700 , 900 , 700 , 800 , "718" , 77.6069 , " "
90 , "WMAP5 J0525-4826" , 81.56958 , -48.51 , "254.99" , "-33.76" , 0 , "Unidentified " , 425 , 0 , 900 , 1300 , 1300 , 1100 , 800 , 71.1984 , "PKS0524-485 "
91 , "WMAP5 J0527-1241" , 81.8675 , -12.69722 , "215.21" , "-24.29" , 0 , "Planetary Nebulae" , 1716 , 1096 , 1400 , 1600 , 1400 , 1200 , 1100 , 79.53 , "IC0418 "
92 , "WMAP5 J0534-6107" , 83.6475 , -61.10222 , "270.07" , "-32.74" , 1.997 , "Blazar Q-type" , 324 , 0 , 500 , 500 , 600 , 600 , "538" , 58.9552 , " "
93 , "WMAP5 J0538-4405" , 84.70958 , -44.08583 , "250.08" , "-31.1" , 0.894 , "Blazar B-type" , 4805 , 0 , 5600 , 5900 , 6000 , 5400 , 4600 , 79.4135 , "PKS0537-441 "
94 , "WMAP5 J0539-2844" , 84.97458 , -28.66361 , "232.93" , "-27.3" , 3.104 , "Blazar Q-type" , 1232 , 862 , 600 , 600 , 600 , 700 , "628" , 82.0952 , " "
95 , "WMAP5 J0540-5415" , 85.19083 , -54.30611 , "262.04" , "-31.87" , 1.185 , "Blazar Q-type" , 373 , 0 , 1400 , 1400 , 1400 , 1100 , "987" , 76.2307 , "PKS0539-543 "
96 , "WMAP5 J0542+4951" , 85.65042 , 49.85194 , "161.68" , "10.29" , 0.545 , "Misd. NT-AGN QSO-type" , 7264 , 22880 , 1700 , 1300 , 1300 , 800 , "718" , 86.1481 , "3C147.0 "
97 , "WMAP5 J0550-5731" , 87.53958 , -57.54 , "265.9" , "-30.73" , 2.001 , "Blazar Q-type" , 355 , 0 , 1200 , 1000 , 1000 , 900 , "807" , 81.3482 , "PKS0549-575 "
98 , "WMAP5 J0555+3942" , 88.87792 , 39.81361 , "171.64" , "7.28" , 2.365 , "Blazar Q-type" , 5524 , 1516 , 3000 , 2400 , 1700 , 0 , "1381" , 88.4987 , "B20552+39A "
99 , "WMAP5 J0559-4528" , 89.79792 , -45.49444 , "252.41" , "-27.79" , 0.687 , "Blazar Q-type" , 407 , 0 , 700 , 1000 , 900 , 700 , "628" , 89.2543 , "PKS0557-454 "
100 , "WMAP5 J0607+6723" , 91.96708 , 67.34861 , "146.8" , "20.85" , 1.97 , "Blazar Q-type" , 581 , 424 , 1200 , 900 , 700 , 600 , "538" , 90.2357 , "S40602+673 "
101 , "WMAP5 J0608-2220" , 92.24875 , -22.33917 , "228.92" , "-18.96" , 1.926 , "Blazar Q-type" , 626 , 679 , 1100 , 1100 , 900 , 600 , 500 , 92.2196 , "PKS0606-223 "
102 , "WMAP5 J0609-1541" , 92.42042 , -15.71139 , "222.61" , "-16.19" , 0.324 , "Blazar Q-type" , 2473 , 2742 , 3700 , 3300 , 3100 , 2200 , 1900 , 92.2903 , "PKS0607-15 "
103 , "WMAP5 J0621-2516" , 95.135 , -25.25583 , "232.82" , "-17.63" , 1.9 , "Blazar Q-type" , 761 , 1213 , 600 , 500 , 300 , 0 , "243" , 96.5009 , "PKS0618-252 "
104 , "WMAP5 J0623-6436" , 95.7825 , -64.60583 , "274.31" , "-27.33" , 0.129 , "Blazar Q-type" , 531 , 0 , 900 , 800 , 800 , 900 , 900 , 142.7425 , "IRASL06229-643 "
105 , "WMAP5 J0626-3523" , 96.775 , -35.48667 , "243.45" , "-19.98" , 0.0546 , "Misd. NT-AGN RGal-type" , 2251 , 1076 , 700 , 500 , 0 , 0 , "384" , 99.7279 , "PKS0625-35 "
106 , "WMAP5 J0629-1958" , 97.34875 , -19.98889 , "228.63" , "-13.67" , 0 , "Blazar B-type" , 784 , 677 , 1500 , 1400 , 1400 , 1200 , 1100 , 98.8181 , "PKS0627-199 "
107 , "WMAP5 J0632-6928" , 98.08792 , -69.47556 , "279.85" , "-26.94" , 0 , "Unidentified " , 0 , 0 , 400 , 500 , 400 , 700 , 600 , 226.9717 , " "
108 , "WMAP5 J0633-2218" , 98.36125 , -22.38917 , "231.29" , "-13.79" , 1.508 , "Blazar Q-type" , 885 , 358 , 500 , 600 , 700 , 800 , 900 , 100.4909 , "PMNJ0633-2223 "
109 , "WMAP5 J0634-2337" , 98.74667 , -23.58889 , "232.56" , "-13.95" , 0 , "Unidentified " , 763 , 566 , 600 , 700 , 600 , 600 , "538" , 100.9135 , " "
110 , "WMAP5 J0635-7517" , 98.94375 , -75.27139 , "286.36" , "-27.17" , 0.653 , "Blazar Q-type" , 6398 , 0 , 4300 , 3900 , 3600 , 2600 , 2500 , 254.9628 , "PKS0637-75 "
111 , "WMAP5 J0636-2031" , 99.13417 , -20.58139 , "229.9" , "-12.39" , 0.0552 , "Misd. NT-AGN RGal-type" , 1326 , 0 , 1100 , 1100 , 1000 , 700 , "628" , 101.1462 , "PKS0634-205 "
112 , "WMAP5 J0639+7327" , 99.84125 , 73.41611 , "141.27" , "25.06" , 1.85 , "Blazar Q-type" , 711 , 903 , 800 , 400 , 800 , 800 , 1000 , 93.6895 , "S50633+734 "
113 , "WMAP5 J0646+4449" , 101.63333 , 44.85444 , "171.08" , "17.94" , 3.396 , "Blazar Q-type" , 1220 , 452 , 2900 , 2400 , 2100 , 1600 , 1300 , 98.1522 , "S40642+449 "
114 , "WMAP5 J0720-6222" , 109.76875 , -62.3 , "273.36" , "-20.74" , 0 , "Unidentified " , 279 , 0 , 600 , 700 , 800 , 500 , 700 , 162.7735 , " "
115 , "WMAP5 J0720+0403" , 110.34917 , 4.11278 , "212.66" , "8.53" , 0 , "Unidentified " , 533 , 313 , 900 , 700 , 600 , 0 , "487" , 110.4723 , "GB6J0721+0406 "
116 , "WMAP5 J0721+7122" , 110.4725 , 71.34333 , "143.98" , "28.01" , 0.3 , "Blazar B-type" , 859 , 727 , 1600 , 1800 , 1900 , 1800 , 1500 , 99.0318 , "S50716+714 "
117 , "WMAP5 J0725-0050" , 111.46083 , -0.91556 , "217.69" , "7.22" , 0.128 , "Blazar Unknown-type" , 1377 , 1399 , 900 , 1200 , 1100 , 1000 , 1100 , 112.6475 , "PKS0723-008 "
118 , "WMAP5 J0727+6749" , 112.04708 , 67.81306 , "148.01" , "28.41" , 0.846 , "Misd. NT-AGN QSO-type" , 912 , 2123 , 600 , 500 , 600 , 800 , "718" , 100.7793 , "3C179 "
119 , "WMAP5 J0738+1743" , 114.53042 , 17.70528 , "201.84" , "18.07" , 0.42 , "Blazar B-type" , 1812 , 2258 , 1300 , 1300 , 1000 , 1300 , "1166" , 112.6735 , "PKS0735+17 "
120 , "WMAP5 J0739+0136" , 114.825 , 1.61778 , "216.99" , "11.37" , 0.19 , "Blazar Q-type" , 1781 , 1964 , 1700 , 1900 , 2100 , 2300 , 2800 , 115.7413 , "PKS0736+01 "
121 , "WMAP5 J0741+3111" , 115.29458 , 31.2 , "188.63" , "23.58" , 0.63 , "Blazar Q-type" , 2623 , 2284 , 1200 , 1100 , 800 , 1000 , "897" , 111.0892 , "OI363 "
122 , "WMAP5 J0743-6727" , 115.88167 , -67.44028 , "279.47" , "-20.14" , 1.51 , "Blazar Q-type" , 2235 , 0 , 1200 , 900 , 700 , 700 , 1000 , 196.28 , "PKS0743-67 "
123 , "WMAP5 J0745+1016" , 116.3875 , 10.18694 , "209.79" , "16.59" , 2.624 , "Blazar Q-type" , 3704 , 3506 , 1100 , 800 , 700 , 1000 , "897" , 115.7009 , "PKS0742+10 "
124 , "WMAP5 J0746-0045" , 116.47542 , -0.73806 , "219.9" , "11.74" , 0.994 , "Blazar Q-type" , 1975 , 662 , 1100 , 1000 , 800 , 700 , "628" , 118.0016 , "4C-00.28 "
125 , "WMAP5 J0750+1230" , 117.71667 , 12.51806 , "208.16" , "18.76" , 0.889 , "Blazar Q-type" , 1238 , 1486 , 2700 , 2600 , 2600 , 2100 , 1800 , 116.6198 , "PKS0748+126 "
126 , "WMAP5 J0753+5354" , 118.25542 , 53.88306 , "164.2" , "30.5" , 0 , "Blazar B-type" , 964 , 803 , 1000 , 1000 , 900 , 900 , "807" , 108.6642 , "4C54.15 "
127 , "WMAP5 J0757+0957" , 119.2775 , 9.94306 , "211.31" , "19.05" , 0.266 , "Blazar B-type" , 1037 , 957 , 1300 , 1300 , 1500 , 1400 , "1256" , 118.6276 , "PKS0754+100 "
128 , "WMAP5 J0805+6133" , 121.43083 , 61.56306 , "155.25" , "32.4" , 0 , "Unidentified " , 0 , 0 , 700 , 500 , 700 , 1000 , "897" , 108.2651 , " "
129 , "WMAP5 J0808-0750" , 122.06458 , -7.85278 , "229.04" , "13.16" , 1.837 , "Blazar Q-type" , 1599 , 1595 , 1300 , 1300 , 1200 , 1300 , 900 , 125.636 , "PKS0805-07 "
130 , "WMAP5 J0813+4817" , 123.4 , 48.21694 , "171.17" , "33.23" , 0.871 , "Misd. NT-AGN QSO-type" , 4504 , 15010 , 1000 , 1000 , 700 , 700 , "628" , 113.6928 , "3C196 "
131 , "WMAP5 J0816-2425" , 124.16833 , -24.35139 , "244.32" , "6.12" , 0 , "Unidentified " , 270 , 191 , 800 , 1000 , 1100 , 800 , "718" , 133.3557 , "PMNJ0816-2421 "
132 , "WMAP5 J0823+2225" , 125.85208 , 22.38722 , "201.36" , "29.67" , 0.951 , "Blazar B-type" , 1392 , 2272 , 1100 , 1200 , 1200 , 600 , "538" , 122.1404 , " "
133 , "WMAP5 J0824+3914" , 126.23125 , 39.27833 , "182.14" , "34.19" , 1.216 , "Blazar Q-type" , 1031 , 1481 , 1200 , 1000 , 1100 , 1100 , 1400 , 118.3252 , "4C+39.23 "
134 , "WMAP5 J0825+0311" , 126.45958 , 3.15667 , "221.21" , "22.38" , 0.506 , "Blazar B-type" , 2064 , 1400 , 1600 , 1900 , 1900 , 1600 , "1436" , 127.3222 , "PKS0823+033 "
135 , "WMAP5 J0831+2411" , 127.71667 , 24.18333 , "200.02" , "31.87" , 0.94 , "Blazar Q-type" , 886 , 739 , 1300 , 1300 , 1500 , 1500 , 1300 , 123.4052 , "B20827+24 "
136 , "WMAP5 J0834+5533" , 128.73083 , 55.575 , "162.22" , "36.56" , 0.24 , "Blazar Unknown-type" , 5740 , 8283 , 900 , 700 , 500 , 1100 , 700 , 115.061 , " "
137 , "WMAP5 J0836-2015" , 129.16333 , -20.28306 , "243.57" , "12.23" , 2.752 , "Blazar Q-type" , 1712 , 1971 , 2800 , 2400 , 2300 , 1800 , 800 , 137.5448 , "PKS0834-20 "
138 , "WMAP5 J0838+5822" , 129.34333 , 58.41694 , "158.66" , "36.6" , 2.101 , "Blazar Q-type" , 717 , 690 , 1100 , 1100 , 900 , 1000 , "897" , 114.4922 , "S40833+58 "
139 , "WMAP5 J0840+1312" , 130.19875 , 13.20639 , "212.96" , "30.13" , 0.681 , "Misd. NT-AGN QSO-type" , 1244 , 2613 , 1900 , 2000 , 1800 , 1000 , "897" , 128.3829 , "3C207.0 "
140 , "WMAP5 J0841+7053" , 130.35125 , 70.895 , "143.54" , "34.42" , 2.172 , "Blazar Q-type" , 2342 , 3823 , 1700 , 1700 , 1800 , 1500 , 500 , 108.6167 , "4C71.07 "
141 , "WMAP5 J0847-0704" , 131.98542 , -7.05444 , "233.74" , "21.95" , 0 , "Blazar B-type" , 444 , 184 , 900 , 1000 , 1000 , 1200 , "1077" , 135.8531 , " "
142 , "WMAP5 J0854+2006" , 133.70333 , 20.10833 , "206.81" , "35.82" , 0.306 , "Blazar B-type" , 2908 , 1512 , 3800 , 4400 , 4100 , 4200 , 3500 , 129.7992 , "PKS0851+202 "
143 , "WMAP5 J0902-1413" , 135.57 , -14.25861 , "242.25" , "20.72" , 1.333 , "Blazar Q-type" , 2022 , 2898 , 1200 , 1300 , 1200 , 1300 , "1166" , 142.1383 , "PKS0859-14 "
144 , "WMAP5 J0907-2020" , 136.97542 , -20.4475 , "248.29" , "17.96" , 0 , "Unidentified " , 417 , 413 , 1100 , 1000 , 700 , 1000 , "897" , 146.1156 , "PMNJ0907-2026 "
145 , "WMAP5 J0909+0119" , 137.29167 , 1.36 , "228.94" , "30.92" , 1.024 , "Blazar Q-type" , 888 , 760 , 2100 , 2000 , 1900 , 2000 , "1795" , 138.6551 , "4C01.24 "
146 , "WMAP5 J0909+4253" , 137.38917 , 42.89639 , "178.32" , "42.84" , 0.67 , "Misd. NT-AGN RGal-type" , 1561 , 4234 , 1000 , 1100 , 1200 , 900 , "807" , 125.9554 , "3C216 "
147 , "WMAP5 J0914+0248" , 138.65792 , 2.76639 , "228.35" , "32.81" , 0.427 , "Blazar Q-type" , 842 , 442 , 1400 , 1600 , 1400 , 800 , 1400 , 139.5163 , "PKS0912+029 "
148 , "WMAP5 J0918-1203" , 139.52375 , -12.09556 , "242.92" , "25.09" , 0.055 , "Misd. NT-AGN RGal-type" , 13982 , 40851 , 2000 , 1000 , 900 , 900 , "807" , 145.4539 , "HYDRAA "
149 , "WMAP5 J0920+4441" , 140.24333 , 44.69833 , "175.7" , "44.81" , 2.19 , "Blazar Q-type" , 1085 , 1017 , 1300 , 1400 , 1400 , 1400 , 600 , 127.3498 , "S40917+44 "
150 , "WMAP5 J0921-2619" , 140.3725 , -26.31194 , "255.07" , "16.47" , 2.3 , "Blazar Q-type" , 2333 , 1290 , 1500 , 1400 , 1300 , 1200 , 800 , 152.5923 , "PKS0919-260 "
151 , "WMAP5 J0921+6215" , 140.40083 , 62.26444 , "152.2" , "40.99" , 1.446 , "Blazar Q-type" , 1226 , 946 , 900 , 800 , 900 , 0 , "731" , 119.0992 , "S40917+62 "
152 , "WMAP5 J0927+3901" , 141.76208 , 39.03917 , "183.71" , "46.16" , 0.695 , "Blazar Q-type" , 6913 , 2885 , 6700 , 5800 , 5500 , 4400 , 2800 , 130.7264 , "4C39.25 "
153 , "WMAP5 J0948+4038" , 147.23042 , 40.6625 , "180.99" , "50.28" , 1.249 , "Blazar Q-type" , 1801 , 1600 , 1300 , 1500 , 1300 , 900 , 1000 , 134.3908 , "4C40.24 "
154 , "WMAP5 J0955+6935" , 148.96583 , 69.67917 , "141.41" , "40.56" , 0.001 , "Starburst galaxy" , 3796 , 6205 , 1300 , 1200 , 1000 , 900 , 1300 , 118.3442 , "M82 "
155 , "WMAP5 J0957+5527" , 149.40875 , 55.38278 , "158.59" , "47.92" , 0.896 , "Blazar Q-type" , 2015 , 3079 , 900 , 900 , 1000 , 800 , "718" , 128.7497 , "4C55.17 "
156 , "WMAP5 J0958+4722" , 149.58167 , 47.41889 , "170.05" , "50.73" , 1.882 , "Blazar Q-type" , 1005 , 604 , 1600 , 1400 , 1400 , 900 , "807" , 133.1498 , "S40955+476 "
157 , "WMAP5 J0959+6530" , 149.69583 , 65.56806 , "145.74" , "43.13" , 0.367 , "Blazar B-type" , 1125 , 730 , 900 , 900 , 700 , 800 , 800 , 122.2455 , " "
158 , "WMAP5 J1014+2306" , 153.69625 , 23.02111 , "210.7" , "54.43" , 0.565 , "Blazar Q-type" , 1093 , 1096 , 1100 , 900 , 700 , 700 , "628" , 146.4017 , "4C23.24 "
159 , "WMAP5 J1015-4511" , 153.71125 , -45.14444 , "276.1" , "9.41" , 0 , "Unidentified " , 780 , 0 , 1100 , 800 , 700 , 0 , "568" , 179.0424 , " "
160 , "WMAP5 J1017+3551" , 154.57333 , 35.84667 , "188.22" , "56.43" , 1.228 , "Blazar Q-type" , 107 , 278 , 900 , 900 , 800 , 600 , 900 , 142.131 , "B21015+35B "
161 , "WMAP5 J1018-3132" , 154.61958 , -31.39833 , "268.45" , "21.04" , 0.794 , "Blazar Q-type" , 688 , 379 , 900 , 900 , 700 , 600 , "538" , 170.0338 , "PKS1016-311 "
162 , "WMAP5 J1021+4003" , 155.54875 , 40.06667 , "180.45" , "56.64" , 0 , "Unidentified " , 52 , 0 , 900 , 900 , 900 , 0 , "731" , 141.0551 , " "
163 , "WMAP5 J1032+4118" , 158.26542 , 41.26833 , "177.39" , "58.36" , 1.117 , "Blazar Q-type" , 439 , 473 , 900 , 800 , 700 , 800 , 800 , 142.6278 , "S41030+415 "
164 , "WMAP5 J1037-2934" , 159.31667 , -29.5675 , "270.95" , "24.84" , 0.312 , "Blazar Unknown-type" , 1477 , 1113 , 1600 , 1600 , 1400 , 1600 , 1700 , 173.331 , "PKS1034-293 "
165 , "WMAP5 J1038+0510" , 159.695 , 5.20806 , "241.72" , "51.56" , 0.473 , "Blazar Q-type" , 704 , 640 , 1400 , 1500 , 1100 , 1100 , 900 , 158.5651 , "PKS1036+054 "
166 , "WMAP5 J1041+0611" , 160.32125 , 6.17139 , "241.11" , "52.65" , 1.27 , "Blazar Q-type" , 1518 , 1405 , 1200 , 1400 , 1200 , 1100 , "987" , 158.8376 , "4C06.41 "
167 , "WMAP5 J1041-4738" , 160.43458 , -47.66667 , "281.44" , "9.71" , 0 , "Unidentified " , 2480 , 0 , 1100 , 0 , 500 , 0 , "406" , 187.0778 , "PMNJ1041-4740 "
168 , "WMAP5 J1043+2407" , 160.78833 , 24.1425 , "211.58" , "61" , 0.56 , "Blazar B-type" , 328 , 325 , 800 , 800 , 800 , 0 , "650" , 152.3282 , " "
169 , "WMAP5 J1047-1909" , 162.0275 , -19.16 , "266.75" , "34.9" , 0.595 , "Blazar Q-type" , 879 , 1155 , 1300 , 1100 , 1100 , 1200 , "1077" , 170.6081 , "PKS1045-18 "
170 , "WMAP5 J1047+7143" , 162.115 , 71.72639 , "135.44" , "42.28" , 1.15 , "Blazar Q-type" , 1900 , 736 , 1400 , 1400 , 1200 , 1300 , "1166" , 121.8531 , "S51044+719 "
171 , "WMAP5 J1053+8109" , 163.375 , 81.15972 , "128.21" , "34.72" , 0 , "Unidentified " , 0 , 0 , 900 , 900 , 0 , 0 , "692" , 108.063 , " "
172 , "WMAP5 J1058+0134" , 164.62333 , 1.56639 , "251.51" , "52.77" , 0.89 , "Blazar Unknown-type" , 3263 , 3220 , 4600 , 4400 , 4500 , 4400 , 3100 , 164.5246 , "4C01.28 "
173 , "WMAP5 J1059-8003" , 164.68042 , -80.065 , "298" , "-18.29" , 0 , "Blazar Unknown-type" , 2130 , 0 , 2100 , 2300 , 2200 , 2300 , 1400 , 243.8812 , "PKS1057-79 "
174 , "WMAP5 J1102-4403" , 165.52 , -44.07278 , "283" , "14.52" , 0.763 , "Blazar Q-type" , 448 , 0 , 700 , 800 , 800 , 800 , "718" , 188.4612 , "PKS1059-438 "
175 , "WMAP5 J1107-4446" , 166.78583 , -44.81889 , "284.17" , "14.21" , 1.598 , "Blazar Q-type" , 3325 , 0 , 1500 , 1500 , 1200 , 1400 , 900 , 190.0696 , "PKS1104-445 "
176 , "WMAP5 J1118-1233" , 169.57458 , -12.5475 , "270.28" , "44.33" , 1.739 , "Blazar Q-type" , 670 , 776 , 1000 , 900 , 800 , 900 , "807" , 174.8612 , " "
177 , "WMAP5 J1118-4633" , 169.61208 , -46.57083 , "286.73" , "13.35" , 0.713 , "Blazar Q-type" , 1872 , 0 , 1000 , 800 , 700 , 700 , "628" , 193.7516 , "PKS1116-46 "
178 , "WMAP5 J1118+1240" , 169.73875 , 12.57833 , "242.28" , "63.91" , 2.129 , "Blazar Q-type" , 1820 , 1112 , 900 , 900 , 700 , 800 , "718" , 164.8475 , "4C12.39 "
179 , "WMAP5 J1127-1858" , 171.76792 , -18.95472 , "276.72" , "39.58" , 1.05 , "Blazar Q-type" , 1624 , 536 , 1500 , 1500 , 1400 , 1100 , 1300 , 179.6241 , "PKS1124-186 "
180 , "WMAP5 J1130-1451" , 172.52917 , -14.82417 , "275.28" , "43.63" , 1.184 , "Blazar Q-type" , 4209 , 5622 , 1800 , 1700 , 1900 , 1300 , "1166" , 178.5265 , "PKS1127-145 "
181 , "WMAP5 J1130+3814" , 172.72167 , 38.255 , "174.45" , "69.79" , 1.741 , "Blazar Q-type" , 769 , 702 , 1200 , 1000 , 1100 , 800 , 900 , 155.8438 , "S41128+385 "
182 , "WMAP5 J1136-7416" , 174.02792 , -74.26278 , "297.79" , "-12.15" , 0 , "Unidentified " , 603 , 0 , 800 , 700 , 500 , 500 , "448" , 232.3241 , "PKS1133-739 "
183 , "WMAP5 J1146-4842" , 176.37833 , -48.60333 , "291.83" , "12.84" , 0.33 , "Misd. NT-AGN RGal-type" , 1376 , 0 , 700 , 700 , 500 , 800 , "718" , 201.062 , "PKS1143-48 "
184 , "WMAP5 J1146+4001" , 176.7425 , 39.97611 , "164.95" , "71.47" , 1.088 , "Blazar Q-type" , 836 , 331 , 900 , 1000 , 1100 , 400 , "359" , 158.1003 , "S41144+402 "
185 , "WMAP5 J1147-3811" , 176.75542 , -38.20306 , "289.23" , "22.94" , 1.048 , "Blazar B-type" , 1825 , 1804 , 2100 , 2300 , 2200 , 1900 , 1100 , 193.9815 , "PKS1144-379 "
186 , "WMAP5 J1150-7927" , 177.59875 , -79.30722 , "300" , "-16.79" , 0 , "Unidentified " , 38 , 0 , 1200 , 700 , 600 , 600 , "538" , 243.8492 , "PMNJ1147-7936 "
187 , "WMAP5 J1150-0024" , 177.68542 , -0.4 , "272.54" , "58.84" , 1.976 , "Blazar Q-type" , 1756 , 2774 , 800 , 700 , 700 , 0 , "568" , 177.3741 , " "
188 , "WMAP5 J1155+8104" , 178.30208 , 80.97472 , "125.71" , "35.83" , 1.25 , "Blazar Q-type" , 1180 , 1343 , 1200 , 1000 , 900 , 1000 , 1100 , 110.6986 , "S51150+81 "
189 , "WMAP5 J1153+4932" , 178.35167 , 49.51917 , "145.55" , "64.98" , 0.334 , "Blazar Q-type" , 717 , 1572 , 2100 , 2200 , 2200 , 2000 , 1200 , 153.0287 , "4C49.22 "
190 , "WMAP5 J1157+1638" , 179.39583 , 16.65139 , "250.22" , "73.71" , 1.05 , "Unidentified " , 870 , 813 , 800 , 1100 , 800 , 800 , 700 , 172.0073 , "PKS1155+169 "
191 , "WMAP5 J1159+2915" , 179.8825 , 29.24556 , "199.42" , "78.37" , 0.729 , "Blazar Q-type" , 1461 , 2031 , 2000 , 2200 , 2200 , 2000 , 2000 , 166.6514 , "4C29.45 "
192 , "WMAP5 J1203+4808" , 180.87417 , 48.05361 , "143.81" , "67.08" , 0.817 , "Blazar Q-type" , 164 , 0 , 800 , 700 , 600 , 700 , 600 , 156.0343 , "GB6J1203+4803 "
193 , "WMAP5 J1209-2403" , 182.26 , -24.10583 , "290.67" , "37.75" , 1.299 , "Blazar Q-type" , 1073 , 561 , 1300 , 1000 , 900 , 0 , "731" , 191.3846 , "PKSB1206-238 "
194 , "WMAP5 J1215-1729" , 183.945 , -17.52944 , "290.97" , "44.51" , 0 , "Blazar Unknown-type" , 1744 , 1662 , 1400 , 1200 , 1100 , 800 , "718" , 190.0364 , "PKS1213-17 "
195 , "WMAP5 J1218+4830" , 184.77667 , 48.49889 , "137.16" , "67.72" , 1.076 , "Blazar Q-type" , 638 , 619 , 700 , 700 , 700 , 700 , 600 , 158.7216 , "S41216+48 "
196 , "WMAP5 J1219+0549" , 184.84667 , 5.82528 , "281.8" , "67.37" , 0.007 , "Misd. NT-AGN RGal-type" , 9064 , 0 , 2700 , 2200 , 2000 , 1400 , 2000 , 181.4194 , "NGC4261 "
197 , "WMAP5 J1222+0414" , 185.58917 , 4.22111 , "284.8" , "66.06" , 0.967 , "Blazar Q-type" , 1351 , 800 , 700 , 700 , 1000 , 0 , "812" , 182.6861 , " "
198 , "WMAP5 J1223-8306" , 186.22708 , -83.21944 , "302.09" , "-20.4" , 0 , "Blazar Unknown-type" , 797 , 0 , 800 , 900 , 800 , 700 , 800 , 252.9198 , "PKS1221-82 "
199 , "WMAP5 J1229+0203" , 187.27792 , 2.05222 , "289.95" , "64.35" , 0.158 , "Blazar Q-type" , 36923 , 54992 , 20000 , 18400 , 16800 , 14600 , 10500 , 185.1693 , "3C273 "
200 , "WMAP5 J1230+1223" , 187.70583 , 12.39111 , "283.77" , "74.48" , 0.004 , "Misd. NT-AGN RGal-type" , 59027 , 138488 , 19700 , 15500 , 13300 , 9700 , 6200 , 181.3668 , "M87 "
201 , "WMAP5 J1239+0728" , 189.85042 , 7.50417 , "294.1" , "70.16" , 0.4 , "Blazar Unknown-type" , 606 , 567 , 1000 , 1000 , 900 , 1000 , "897" , 185.3752 , " "
202 , "WMAP5 J1246-2547" , 191.69458 , -25.79667 , "301.61" , "37.06" , 0.633 , "Blazar Q-type" , 2317 , 1165 , 1300 , 1400 , 1600 , 1500 , 1400 , 200.4437 , "PKS1244-255 "
203 , "WMAP5 J1248-4600" , 192.11583 , -45.99611 , "302.39" , "16.87" , 0 , "Unidentified " , 893 , 0 , 800 , 800 , 900 , 900 , 1400 , 211.1087 , " "
204 , "WMAP5 J1254+1142" , 193.65958 , 11.68444 , "305.87" , "74.53" , 0.873 , "Blazar Q-type" , 724 , 793 , 900 , 900 , 800 , 0 , "650" , 187.2112 , " "
205 , "WMAP5 J1256-0547" , 194.04583 , -5.78917 , "305.1" , "57.06" , 0.536 , "Blazar Q-type" , 11192 , 9711 , 17100 , 17900 , 18200 , 17000 , 13300 , 194.4752 , "3C279 "
206 , "WMAP5 J1258-3158" , 194.49583 , -31.92083 , "304.55" , "30.92" , 1.924 , "Blazar Q-type" , 1410 , 1144 , 1300 , 1100 , 1100 , 500 , 1600 , 205.6161 , "PKS1255-316 "
207 , "WMAP5 J1258+3226" , 194.64208 , 32.45722 , "107.17" , "84.45" , 0.0233 , "Blazar Q-type" , 57 , 150 , 700 , 600 , 800 , 500 , 500 , 178.0251 , "6CB125533.1+3245"
208 , "WMAP5 J1258-2223" , 194.72667 , -22.32556 , "305.2" , "40.51" , 1.306 , "Blazar Q-type" , 978 , 792 , 1000 , 800 , 800 , 700 , "628" , 201.6236 , "PKS1256-220 "
209 , "WMAP5 J1259+5141" , 194.87792 , 51.685 , "119.92" , "65.39" , 0 , "Unidentified " , 313 , 267 , 600 , 600 , 600 , 900 , 1000 , 163.7898 , " "
210 , "WMAP5 J1302+5748" , 195.71875 , 57.80972 , "119.95" , "59.25" , 0 , "Blazar Unknown-type" , 601 , 321 , 800 , 700 , 500 , 600 , 600 , 157.4964 , " "
211 , "WMAP5 J1305-4930" , 196.36417 , -49.46778 , "305.27" , "13.33" , 0.002 , "FIR Starburst galaxy" , 3055 , 0 , 1100 , 1000 , 800 , 1100 , 1000 , 216.4373 , "NGC4945 "
212 , "WMAP5 J1310+3222" , 197.61917 , 32.34528 , "85.69" , "83.34" , 0.996 , "Blazar B-type" , 1447 , 1687 , 2500 , 2500 , 2300 , 1600 , "1436" , 180.8692 , "1Jy1308+326 "
213 , "WMAP5 J1316-3337" , 199.03292 , -33.64972 , "308.8" , "28.93" , 1.21 , "Blazar Q-type" , 1093 , 1278 , 1700 , 1700 , 1900 , 1900 , 1600 , 210.1108 , "PKS1313-333 "
214 , "WMAP5 J1324-1047" , 201.1075 , -10.82306 , "315.93" , "51.21" , 0.872 , "Blazar Q-type" , 857 , 204 , 800 , 800 , 900 , 1200 , 2100 , 202.8571 , "PKSB1321-105 "
215 , "WMAP5 J1327+2213" , 201.75333 , 22.18056 , "3.37" , "80.52" , 1.4 , "Blazar Q-type" , 647 , 850 , 900 , 800 , 700 , 400 , "359" , 190.2511 , "GB6J1327+2210 "
216 , "WMAP5 J1329+3200" , 202.47 , 31.90306 , "64.95" , "80.37" , 0 , "Blazar B-type" , 518 , 829 , 800 , 600 , 400 , 400 , "359" , 185.3926 , "GB6J1329+3154 "
217 , "WMAP5 J1330+2502" , 202.65667 , 25.15278 , "22.45" , "80.98" , 1.055 , "Misd. NT-AGN QSO-type" , 3289 , 7052 , 1100 , 1000 , 900 , 800 , 700 , 189.651 , "3C287 "
218 , "WMAP5 J1331+3030" , 202.78417 , 30.50889 , "56.51" , "80.67" , 0.849 , "Misd. NT-AGN QSO-type" , 6350 , 14903 , 2200 , 1800 , 1400 , 1200 , "1077" , 186.8019 , "3C286 "
219 , "WMAP5 J1332+0200" , 203.22167 , 2.0125 , "326.24" , "62.99" , 0.216 , "Misd. NT-AGN QSO-type" , 1369 , 478 , 1400 , 1400 , 1300 , 1200 , 1200 , 200.0284 , "3C287.1 "
220 , "WMAP5 J1333+2723" , 203.28083 , 27.42167 , "37.12" , "80.73" , 2.126 , "Blazar Q-type" , 318 , 218 , 800 , 900 , 800 , 700 , "628" , 189.0561 , "GB6J1333+2725 "
221 , "WMAP5 J1336-3358" , 204.17958 , -33.97778 , "313.55" , "27.95" , 0.012 , "Misd. NT-AGN RGal-type" , 1886 , 1344 , 1900 , 1500 , 1200 , 1100 , "987" , 214.5427 , "IC4296 "
222 , "WMAP5 J1337-1257" , 204.41583 , -12.95667 , "320.02" , "48.37" , 0.539 , "Blazar Q-type" , 2838 , 2676 , 5800 , 6000 , 6100 , 5700 , 3900 , 206.6414 , "PKS1335-127 "
223 , "WMAP5 J1344+6601" , 205.94125 , 66.04056 , "114.66" , "50.24" , 0.776 , "Blazar Q-type" , 545 , 214 , 700 , 400 , 500 , 200 , 900 , 150.5807 , "S41342+663 "
224 , "WMAP5 J1347+1218" , 206.88917 , 12.28806 , "347.21" , "70.16" , 0.1217 , "Misd. NT-AGN RGal-type" , 3112 , 5397 , 1000 , 1100 , 900 , 900 , "807" , 199.5614 , "4C+1250 "
225 , "WMAP5 J1354-1041" , 208.69542 , -10.68389 , "327.15" , "49.18" , 0.332 , "Blazar Q-type" , 686 , 768 , 1600 , 1200 , 1200 , 1400 , 700 , 209.7677 , "PKS1352-104 "
226 , "WMAP5 J1356+1919" , 209.26833 , 19.31861 , "8.98" , "73.04" , 0.72 , "Blazar Q-type" , 2618 , 2586 , 1400 , 1600 , 1400 , 1400 , "1256" , 198.7758 , "4C19.44 "
227 , "WMAP5 J1356-1525" , 209.29667 , -15.45806 , "325.42" , "44.52" , 1.89 , "Blazar Q-type" , 841 , 682 , 800 , 900 , 700 , 800 , 900 , 211.8825 , "PKS1354-152 "
228 , "WMAP5 J1355+7647" , 209.48083 , 76.72222 , "118.02" , "39.76" , 0 , "Blazar Unknown-type" , 844 , 647 , 700 , 800 , 400 , 0 , "325" , 124.2926 , "6CB135734.8+7657"
229 , "WMAP5 J1408-0749" , 212.235 , -7.87417 , "333.88" , "50.28" , 1.494 , "Blazar Q-type" , 1080 , 689 , 1100 , 1000 , 1000 , 600 , "538" , 212.0374 , "PKS1406-076 "
230 , "WMAP5 J1411+5217" , 212.83542 , 52.2025 , "97.51" , "60.8" , 0.464 , "Misd. NT-AGN RGal-type" , 7374 , 22720 , 900 , 300 , 0 , 0 , "230" , 178.1476 , "3C295 "
231 , "WMAP5 J1415+1322" , 213.99875 , 13.3375 , "2.2" , "65.9" , 0.247 , "Blazar Unknown-type" , 846 , 1092 , 900 , 1000 , 800 , 1100 , 800 , 206.023 , " "
232 , "WMAP5 J1419+3822" , 214.94417 , 38.36333 , "69.79" , "68.37" , 1.831 , "Blazar Q-type" , 651 , 612 , 1100 , 1200 , 1100 , 1300 , "1166" , 193.6612 , "B31417+385 "
233 , "WMAP5 J1419+5425" , 214.94417 , 54.38722 , "98.29" , "58.31" , 0.153 , "Blazar B-type" , 1350 , 788 , 800 , 800 , 800 , 1300 , "1166" , 177.0974 , "1Jy1418+546 "
234 , "WMAP5 J1420+2704" , 214.99708 , 27.10694 , "37.96" , "70.32" , 0.536 , "Blazar Q-type" , 415 , 244 , 900 , 1100 , 1000 , 800 , 1000 , 200.8444 , "GB6J1419+2706 "
235 , "WMAP5 J1427-3302" , 216.9225 , -33.09194 , "325.18" , "25.58" , 0 , "Unidentified " , 352 , 161 , 1000 , 1400 , 1700 , 1500 , "1346" , 224.6314 , "PKS1424-328 "
236 , "WMAP5 J1427-4206" , 216.98458 , -42.10528 , "321.44" , "17.26" , 1.522 , "Blazar Q-type" , 2597 , 0 , 3100 , 2900 , 2800 , 2700 , 1900 , 228.0627 , "PKS1424-41 "
237 , "WMAP5 J1437+6337" , 219.19375 , 63.6125 , "105.17" , "49.72" , 2.068 , "Blazar Q-type" , 757 , 951 , 500 , 0 , 0 , 700 , "628" , 163.3182 , " "
238 , "WMAP5 J1442+5155" , 220.76125 , 52.02694 , "90.52" , "57.5" , 0.141 , "Misd. NT-AGN QSO-type" , 1070 , 2543 , 800 , 900 , 800 , 900 , 1000 , 186.132 , "3C303 "
239 , "WMAP5 J1446-1621" , 221.73125 , -16.35556 , "339.09" , "38.27" , 0 , "Unidentified " , 0 , 0 , 1000 , 1000 , 800 , 900 , "807" , 223.5697 , " "
240 , "WMAP5 J1457-3536" , 224.35375 , -35.64667 , "329.89" , "20.54" , 1.424 , "Blazar Q-type" , 566 , 675 , 800 , 900 , 1000 , 900 , 1000 , 231.6219 , " "
241 , "WMAP5 J1458+7140" , 224.78167 , 71.67194 , "109.98" , "42.09" , 0.905 , "Misd. NT-AGN QSO-type" , 3567 , 7469 , 1300 , 1200 , 900 , 0 , 600 , 141.2624 , "3C309.1 "
242 , "WMAP5 J1504+1030" , 226.10375 , 10.49389 , "11.37" , "54.58" , 1.839 , "Blazar Q-type" , 2325 , 1774 , 1600 , 1500 , 1300 , 800 , "718" , 219.6007 , "PKS1502+106 "
243 , "WMAP5 J1506-1644" , 226.77 , -16.875 , "343.64" , "35.05" , 0.876 , "Blazar Q-type" , 2840 , 2711 , 1400 , 1300 , 1000 , 800 , "718" , 228.2752 , "PKS1504-167 "
244 , "WMAP5 J1510-0546" , 227.72292 , -5.71861 , "353.9" , "42.93" , 1.185 , "Blazar Q-type" , 1742 , 3569 , 1100 , 1100 , 1100 , 800 , "718" , 226.1455 , "4C-05.64 "
245 , "WMAP5 J1512-0904" , 228.21042 , -9.1 , "351.28" , "40.13" , 0.36 , "Blazar Q-type" , 3080 , 2701 , 1800 , 1700 , 1900 , 1900 , 1600 , 227.5745 , "PKS1510-08 "
246 , "WMAP5 J1513-1000" , 228.43708 , -10.2 , "350.54" , "39.17" , 1.513 , "Blazar Q-type" , 1220 , 875 , 1300 , 1000 , 900 , 1300 , "1166" , 228.0764 , "PKS1511-10 "
247 , "WMAP5 J1516+0014" , 229.1675 , 0.25056 , "1.38" , "45.98" , 0.052 , "Misd. NT-AGN RGal-type" , 1641 , 923 , 1600 , 1800 , 1700 , 1500 , 700 , 225.9405 , "4C00.56 "
248 , "WMAP5 J1517-2421" , 229.42417 , -24.37194 , "340.68" , "27.57" , 0.049 , "Blazar B-type" , 2013 , 2042 , 2000 , 2100 , 2100 , 2000 , 2300 , 232.7486 , "APLIB "
249 , "WMAP5 J1540+1447" , 235.20625 , 14.79611 , "24.32" , "48.79" , 0.605 , "Blazar B-type" , 1210 , 1387 , 1000 , 800 , 800 , 800 , "718" , 227.9896 , "4C14.60 "
250 , "WMAP5 J1549+5036" , 237.32292 , 50.635 , "80.24" , "49.06" , 2.175 , "Blazar Q-type" , 731 , 630 , 900 , 800 , 1000 , 700 , 600 , 207.3758 , "S41547+507 "
251 , "WMAP5 J1549+0236" , 237.3725 , 2.61694 , "10.84" , "40.9" , 0.414 , "Blazar Q-type" , 1078 , 836 , 2700 , 2900 , 2400 , 2100 , 2200 , 233.765 , "PKS1546+027 "
252 , "WMAP5 J1550+0526" , 237.64708 , 5.45278 , "14.21" , "42.23" , 1.422 , "Blazar Q-type" , 1766 , 2303 , 2500 , 2100 , 1900 , 2000 , 1400 , 233.3421 , "4C05.64 "
253 , "WMAP5 J1602+3329" , 240.53 , 33.44806 , "53.73" , "48.71" , 1.1 , "Blazar Unknown-type" , 1656 , 2991 , 900 , 800 , 800 , 500 , 800 , 226.6882 , "4C33.38 "
254 , "WMAP5 J1604+5718" , 241.15583 , 57.24222 , "88.27" , "44.73" , 0.72 , "Blazar Q-type" , 329 , 496 , 700 , 700 , 800 , 500 , 600 , 200.1092 , " "
255 , "WMAP5 J1608+1027" , 242.19208 , 10.48528 , "23.02" , "40.78" , 1.226 , "Blazar Q-type" , 1412 , 1392 , 2000 , 2000 , 1900 , 1500 , 1100 , 237.0328 , "4C10.45 "
256 , "WMAP5 J1613+3412" , 243.42083 , 34.21306 , "55.14" , "46.37" , 1.397 , "Blazar Q-type" , 2324 , 4024 , 4100 , 3700 , 3400 , 2800 , 1800 , 230.1801 , "OS319 "
257 , "WMAP5 J1618-7716" , 244.45542 , -77.28833 , "313.43" , "-18.86" , 1.71 , "Blazar Q-type" , 3350 , 0 , 2400 , 2100 , 1900 , 1500 , 900 , 259.8661 , "PKS1610-77 "
258 , "WMAP5 J1623-6817" , 246.06958 , -68.15472 , "320.74" , "-13" , 1.354 , "Blazar Q-type" , 2123 , 0 , 700 , 600 , 600 , 0 , "487" , 256.7436 , " "
259 , "WMAP5 J1626+4127" , 246.48958 , 41.57639 , "65.74" , "44.21" , 2.55 , "Blazar Q-type" , 1253 , 1677 , 900 , 800 , 700 , 700 , "628" , 230.2684 , " "
260 , "WMAP5 J1633+8226" , 248.10875 , 82.53889 , "115.76" , "31.19" , 0.0247 , "Misd. NT-AGN RGal-type" , 1460 , 801 , 1300 , 1500 , 1500 , 1200 , 700 , 99.049 , "NGC6251 "
261 , "WMAP5 J1635+3807" , 248.81417 , 38.13444 , "61.08" , "42.33" , 1.813 , "Blazar Q-type" , 3221 , 2726 , 3900 , 4300 , 4200 , 3800 , 3100 , 235.6696 , "4C38.41 "
262 , "WMAP5 J1637+4713" , 249.43792 , 47.2925 , "73.43" , "41.87" , 0.74 , "Blazar Q-type" , 1244 , 1062 , 900 , 1000 , 1000 , 900 , "807" , 229.8922 , "4C47.44 "
263 , "WMAP5 J1638+5722" , 249.55583 , 57.34 , "86.63" , "40.36" , 0.75 , "Blazar Q-type" , 1750 , 1199 , 1300 , 1300 , 1400 , 1700 , 1000 , 213.5867 , "S41637+574 "
264 , "WMAP5 J1642+6854" , 250.5325 , 68.94389 , "100.7" , "36.62" , 0.751 , "Blazar Q-type" , 1527 , 1720 , 1400 , 1500 , 1500 , 1700 , 1200 , 152.6812 , "4C69.21 "
265 , "WMAP5 J1642+3948" , 250.74458 , 39.81028 , "63.45" , "40.95" , 0.593 , "Blazar Q-type" , 8719 , 7099 , 6500 , 6000 , 5500 , 4900 , 3900 , 237.607 , "3C345 "
266 , "WMAP5 J1637-7714" , 251.06708 , -77.26333 , "314.43" , "-19.97" , 0.043 , "Misd. NT-AGN RGal-type" , 2268 , 0 , 1400 , 900 , 800 , 700 , "628" , 261.6691 , "PKS1637-77 "
267 , "WMAP5 J1651+0458" , 252.78375 , 4.9925 , "23.04" , "28.94" , 0.154 , "Misd. NT-AGN RGal-type" , 11376 , 8482 , 1600 , 1100 , 1000 , 700 , "628" , 249.9261 , "HerA "
268 , "WMAP5 J1654+3939" , 253.4675 , 39.76 , "63.59" , "38.86" , 0.034 , "Blazar B-type" , 1375 , 1558 , 1200 , 1200 , 900 , 500 , "448" , 242.0528 , "MKR501 "
269 , "WMAP5 J1657+5706" , 254.33625 , 57.09806 , "85.73" , "37.85" , 1.281 , "Blazar Q-type" , 764 , 940 , 500 , 600 , 600 , 700 , 800 , 223.9195 , "4C57.28 "
270 , "WMAP5 J1657+4754" , 254.4775 , 47.82083 , "73.95" , "38.46" , 0 , "Blazar Q-type" , 0 , 0 , 1100 , 900 , 700 , 0 , "568" , 237.9783 , "S41656+47 "
271 , "WMAP5 J1658+0742" , 254.53708 , 7.69111 , "26.69" , "28.65" , 0.621 , "Blazar Q-type" , 1108 , 1413 , 1400 , 1500 , 1400 , 1600 , 1600 , 251.4858 , "PKS1655+077 "
272 , "WMAP5 J1658+0513" , 254.63667 , 5.25417 , "24.29" , "27.44" , 0.879 , "Blazar Q-type" , 1382 , 1534 , 800 , 600 , 500 , 400 , "359" , 252.042 , " "
273 , "WMAP5 J1659+6827" , 255.03875 , 68.50167 , "99.56" , "35.2" , 0.301 , "Blazar Q-type" , 380 , 346 , 200 , 500 , 600 , 700 , 600 , 154.1365 , "GB6J1700+6830 "
274 , "WMAP5 J1703-6214" , 255.90208 , -62.21111 , "328.11" , "-12.44" , 0 , "Blazar Q-type" , 616 , 0 , 1700 , 1700 , 1700 , 1400 , "1256" , 260.8843 , "PMNJ1703-6212 "
275 , "WMAP5 J1707+0148" , 256.89333 , 1.8125 , "22.13" , "23.82" , 2.568 , "Blazar Q-type" , 463 , 464 , 800 , 900 , 700 , 800 , "718" , 254.8825 , "PKS1705+018 "
276 , "WMAP5 J1715+6839" , 259.05792 , 68.61056 , "99.27" , "33.75" , 0.777 , "Blazar Q-type" , 838 , 489 , 600 , 600 , 600 , 0 , 700 , 147.6799 , "S41716+68 "
277 , "WMAP5 J1724-6500" , 260.92125 , -65.01 , "326.96" , "-15.84" , 0.014 , "Misd. NT-AGN RGal-type" , 4373 , 0 , 2300 , 2000 , 1600 , 1100 , 1200 , 264.2222 , "NGC6328 "
278 , "WMAP5 J1727+4530" , 261.865 , 45.51083 , "71.43" , "33.28" , 0.717 , "Blazar Q-type" , 935 , 914 , 900 , 1000 , 800 , 1200 , 1100 , 253.5702 , "S41726+45 "
279 , "WMAP5 J1736-7934" , 263.41958 , -79.59861 , "313.61" , "-23.27" , 0.876 , "Blazar Q-type" , 419 , 0 , 1000 , 1100 , 1200 , 900 , "807" , 267.3712 , "PKS1725-795 "
280 , "WMAP5 J1734+3857" , 263.58583 , 38.96417 , "64.02" , "31" , 0.97 , "Blazar Q-type" , 557 , 797 , 1200 , 1300 , 1200 , 1300 , "1166" , 258.5516 , "1Jy1732+389 "
281 , "WMAP5 J1738+5015" , 264.60875 , 50.25028 , "77.24" , "31.92" , 0 , "Unidentified " , 0 , 0 , 800 , 500 , 600 , 500 , "448" , 257.1146 , " "
282 , "WMAP5 J1740+4740" , 264.98792 , 47.63278 , "74.22" , "31.39" , 0 , "Blazar B-type" , 818 , 759 , 800 , 800 , 900 , 800 , "718" , 259.0508 , "S41738+476 "
283 , "WMAP5 J1740+5212" , 265.15375 , 52.19528 , "79.56" , "31.74" , 1.375 , "Blazar Q-type" , 1699 , 807 , 1200 , 1200 , 1300 , 1200 , 800 , 257.3872 , "4C51.37 "
284 , "WMAP5 J1748+7006" , 267.13667 , 70.0975 , "100.52" , "30.72" , 0.77 , "Blazar B-type" , 715 , 735 , 600 , 700 , 800 , 1000 , 700 , 104.0203 , "1Jy1749+701 "
285 , "WMAP5 J1753+4408" , 268.34458 , 44.16278 , "70.69" , "28.53" , 0.871 , "Blazar Q-type" , 1000 , 766 , 700 , 600 , 800 , 0 , 1100 , 266.2001 , "S41751+441 "
286 , "WMAP5 J1753+2848" , 268.42667 , 28.80111 , "54.13" , "24.46" , 1.118 , "Blazar Q-type" , 511 , 415 , 2100 , 1900 , 2100 , 2200 , 1600 , 266.9988 , "GB6J1753+2847 "
287 , "WMAP5 J1758+6632" , 269.63917 , 66.63278 , "96.46" , "29.95" , 0 , "Planetary Nebulae" , 875 , 772 , 600 , 600 , 600 , 400 , "359" , 182.3574 , "NGC6543 "
288 , "WMAP5 J1759+3852" , 270.10292 , 38.80833 , "65.16" , "26.03" , 2.092 , "Blazar Q-type" , 735 , 326 , 900 , 800 , 700 , 0 , "568" , 269.2371 , "S41758+3 "
289 , "WMAP5 J1800+7827" , 270.19042 , 78.46778 , "110.03" , "29.06" , 0.68 , "Blazar B-type" , 2620 , 2223 , 1800 , 1700 , 1600 , 1500 , 900 , 89.1886 , "S51803+784 "
290 , "WMAP5 J1801+4404" , 270.38417 , 44.07278 , "70.94" , "27.08" , 0.663 , "Blazar Q-type" , 1193 , 727 , 1200 , 1400 , 1600 , 1500 , 1100 , 270.0303 , "1Jy1800+440 "
291 , "WMAP5 J1803-6507" , 270.84792 , -65.12667 , "328.82" , "-19.63" , 0 , "Blazar Unknown-type" , 780 , 0 , 1200 , 1100 , 1300 , 1100 , 900 , 269.724 , "PKS1758-651 "
292 , "WMAP5 J1806+6949" , 271.71 , 69.82444 , "100.13" , "29.16" , 0.051 , "Blazar B-type" , 2122 , 1887 , 1400 , 1400 , 1200 , 1400 , 1200 , 79.1431 , "3C371 "
293 , "WMAP5 J1808+5658" , 272.15417 , 56.93667 , "85.47" , "28.18" , 0 , "Unidentified " , 21 , 0 , 600 , 700 , 800 , 700 , "628" , 276.2836 , " "
294 , "WMAP5 J1820-6343" , 274.89583 , -63.76333 , "330.85" , "-20.77" , 0.063 , "Misd. NT-AGN RGal-type" , 4506 , 0 , 1700 , 1500 , 1200 , 1200 , 1200 , 272.2104 , "PKS1814-63 "
295 , "WMAP5 J1819-5521" , 274.93917 , -55.35556 , "339.18" , "-17.79" , 0 , "Blazar Q-type" , 1124 , 0 , 900 , 500 , 600 , 0 , "487" , 272.6418 , "PKS1815-553 "
296 , "WMAP5 J1824+5650" , 276.02958 , 56.85028 , "85.73" , "26.08" , 0.664 , "Blazar B-type" , 1263 , 1412 , 1500 , 1300 , 1300 , 1400 , 800 , 288.4246 , "4C56.27 "
297 , "WMAP5 J1825+6737" , 276.40792 , 67.625 , "97.72" , "27.37" , 0 , "Unidentified " , 0 , 0 , 0 , 0 , 300 , 600 , 600 , 25.4578 , " "
298 , "WMAP5 J1829+4845" , 277.3825 , 48.74611 , "77.22" , "23.5" , 0.692 , "Misd. NT-AGN QSO-type" , 5519 , 13753 , 2800 , 2800 , 2600 , 2000 , 1300 , 285.1317 , "3C380.0 "
299 , "WMAP5 J1832+6844" , 278.1525 , 68.8025 , "99.11" , "26.84" , 0.205 , "Unidentified " , 72 , 150 , 0 , 0 , 400 , 700 , 700 , 38.0895 , "2MASXJ18323551+6"
300 , "WMAP5 J1834-5854" , 278.61708 , -58.94306 , "336.34" , "-20.9" , 0 , "Blazar B-type" , 399 , 0 , 1100 , 1100 , 1200 , 900 , "807" , 274.7472 , " "
301 , "WMAP5 J1835+3245" , 278.75875 , 32.69722 , "61.3" , "17.45" , 0.058 , "Misd. NT-AGN RGal-type" , 2281 , 113 , 800 , 800 , 700 , 500 , 700 , 282.482 , "3C382.0 "
302 , "WMAP5 J1837-7106" , 279.36958 , -71.14528 , "323.68" , "-24.46" , 1.356 , "Blazar Q-type" , 2294 , 0 , 1900 , 1700 , 1500 , 1200 , "1077" , 273.7921 , "PKS1831-711 "
303 , "WMAP5 J1840+7946" , 280.5375 , 79.77139 , "111.43" , "27.07" , 0.056 , "Misd. NT-AGN QSO-type" , 4380 , 834 , 1300 , 900 , 700 , 0 , "568" , 81.5498 , "3C390.3 "
304 , "WMAP5 J1842+6808" , 280.64 , 68.15667 , "98.52" , "25.85" , 0.472 , "Blazar Q-type" , 925 , 798 , 1100 , 1200 , 1200 , 1000 , 600 , 25.1993 , "S41842+68 "
305 , "WMAP5 J1848+3223" , 282.09208 , 32.31722 , "62.04" , "14.7" , 0.798 , "Blazar Q-type" , 762 , 516 , 700 , 800 , 500 , 0 , "406" , 287.4179 , "B21846+32A "
306 , "WMAP5 J1849+6705" , 282.31625 , 67.09444 , "97.49" , "25.04" , 0.657 , "Blazar Q-type" , 845 , 518 , 1200 , 1400 , 1400 , 1200 , 1400 , 11.2144 , "4C66.20 "
307 , "WMAP5 J1850+2823" , 282.61458 , 28.42 , "58.55" , "12.73" , 2.56 , "Blazar Q-type" , 1013 , 230 , 1500 , 1100 , 900 , 600 , "538" , 287.2053 , "S21848+28 "
308 , "WMAP5 J1902+3153" , 285.73292 , 31.995 , "63.02" , "11.75" , 0.635 , "Blazar Q-type" , 1863 , 3204 , 1300 , 1100 , 800 , 400 , "359" , 292.3973 , "3C395 "
309 , "WMAP5 J1915-8000" , 288.16667 , -80.16806 , "313.99" , "-27.61" , 1.756 , "Blazar Q-type" , 166 , 0 , 700 , 400 , 500 , 0 , "406" , 275.2439 , "PKS1903-80 "
310 , "WMAP5 J1923-2105" , 290.88417 , -21.07583 , "17.17" , "-16.26" , 0.874 , "Blazar Q-type" , 2885 , 3167 , 2300 , 2500 , 2500 , 2600 , 2000 , 288.7244 , "PMNJ1923-2104 "
311 , "WMAP5 J1924-2914" , 291.21458 , -29.24167 , "9.34" , "-19.61" , 0.352 , "Blazar Q-type" , 14332 , 13387 , 12300 , 12000 , 11400 , 10900 , 7600 , 287.8589 , "OV-236 "
312 , "WMAP5 J1927+6119" , 291.87667 , 61.29222 , "92.72" , "19.44" , 0 , "Blazar B-type" , 558 , 534 , 1000 , 1000 , 1000 , 700 , 600 , 340.9398 , "S41926+611 "
313 , "WMAP5 J1927+7357" , 291.95208 , 73.96694 , "105.62" , "23.54" , 0.302 , "Blazar Q-type" , 3626 , 3950 , 3500 , 3200 , 2800 , 2700 , 1300 , 54.2846 , "4C73.18 "
314 , "WMAP5 J1937-3957" , 294.31792 , -39.96694 , "359.16" , "-25.37" , 0.965 , "Blazar Q-type" , 1129 , 1002 , 1000 , 1300 , 1300 , 1400 , "1256" , 288.6739 , "PKS1933-400 "
315 , "WMAP5 J1938-6344" , 294.85417 , -63.7125 , "332.74" , "-29.4" , 0.183 , "Blazar Unknown-type" , 5910 , 0 , 900 , 700 , 600 , 0 , "487" , 283.5178 , "PKS1934-63 "
316 , "WMAP5 J1939-1525" , 294.86 , -15.43083 , "24.16" , "-17.44" , 1.657 , "Blazar Q-type" , 800 , 608 , 1000 , 1000 , 1000 , 600 , "538" , 293.3374 , " "
317 , "WMAP5 J1951+6749" , 297.75458 , 67.72111 , "100.04" , "19.58" , 0 , "Unidentified " , 19 , 0 , 700 , 900 , 700 , 700 , 700 , 18.8005 , " "
318 , "WMAP5 J1952+0233" , 298.06583 , 2.50667 , "42.26" , "-12.32" , 0.059 , "Misd. NT-AGN RGal-type" , 2026 , 2469 , 800 , 600 , 600 , 900 , "807" , 300.0375 , "3C403.0 "
319 , "WMAP5 J1955+5139" , 298.92792 , 51.53028 , "85.29" , "11.75" , 1.22 , "Blazar Q-type" , 1675 , 1588 , 800 , 900 , 800 , 0 , "650" , 327.5202 , "S41954+513 "
320 , "WMAP5 J1958-3845" , 299.49958 , -38.75167 , "1.57" , "-28.96" , 0.63 , "Blazar Q-type" , 1944 , 1493 , 3400 , 3500 , 3100 , 2700 , 1900 , 293.0837 , "PKS1954-388 "
321 , "WMAP5 J2000-1749" , 300.23792 , -17.81583 , "24.01" , "-23.12" , 0.65 , "Blazar Q-type" , 2700 , 550 , 2000 , 1900 , 1800 , 1800 , 2000 , 297.9857 , "PKS1958-179 "
322 , "WMAP5 J2005+7755" , 301.38 , 77.87861 , "110.46" , "22.73" , 0.342 , "Blazar B-type" , 1260 , 1060 , 800 , 700 , 800 , 800 , 900 , 63.4423 , "S52007+777 "
323 , "WMAP5 J2008+6612" , 301.86625 , 66.1225 , "99.28" , "17.43" , 1.325 , "Blazar Q-type" , 749 , 509 , 700 , 500 , 500 , 600 , "538" , 12.5325 , " "
324 , "WMAP5 J2010+7231" , 302.46875 , 72.48861 , "105.35" , "20.18" , 0 , "Blazar B-type" , 907 , 953 , 700 , 600 , 1000 , 1000 , 700 , 41.6527 , "4C72.28 "
325 , "WMAP5 J2011-1547" , 302.81542 , -15.77778 , "27.11" , "-24.61" , 1.18 , "Blazar Q-type" , 949 , 546 , 1600 , 1500 , 1500 , 1200 , "1077" , 300.8406 , "PKS2008-159 "
326 , "WMAP5 J2022+6136" , 305.52792 , 61.61611 , "96.08" , "13.77" , 0.227 , "Misd. NT-AGN RGal-type" , 2743 , 2093 , 1600 , 1400 , 1200 , 700 , "628" , 358.3539 , "S42021+61 "
327 , "WMAP5 J2023+5426" , 305.97833 , 54.45944 , "90.09" , "9.66" , 0 , "Unidentified " , 1091 , 1069 , 700 , 900 , 800 , 800 , "718" , 341.6782 , " "
328 , "WMAP5 J2024+1712" , 306.23458 , 17.30222 , "59.45" , "-11.63" , 1.05 , "Unidentified " , 578 , 279 , 900 , 1000 , 900 , 800 , 800 , 312.9705 , "MG1 J202458+1717"
329 , "WMAP5 J2035+1055" , 308.84292 , 10.93528 , "55.39" , "-17.24" , 0.601 , "Blazar Q-type" , 759 , 1074 , 600 , 1100 , 700 , 900 , 1000 , 313.8129 , "PKS2032+107 "
330 , "WMAP5 J2034-6845" , 308.95333 , -68.77583 , "326.17" , "-34.53" , 1.084 , "Blazar Q-type" , 648 , 0 , 700 , 800 , 800 , 800 , "718" , 289.0843 , "PKS2030-689 "
331 , "WMAP5 J2056-4716" , 314.06833 , -47.24639 , "352.59" , "-40.39" , 1.489 , "Blazar Q-type" , 2026 , 0 , 2200 , 2500 , 2400 , 2200 , 1700 , 301.8305 , "PKS2052-47 "
332 , "WMAP5 J2101+0344" , 315.41167 , 3.68528 , "52.68" , "-26.66" , 1.012 , "Blazar Q-type" , 1362 , 626 , 1200 , 1100 , 1000 , 1000 , 900 , 318.3467 , " "
333 , "WMAP5 J2109+3537" , 317.38292 , 35.54917 , "80.28" , "-8.36" , 0.2023 , "Blazar Q-type" , 1208 , 1196 , 900 , 700 , 600 , 800 , "718" , 334.7887 , "*B22107+35A "
334 , "WMAP5 J2109-4113" , 317.38792 , -41.17222 , "0.67" , "-42.84" , 1.058 , "Blazar Q-type" , 2076 , 0 , 1500 , 1600 , 1200 , 1100 , 1000 , 306.4904 , "PKS2106-413 "
335 , "WMAP5 J2123+0536" , 320.93542 , 5.58944 , "58" , "-30.13" , 1.878 , "Blazar Q-type" , 1930 , 794 , 2200 , 1800 , 1800 , 1300 , "1166" , 324.5162 , "PKS2121+053 "
336 , "WMAP5 J2124+2507" , 320.93792 , 25.07028 , "74.47" , "-17.7" , 0.1016 , "Unidentified " , 3567 , 1154 , 800 , 600 , 400 , 500 , "448" , 332.6562 , "3C433 "
337 , "WMAP5 J2131-1207" , 322.89667 , -12.11833 , "40.53" , "-40.96" , 0.501 , "Blazar Q-type" , 2989 , 1770 , 2700 , 2400 , 2400 , 1700 , 1600 , 320.5949 , "PKS2128-12 "
338 , "WMAP5 J2134-0154" , 323.54292 , -1.88806 , "52.39" , "-36.51" , 1.285 , "Blazar B-type" , 1308 , 1690 , 2000 , 1900 , 1700 , 1600 , 1500 , 324.5245 , "4C-02.81 "
339 , "WMAP5 J2136+0041" , 324.16083 , 0.69833 , "55.47" , "-35.58" , 1.932 , "Blazar Q-type" , 8416 , 3473 , 4400 , 3500 , 3000 , 1400 , 1400 , 326.0052 , "PKS2134+004 "
340 , "WMAP5 J2139+1425" , 324.75542 , 14.39306 , "68.53" , "-27.54" , 2.427 , "Blazar Q-type" , 1073 , 1132 , 2200 , 2000 , 1900 , 1300 , 1000 , 331.7668 , "PKS2136+141 "
341 , "WMAP5 J2143+1741" , 325.89792 , 17.73028 , "72.11" , "-26.09" , 0.211 , "Blazar Q-type" , 1006 , 651 , 1200 , 1300 , 1000 , 800 , "718" , 334.1893 , "S32141+17 "
342 , "WMAP5 J2148-7758" , 326.625 , -77.93167 , "313.56" , "-35.08" , 0.334 , "Blazar Q-type" , 508 , 0 , 1600 , 1400 , 1200 , 700 , "628" , 288.8677 , "PKS2141-781 "
343 , "WMAP5 J2148+0657" , 327.0225 , 6.96083 , "63.65" , "-34.08" , 0.99 , "Blazar Q-type" , 4949 , 2589 , 8000 , 7700 , 7500 , 6500 , 5300 , 331.0506 , "4C06.69 "
344 , "WMAP5 J2151-3027" , 327.98125 , -30.46472 , "17.07" , "-50.79" , 2.345 , "Blazar Q-type" , 1336 , 1243 , 1300 , 1400 , 1400 , 1600 , "1436" , 318.9172 , "PKS2149-307 "
345 , "WMAP5 J2157-6942" , 329.275 , -69.69 , "321.31" , "-40.65" , 0.028 , "Misd. NT-AGN QSO-type" , 11649 , 0 , 3600 , 2900 , 2600 , 2100 , 1500 , 298.3969 , "PKS2153-69 "
346 , "WMAP5 J2158-1501" , 329.52583 , -15.01917 , "40.64" , "-48.03" , 0.672 , "Blazar Q-type" , 3091 , 3021 , 2100 , 1800 , 1800 , 1400 , 600 , 325.7273 , "PKS2155-152 "
347 , "WMAP5 J2202+4217" , 330.68 , 42.27778 , "92.58" , "-10.44" , 0.069 , "Blazar B-type" , 2940 , 6051 , 3400 , 3500 , 3600 , 3300 , "2961" , 353.6058 , "BLLAC "
348 , "WMAP5 J2203+3146" , 330.8125 , 31.76056 , "85.95" , "-18.78" , 0.295 , "Blazar Q-type" , 2806 , 2879 , 2700 , 2400 , 2100 , 1700 , 1600 , 346.3571 , "4C31.63 "
349 , "WMAP5 J2203+1723" , 330.86167 , 17.43 , "75.67" , "-29.64" , 1.075 , "Blazar Q-type" , 834 , 592 , 1500 , 1600 , 1600 , 1500 , "1346" , 339.0557 , "PKS2201+171 "
350 , "WMAP5 J2206-1838" , 331.54292 , -18.59417 , "36.66" , "-51.17" , 0.619 , "Blazar Q-type" , 4271 , 6398 , 1800 , 1600 , 1200 , 1100 , "987" , 326.294 , "PKS2203-18 "
351 , "WMAP5 J2207-5348" , 331.93208 , -53.77611 , "339.89" , "-49.93" , 1.206 , "Blazar Q-type" , 1410 , 0 , 1000 , 800 , 700 , 400 , "359" , 311.3436 , "PKS2204-54 "
352 , "WMAP5 J2211+2352" , 333.025 , 23.92778 , "82.24" , "-26.09" , 1.125 , "Blazar Q-type" , 1123 , 557 , 1300 , 1500 , 1400 , 1000 , 1100 , 344.1125 , "PKS2209+236 "
353 , "WMAP5 J2212-2524" , 333.26125 , -25.49222 , "26.4" , "-54.62" , 1.833 , "Blazar Q-type" , 823 , 1210 , 900 , 700 , 600 , 800 , "718" , 325.3205 , " "
354 , "WMAP5 J2218-0335" , 334.71667 , -3.59361 , "59.04" , "-46.65" , 0.901 , "Blazar Q-type" , 2717 , 2218 , 2300 , 2000 , 1900 , 1600 , "1436" , 334.5587 , "4C-03.79 "
355 , "WMAP5 J2225+2119" , 336.40667 , 21.30472 , "83.16" , "-30.09" , 1.959 , "Blazar Q-type" , 1024 , 1837 , 800 , 1000 , 900 , 600 , 600 , 346.2879 , " "
356 , "WMAP5 J2225-0455" , 336.44667 , -4.95028 , "58.96" , "-48.85" , 1.404 , "Blazar Q-type" , 6382 , 7411 , 5200 , 4900 , 4300 , 4100 , 3600 , 335.6762 , "3C446 "
357 , "WMAP5 J2229-0833" , 337.41667 , -8.54833 , "55.22" , "-51.71" , 1.559 , "Blazar Q-type" , 2423 , 968 , 1900 , 2300 , 2200 , 2900 , 2100 , 335.2531 , "PKS2227-08 "
358 , "WMAP5 J2229-2050" , 337.45083 , -20.82389 , "36.2" , "-57.15" , 0 , "Planetary Nebulae" , 326 , 0 , 900 , 800 , 900 , 1000 , 1000 , 330.7096 , "PMNJ2229-2049 "
359 , "WMAP5 J2232+1144" , 338.15167 , 11.73056 , "77.43" , "-38.59" , 1.037 , "Blazar Q-type" , 3967 , 7202 , 3400 , 4000 , 4100 , 4500 , 4000 , 343.7285 , "4C-11.69 "
360 , "WMAP5 J2235-4834" , 338.805 , -48.59944 , "344.49" , "-56.07" , 0.51 , "Blazar Q-type" , 1104 , 0 , 2000 , 2200 , 2100 , 2000 , 1600 , 319.2888 , "PKS2232-488 "
361 , "WMAP5 J2236+2824" , 339.09333 , 28.48278 , "90.11" , "-25.65" , 0.795 , "Blazar Q-type" , 1625 , 1103 , 1100 , 1200 , 1200 , 1200 , "1077" , 352.4613 , "B22234+28A "
362 , "WMAP5 J2239-5701" , 339.80042 , -57.01667 , "331.8" , "-52.06" , 0 , "Unidentified " , 1063 , 0 , 1200 , 1400 , 1100 , 900 , 1500 , 314.6207 , "PKS2236-572 "
363 , "WMAP5 J2246-1208" , 341.57583 , -12.11444 , "53.86" , "-57.08" , 0.632 , "Blazar Q-type" , 2661 , 1882 , 1800 , 1800 , 1700 , 1200 , "1077" , 337.6877 , "PKS2243-123 "
364 , "WMAP5 J2254+1608" , 343.49042 , 16.14806 , "86.11" , "-38.19" , 0.859 , "Blazar Q-type" , 14468 , 12657 , 7400 , 7500 , 7500 , 7600 , 7200 , 350.6819 , "3C454.3 "
365 , "WMAP5 J2255+4201" , 343.90292 , 42.0475 , "100.98" , "-15.84" , 1.476 , "Blazar Q-type" , 1084 , 1895 , 1000 , 700 , 600 , 0 , "487" , 5.5222 , "S42253+41 "
366 , "WMAP5 J2256-2014" , 344.17125 , -20.19472 , "41.54" , "-62.9" , 0 , "Blazar B-type" , 454 , 345 , 800 , 700 , 800 , 500 , "448" , 336.8377 , "PKS2254-204 "
367 , "WMAP5 J2258-2757" , 344.52458 , -27.97194 , "24.39" , "-64.93" , 0.926 , "Blazar Q-type" , 2127 , 1249 , 5200 , 5200 , 5000 , 4400 , 3600 , 333.9858 , "PKS2255-282 "
368 , "WMAP5 J2302-6808" , 345.92667 , -68.12972 , "316.97" , "-45.96" , 0.512 , "Blazar Q-type" , 433 , 0 , 600 , 500 , 500 , 0 , "406" , 307.7894 , " "
369 , "WMAP5 J2315-5018" , 348.93458 , -50.31083 , "334.67" , "-60.51" , 0 , "Unidentified " , 341 , 0 , 1100 , 1100 , 900 , 900 , "807" , 325.5749 , "PKS2312-505 "
370 , "WMAP5 J2322+4448" , 350.58542 , 44.75778 , "106.72" , "-15.3" , 1.31 , "Blazar Q-type" , 374 , 364 , 800 , 900 , 800 , 600 , 500 , 13.3046 , " "
371 , "WMAP5 J2322+5105" , 350.60792 , 50.96417 , "108.93" , "-9.48" , 1.279 , "Blazar Q-type" , 1305 , 1294 , 900 , 800 , 700 , 500 , "448" , 18.5605 , "GB6J2322+5057 "
372 , "WMAP5 J2327+0937" , 351.88958 , 9.66917 , "91.14" , "-47.96" , 1.843 , "Blazar Q-type" , 886 , 741 , 800 , 1200 , 1100 , 700 , "628" , 355.7417 , "PKS2325+093 "
373 , "WMAP5 J2329-4733" , 352.32375 , -47.50528 , "335.72" , "-64.06" , 1.299 , "Blazar Q-type" , 2206 , 0 , 1300 , 1000 , 1200 , 800 , 900 , 329.8933 , "PKS2326-477 "
374 , "WMAP5 J2330+3348" , 352.55667 , 33.80889 , "104.2" , "-26.1" , 1.809 , "Blazar Q-type" , 442 , 199 , 800 , 800 , 700 , 800 , "718" , 7.8011 , " "
375 , "WMAP5 J2330+1056" , 352.67 , 11.005 , "93.06" , "-47.13" , 1.489 , "Blazar Q-type" , 1194 , 1204 , 1000 , 1000 , 900 , 1000 , "897" , 356.9992 , "4C10.73 "
376 , "WMAP5 J2331-1558" , 352.91083 , -15.94917 , "59.99" , "-68.39" , 1.153 , "Blazar Q-type" , 1879 , 1335 , 1100 , 900 , 800 , 800 , 800 , 346.3501 , "PKS2329-16 "
377 , "WMAP5 J2333-2340" , 353.48 , -23.72778 , "39.63" , "-72.19" , 0.048 , "Misd. NT-AGN RGal-type" , 907 , 782 , 900 , 900 , 1000 , 1100 , 700 , 343.6025 , "PKS2331-240 "
378 , "WMAP5 J2334+0734" , 353.55333 , 7.60722 , "91.88" , "-50.55" , 0.401 , "Blazar Q-type" , 953 , 631 , 1100 , 1000 , 1000 , 1300 , "1166" , 356.4059 , "GB6J2334+0736 "
379 , "WMAP5 J2334-0129" , 353.835 , -1.51917 , "84.27" , "-58.56" , 1.184 , "Blazar Q-type" , 581 , 724 , 600 , 1100 , 1000 , 700 , "628" , 352.9715 , "PKS2332-017 "
380 , "WMAP5 J2335-5243" , 354.05042 , -52.60611 , "326.68" , "-60.92" , 0 , "Blazar Q-type" , 1588 , 0 , 1200 , 800 , 700 , 600 , "538" , 327.3141 , "PKS2333-528 "
381 , "WMAP5 J2346+0929" , 356.65333 , 9.5125 , "97.5" , "-50.13" , 0.677 , "Blazar Q-type" , 1344 , 1804 , 1200 , 1100 , 800 , 600 , "538" , 0.0829 , "4C09.74 "
382 , "WMAP5 J2348-1630" , 357.01083 , -16.52 , "65.54" , "-71.9" , 0.6 , "Blazar Q-type" , 2360 , 2641 , 1800 , 1800 , 1900 , 1500 , 1000 , 349.9301 , "PKS2345-16 "
383 , "WMAP5 J2348-4931" , 357.06 , -49.52833 , "327.18" , "-64.52" , 0 , "Unidentified " , 0 , 0 , 700 , 700 , 700 , 0 , "568" , 332.0956 , " "
384 , "WMAP5 J2349+3846" , 357.33458 , 38.82306 , "109.89" , "-22.47" , 1.032 , "Blazar Q-type" , 612 , 368 , 800 , 700 , 0 , 0 , "538" , 14.8364 , " "
385 , "WMAP5 J2354+4550" , 358.59042 , 45.88444 , "112.65" , "-15.85" , 1.992 , "Blazar Q-type" , 1127 , 1872 , 1600 , 1200 , 1200 , 1100 , 900 , 20.4786 , "4C45.51 "
386 , "WMAP5 J2354+8152" , 358.74708 , 81.88083 , "120.84" , "19.24" , 1.344 , "Blazar Unknown-type" , 0 , 0 , 800 , 800 , 700 , 1300 , "1166" , 69.4475 , " "
387 , "WMAP5 J2356+4953" , 358.78958 , 49.83556 , "113.7" , "-12.03" , 0.238 , "Misd. NT-AGN RGal-type" , 2306 , 2306 , 900 , 800 , 600 , 400 , "359" , 23.864 , "1Jy2352+495 "
388 , "WMAP5 J2357-5314" , 359.47167 , -53.18694 , "320.18" , "-62.12" , 1.006 , "Blazar Q-type" , 1782 , 0 , 1300 , 1100 , 1100 , 1100 , 800 , 330.8707 , "PKS2355-534 "
389 , "WMAP5 J2358-1014" , 359.545 , -10.33556 , "83.64" , "-69.04" , 1.639 , "Blazar Q-type" , 1618 , 768 , 1100 , 1300 , 1200 , 1200 , 900 , 354.7495 , "PKS2355-106 "
390 , "WMAP5 J2358-6050" , 359.69 , -60.88194 , "314.1" , "-55.1" , 0.096 , "Misd. NT-AGN RGal-type" , 4421 , 0 , 1900 , 1400 , 1200 , 1100 , "987" , 323.6478 , "PKS2356-61 "
